event_id,timestamp,gas,Q_m3s,V_m3,duct_length_m,duct_diameter_m,aux_fans,temp_C,humidity_pct,C0_ppm,t_min,Ct_ppm
0,2025-01-01T08:00:00,NOx,59.39887149322165,10416.296703007483,322.89457220493284,0.37713941964832687,2,33.222794039807056,72.16385831661722,137.36636083341486,5.0,44.60412867448089
0,2025-01-01T08:00:00,NOx,59.39887149322165,10416.296703007483,322.89457220493284,0.37713941964832687,2,33.222794039807056,72.16385831661722,137.36636083341486,13.846153846153847,5.364711650355216
0,2025-01-01T08:00:00,NOx,59.39887149322165,10416.296703007483,322.89457220493284,0.37713941964832687,2,33.222794039807056,72.16385831661722,137.36636083341486,22.692307692307693,0.6153194999538169
0,2025-01-01T08:00:00,NOx,59.39887149322165,10416.296703007483,322.89457220493284,0.37713941964832687,2,33.222794039807056,72.16385831661722,137.36636083341486,31.53846153846154,0.08087094954667085
0,2025-01-01T08:00:00,NOx,59.39887149322165,10416.296703007483,322.89457220493284,0.37713941964832687,2,33.222794039807056,72.16385831661722,137.36636083341486,40.38461538461539,0.05
0,2025-01-01T08:00:00,NOx,59.39887149322165,10416.296703007483,322.89457220493284,0.37713941964832687,2,,72.16385831661722,137.36636083341486,49.23076923076923,0.05
0,2025-01-01T08:00:00,NOx,59.39887149322165,10416.296703007483,322.89457220493284,0.37713941964832687,2,33.222794039807056,72.16385831661722,137.36636083341486,58.07692307692308,0.05
0,2025-01-01T08:00:00,NOx,59.39887149322165,10416.296703007483,322.89457220493284,0.37713941964832687,2,33.222794039807056,72.16385831661722,137.36636083341486,66.92307692307693,0.05
0,2025-01-01T08:00:00,NOx,59.39887149322165,10416.296703007483,322.89457220493284,0.37713941964832687,2,33.222794039807056,72.16385831661722,137.36636083341486,75.76923076923077,0.05
0,2025-01-01T08:00:00,NOx,59.39887149322165,10416.296703007483,322.89457220493284,0.37713941964832687,2,33.222794039807056,72.16385831661722,137.36636083341486,84.61538461538461,0.05
0,2025-01-01T08:00:00,NOx,59.39887149322165,10416.296703007483,322.89457220493284,0.37713941964832687,2,33.222794039807056,72.16385831661722,137.36636083341486,93.46153846153847,0.05
0,2025-01-01T08:00:00,NOx,59.39887149322165,10416.296703007483,322.89457220493284,0.37713941964832687,2,33.222794039807056,72.16385831661722,137.36636083341486,102.30769230769232,0.05
0,2025-01-01T08:00:00,NOx,59.39887149322165,10416.296703007483,322.89457220493284,0.37713941964832687,2,33.222794039807056,72.16385831661722,137.36636083341486,111.15384615384616,0.05
0,2025-01-01T08:00:00,NOx,59.39887149322165,10416.296703007483,322.89457220493284,0.37713941964832687,2,33.222794039807056,72.16385831661722,137.36636083341486,120.0,0.05
1,2025-01-01T14:00:00,NOx,33.020980448012494,6027.275241742783,48.39758163063608,0.45829081429118956,4,31.660979064849094,69.68572935446903,775.3073966499996,5.0,137.819354419327
1,2025-01-01T14:00:00,NOx,33.020980448012494,6027.275241742783,48.39758163063608,0.45829081429118956,4,31.660979064849094,69.68572935446903,775.3073966499996,13.846153846153847,8.202543733307662
1,2025-01-01T14:00:00,NOx,33.020980448012494,6027.275241742783,48.39758163063608,0.45829081429118956,4,,69.68572935446903,775.3073966499996,22.692307692307693,0.4519838128027519
1,2025-01-01T14:00:00,NOx,33.020980448012494,6027.275241742783,48.39758163063608,0.45829081429118956,4,31.660979064849094,69.68572935446903,775.3073966499996,31.53846153846154,0.05
1,2025-01-01T14:00:00,NOx,33.020980448012494,6027.275241742783,48.39758163063608,0.45829081429118956,4,31.660979064849094,69.68572935446903,775.3073966499996,40.38461538461539,0.05
1,2025-01-01T14:00:00,NOx,33.020980448012494,6027.275241742783,48.39758163063608,0.45829081429118956,4,31.660979064849094,69.68572935446903,775.3073966499996,49.23076923076923,0.05
1,2025-01-01T14:00:00,NOx,33.020980448012494,6027.275241742783,48.39758163063608,0.45829081429118956,4,31.660979064849094,69.68572935446903,775.3073966499996,58.07692307692308,0.05
1,2025-01-01T14:00:00,NOx,33.020980448012494,6027.275241742783,48.39758163063608,0.45829081429118956,4,31.660979064849094,69.68572935446903,775.3073966499996,66.92307692307693,0.05
1,2025-01-01T14:00:00,NOx,33.020980448012494,6027.275241742783,48.39758163063608,0.45829081429118956,4,31.660979064849094,69.68572935446903,775.3073966499996,75.76923076923077,
1,2025-01-01T14:00:00,NOx,33.020980448012494,6027.275241742783,48.39758163063608,0.45829081429118956,4,31.660979064849094,69.68572935446903,775.3073966499996,84.61538461538461,0.05
1,2025-01-01T14:00:00,NOx,33.020980448012494,6027.275241742783,48.39758163063608,0.45829081429118956,4,31.660979064849094,69.68572935446903,775.3073966499996,93.46153846153847,0.05
1,2025-01-01T14:00:00,NOx,33.020980448012494,6027.275241742783,48.39758163063608,0.45829081429118956,4,31.660979064849094,69.68572935446903,775.3073966499996,102.30769230769232,0.05
1,2025-01-01T14:00:00,NOx,33.020980448012494,6027.275241742783,48.39758163063608,0.45829081429118956,4,31.660979064849094,69.68572935446903,775.3073966499996,111.15384615384616,0.05
1,2025-01-01T14:00:00,NOx,33.020980448012494,6027.275241742783,48.39758163063608,0.45829081429118956,4,31.660979064849094,69.68572935446903,775.3073966499996,120.0,0.05
2,2025-01-01T20:00:00,CO,33.5900858673117,882.4574212112617,360.5082385508981,1.1475486563992434,2,33.614580620439355,52.534946532300395,472.24330892419925,5.0,0.05
2,2025-01-01T20:00:00,CO,33.5900858673117,882.4574212112617,360.5082385508981,1.1475486563992434,2,33.614580620439355,52.534946532300395,472.24330892419925,13.846153846153847,0.05
2,2025-01-01T20:00:00,CO,33.5900858673117,882.4574212112617,360.5082385508981,1.1475486563992434,2,33.614580620439355,52.534946532300395,472.24330892419925,22.692307692307693,0.05
2,2025-01-01T20:00:00,CO,33.5900858673117,882.4574212112617,360.5082385508981,1.1475486563992434,2,33.614580620439355,52.534946532300395,472.24330892419925,31.53846153846154,0.05
2,2025-01-01T20:00:00,CO,33.5900858673117,882.4574212112617,360.5082385508981,1.1475486563992434,2,33.614580620439355,52.534946532300395,472.24330892419925,40.38461538461539,0.05
2,2025-01-01T20:00:00,CO,33.5900858673117,882.4574212112617,360.5082385508981,1.1475486563992434,2,33.614580620439355,52.534946532300395,472.24330892419925,49.23076923076923,0.05
2,2025-01-01T20:00:00,CO,33.5900858673117,882.4574212112617,360.5082385508981,1.1475486563992434,2,33.614580620439355,52.534946532300395,472.24330892419925,58.07692307692308,0.05
2,2025-01-01T20:00:00,CO,33.5900858673117,882.4574212112617,360.5082385508981,1.1475486563992434,2,33.614580620439355,52.534946532300395,472.24330892419925,66.92307692307693,0.05
2,2025-01-01T20:00:00,CO,33.5900858673117,882.4574212112617,360.5082385508981,1.1475486563992434,2,33.614580620439355,52.534946532300395,472.24330892419925,75.76923076923077,0.05
2,2025-01-01T20:00:00,CO,33.5900858673117,882.4574212112617,360.5082385508981,1.1475486563992434,2,33.614580620439355,52.534946532300395,472.24330892419925,84.61538461538461,0.05
2,2025-01-01T20:00:00,CO,33.5900858673117,882.4574212112617,360.5082385508981,1.1475486563992434,2,33.614580620439355,52.534946532300395,472.24330892419925,93.46153846153847,0.05
2,2025-01-01T20:00:00,CO,33.5900858673117,882.4574212112617,360.5082385508981,1.1475486563992434,2,33.614580620439355,52.534946532300395,472.24330892419925,102.30769230769232,0.05
2,2025-01-01T20:00:00,CO,33.5900858673117,882.4574212112617,360.5082385508981,1.1475486563992434,2,33.614580620439355,52.534946532300395,472.24330892419925,111.15384615384616,0.05
2,2025-01-01T20:00:00,CO,33.5900858673117,882.4574212112617,360.5082385508981,1.1475486563992434,2,33.614580620439355,52.534946532300395,472.24330892419925,120.0,0.05
3,2025-01-02T02:00:00,CO,18.29669610241913,3951.4995906463614,153.3093782620071,1.1435872948813084,3,29.140643046825566,72.0338925463848,544.8782906488145,5.0,140.1615688482436
3,2025-01-02T02:00:00,CO,18.29669610241913,3951.4995906463614,153.3093782620071,1.1435872948813084,3,29.140643046825566,72.0338925463848,544.8782906488145,13.846153846153847,11.304422320766067
3,2025-01-02T02:00:00,CO,18.29669610241913,3951.4995906463614,153.3093782620071,1.1435872948813084,3,29.140643046825566,72.0338925463848,544.8782906488145,22.692307692307693,0.9936774391681878
3,2025-01-02T02:00:00,CO,18.29669610241913,3951.4995906463614,153.3093782620071,1.1435872948813084,3,29.140643046825566,72.0338925463848,544.8782906488145,31.53846153846154,0.0856464340194972
3,2025-01-02T02:00:00,CO,18.29669610241913,3951.4995906463614,153.3093782620071,1.1435872948813084,3,29.140643046825566,72.0338925463848,544.8782906488145,40.38461538461539,0.05
3,2025-01-02T02:00:00,CO,18.29669610241913,3951.4995906463614,153.3093782620071,1.1435872948813084,3,29.140643046825566,72.0338925463848,544.8782906488145,49.23076923076923,0.05
3,2025-01-02T02:00:00,CO,18.29669610241913,3951.4995906463614,153.3093782620071,1.1435872948813084,3,29.140643046825566,72.0338925463848,544.8782906488145,58.07692307692308,0.05
3,2025-01-02T02:00:00,CO,18.29669610241913,3951.4995906463614,153.3093782620071,1.1435872948813084,3,29.140643046825566,72.0338925463848,544.8782906488145,66.92307692307693,0.05
3,2025-01-02T02:00:00,CO,18.29669610241913,3951.4995906463614,153.3093782620071,1.1435872948813084,3,29.140643046825566,72.0338925463848,544.8782906488145,75.76923076923077,0.05
3,2025-01-02T02:00:00,CO,18.29669610241913,3951.4995906463614,153.3093782620071,1.1435872948813084,3,29.140643046825566,72.0338925463848,544.8782906488145,84.61538461538461,0.05
3,2025-01-02T02:00:00,CO,18.29669610241913,3951.4995906463614,153.3093782620071,1.1435872948813084,3,29.140643046825566,72.0338925463848,544.8782906488145,93.46153846153847,0.05
3,2025-01-02T02:00:00,CO,18.29669610241913,3951.4995906463614,153.3093782620071,1.1435872948813084,3,29.140643046825566,72.0338925463848,544.8782906488145,102.30769230769232,0.05
3,2025-01-02T02:00:00,CO,18.29669610241913,3951.4995906463614,153.3093782620071,1.1435872948813084,3,29.140643046825566,72.0338925463848,544.8782906488145,111.15384615384616,0.05
3,2025-01-02T02:00:00,CO,18.29669610241913,3951.4995906463614,153.3093782620071,1.1435872948813084,3,29.140643046825566,72.0338925463848,544.8782906488145,120.0,0.05
4,2025-01-02T08:00:00,CO,21.46619128613891,2121.6661037497715,433.9970191107961,1.4765839324552696,2,23.317399229190393,83.15058264086343,631.8506870140039,5.0,38.15059004787868
4,2025-01-02T08:00:00,CO,21.46619128613891,2121.6661037497715,433.9970191107961,1.4765839324552696,2,23.317399229190393,83.15058264086343,631.8506870140039,13.846153846153847,0.3080010796641793
4,2025-01-02T08:00:00,CO,21.46619128613891,2121.6661037497715,433.9970191107961,1.4765839324552696,2,23.317399229190393,83.15058264086343,631.8506870140039,22.692307692307693,0.05
4,2025-01-02T08:00:00,CO,21.46619128613891,2121.6661037497715,433.9970191107961,1.4765839324552696,2,23.317399229190393,83.15058264086343,631.8506870140039,31.53846153846154,0.05
4,2025-01-02T08:00:00,CO,21.46619128613891,2121.6661037497715,433.9970191107961,1.4765839324552696,2,23.317399229190393,83.15058264086343,631.8506870140039,40.38461538461539,0.05
4,2025-01-02T08:00:00,CO,21.46619128613891,2121.6661037497715,433.9970191107961,1.4765839324552696,2,23.317399229190393,83.15058264086343,631.8506870140039,49.23076923076923,0.05
4,2025-01-02T08:00:00,CO,21.46619128613891,2121.6661037497715,433.9970191107961,1.4765839324552696,2,23.317399229190393,83.15058264086343,631.8506870140039,58.07692307692308,0.05
4,2025-01-02T08:00:00,CO,21.46619128613891,2121.6661037497715,433.9970191107961,1.4765839324552696,2,23.317399229190393,83.15058264086343,631.8506870140039,66.92307692307693,0.05
4,2025-01-02T08:00:00,CO,21.46619128613891,2121.6661037497715,433.9970191107961,1.4765839324552696,2,23.317399229190393,83.15058264086343,631.8506870140039,75.76923076923077,0.05
4,2025-01-02T08:00:00,CO,21.46619128613891,2121.6661037497715,433.9970191107961,1.4765839324552696,2,23.317399229190393,83.15058264086343,631.8506870140039,84.61538461538461,0.05
4,2025-01-02T08:00:00,CO,21.46619128613891,2121.6661037497715,433.9970191107961,1.4765839324552696,2,23.317399229190393,83.15058264086343,631.8506870140039,93.46153846153847,0.05
4,2025-01-02T08:00:00,CO,21.46619128613891,2121.6661037497715,433.9970191107961,1.4765839324552696,2,23.317399229190393,83.15058264086343,631.8506870140039,102.30769230769232,0.05
4,2025-01-02T08:00:00,CO,21.46619128613891,2121.6661037497715,433.9970191107961,1.4765839324552696,2,23.317399229190393,83.15058264086343,631.8506870140039,111.15384615384616,0.05
4,2025-01-02T08:00:00,CO,21.46619128613891,2121.6661037497715,433.9970191107961,1.4765839324552696,2,23.317399229190393,83.15058264086343,631.8506870140039,120.0,0.05
5,2025-01-02T14:00:00,NOx,82.18343296792055,1745.776396766758,204.63910891165605,0.30617913471355485,3,27.87981638489038,44.79167273996712,149.83838353819564,5.0,0.05
5,2025-01-02T14:00:00,NOx,82.18343296792055,1745.776396766758,204.63910891165605,0.30617913471355485,3,27.87981638489038,44.79167273996712,149.83838353819564,13.846153846153847,0.05
5,2025-01-02T14:00:00,NOx,82.18343296792055,1745.776396766758,204.63910891165605,0.30617913471355485,3,27.87981638489038,,149.83838353819564,22.692307692307693,0.05
5,2025-01-02T14:00:00,NOx,82.18343296792055,1745.776396766758,204.63910891165605,0.30617913471355485,3,27.87981638489038,44.79167273996712,149.83838353819564,31.53846153846154,0.05
5,2025-01-02T14:00:00,NOx,82.18343296792055,1745.776396766758,204.63910891165605,0.30617913471355485,3,27.87981638489038,44.79167273996712,149.83838353819564,40.38461538461539,0.05
5,2025-01-02T14:00:00,NOx,82.18343296792055,1745.776396766758,204.63910891165605,0.30617913471355485,3,27.87981638489038,44.79167273996712,149.83838353819564,49.23076923076923,0.05
5,2025-01-02T14:00:00,NOx,82.18343296792055,1745.776396766758,204.63910891165605,0.30617913471355485,3,27.87981638489038,44.79167273996712,149.83838353819564,58.07692307692308,0.05
5,2025-01-02T14:00:00,NOx,82.18343296792055,1745.776396766758,204.63910891165605,0.30617913471355485,3,27.87981638489038,44.79167273996712,149.83838353819564,66.92307692307693,0.05
5,2025-01-02T14:00:00,NOx,82.18343296792055,1745.776396766758,204.63910891165605,0.30617913471355485,3,27.87981638489038,44.79167273996712,149.83838353819564,75.76923076923077,0.05
5,2025-01-02T14:00:00,NOx,82.18343296792055,1745.776396766758,204.63910891165605,0.30617913471355485,3,27.87981638489038,44.79167273996712,149.83838353819564,84.61538461538461,0.05
5,2025-01-02T14:00:00,NOx,82.18343296792055,1745.776396766758,204.63910891165605,0.30617913471355485,3,27.87981638489038,,149.83838353819564,93.46153846153847,0.05
5,2025-01-02T14:00:00,NOx,82.18343296792055,1745.776396766758,204.63910891165605,0.30617913471355485,3,27.87981638489038,44.79167273996712,149.83838353819564,102.30769230769232,0.05
5,2025-01-02T14:00:00,NOx,82.18343296792055,1745.776396766758,204.63910891165605,0.30617913471355485,3,27.87981638489038,44.79167273996712,149.83838353819564,111.15384615384616,0.05
5,2025-01-02T14:00:00,NOx,82.18343296792055,1745.776396766758,204.63910891165605,0.30617913471355485,3,27.87981638489038,44.79167273996712,149.83838353819564,120.0,0.05
6,2025-01-02T20:00:00,NOx,63.13685531415101,3790.127426629208,169.25897888387192,0.952907743336576,4,18.43224159760661,74.57751545166147,721.0821865982227,5.0,3.704383315248014
6,2025-01-02T20:00:00,NOx,63.13685531415101,3790.127426629208,169.25897888387192,,4,18.43224159760661,74.57751545166147,721.0821865982227,13.846153846153847,0.05
6,2025-01-02T20:00:00,NOx,63.13685531415101,3790.127426629208,169.25897888387192,0.952907743336576,4,18.43224159760661,74.57751545166147,721.0821865982227,22.692307692307693,0.05
6,2025-01-02T20:00:00,NOx,63.13685531415101,3790.127426629208,169.25897888387192,0.952907743336576,4,18.43224159760661,74.57751545166147,721.0821865982227,31.53846153846154,0.05
6,2025-01-02T20:00:00,NOx,63.13685531415101,3790.127426629208,169.25897888387192,0.952907743336576,4,18.43224159760661,74.57751545166147,721.0821865982227,40.38461538461539,0.05
6,2025-01-02T20:00:00,NOx,63.13685531415101,3790.127426629208,169.25897888387192,0.952907743336576,4,18.43224159760661,74.57751545166147,721.0821865982227,49.23076923076923,0.05
6,2025-01-02T20:00:00,NOx,63.13685531415101,3790.127426629208,169.25897888387192,0.952907743336576,4,18.43224159760661,74.57751545166147,721.0821865982227,58.07692307692308,0.05
6,2025-01-02T20:00:00,NOx,63.13685531415101,3790.127426629208,169.25897888387192,0.952907743336576,4,18.43224159760661,74.57751545166147,721.0821865982227,66.92307692307693,0.05
6,2025-01-02T20:00:00,NOx,63.13685531415101,3790.127426629208,169.25897888387192,0.952907743336576,4,18.43224159760661,74.57751545166147,721.0821865982227,75.76923076923077,
6,2025-01-02T20:00:00,NOx,63.13685531415101,3790.127426629208,169.25897888387192,0.952907743336576,4,18.43224159760661,74.57751545166147,721.0821865982227,84.61538461538461,0.05
6,2025-01-02T20:00:00,NOx,63.13685531415101,3790.127426629208,169.25897888387192,0.952907743336576,4,18.43224159760661,74.57751545166147,721.0821865982227,93.46153846153847,0.05
6,2025-01-02T20:00:00,NOx,63.13685531415101,3790.127426629208,169.25897888387192,0.952907743336576,4,18.43224159760661,74.57751545166147,721.0821865982227,102.30769230769232,0.05
6,2025-01-02T20:00:00,NOx,63.13685531415101,3790.127426629208,169.25897888387192,0.952907743336576,4,18.43224159760661,74.57751545166147,721.0821865982227,111.15384615384616,0.05
6,2025-01-02T20:00:00,NOx,63.13685531415101,3790.127426629208,169.25897888387192,0.952907743336576,4,18.43224159760661,74.57751545166147,721.0821865982227,120.0,0.05
7,2025-01-03T02:00:00,CO,114.91313466753246,4058.2797871693288,246.3239942773201,0.5955528722662637,2,36.72087140097926,34.87646905492109,74.13207073817003,5.0,0.1280024320387908
7,2025-01-03T02:00:00,CO,114.91313466753246,4058.2797871693288,246.3239942773201,0.5955528722662637,2,36.72087140097926,34.87646905492109,74.13207073817003,13.846153846153847,0.05
7,2025-01-03T02:00:00,CO,114.91313466753246,4058.2797871693288,246.3239942773201,0.5955528722662637,2,36.72087140097926,34.87646905492109,74.13207073817003,22.692307692307693,0.05
7,2025-01-03T02:00:00,CO,114.91313466753246,4058.2797871693288,246.3239942773201,0.5955528722662637,2,36.72087140097926,34.87646905492109,74.13207073817003,31.53846153846154,0.05
7,2025-01-03T02:00:00,CO,114.91313466753246,4058.2797871693288,246.3239942773201,0.5955528722662637,2,36.72087140097926,34.87646905492109,74.13207073817003,40.38461538461539,0.05
7,2025-01-03T02:00:00,CO,114.91313466753246,4058.2797871693288,246.3239942773201,0.5955528722662637,2,36.72087140097926,34.87646905492109,74.13207073817003,49.23076923076923,0.05
7,2025-01-03T02:00:00,CO,114.91313466753246,4058.2797871693288,246.3239942773201,0.5955528722662637,2,36.72087140097926,34.87646905492109,74.13207073817003,58.07692307692308,0.05
7,2025-01-03T02:00:00,CO,114.91313466753246,4058.2797871693288,246.3239942773201,0.5955528722662637,2,36.72087140097926,34.87646905492109,74.13207073817003,66.92307692307693,0.05
7,2025-01-03T02:00:00,CO,114.91313466753246,4058.2797871693288,246.3239942773201,0.5955528722662637,2,36.72087140097926,34.87646905492109,74.13207073817003,75.76923076923077,0.05
7,2025-01-03T02:00:00,CO,114.91313466753246,4058.2797871693288,246.3239942773201,0.5955528722662637,2,36.72087140097926,34.87646905492109,74.13207073817003,84.61538461538461,0.05
7,2025-01-03T02:00:00,CO,114.91313466753246,4058.2797871693288,246.3239942773201,0.5955528722662637,2,36.72087140097926,34.87646905492109,74.13207073817003,93.46153846153847,0.05
7,2025-01-03T02:00:00,CO,114.91313466753246,4058.2797871693288,246.3239942773201,0.5955528722662637,2,36.72087140097926,34.87646905492109,74.13207073817003,102.30769230769232,0.05
7,2025-01-03T02:00:00,CO,114.91313466753246,4058.2797871693288,246.3239942773201,0.5955528722662637,2,36.72087140097926,34.87646905492109,74.13207073817003,111.15384615384616,0.05
7,2025-01-03T02:00:00,CO,114.91313466753246,4058.2797871693288,246.3239942773201,0.5955528722662637,2,36.72087140097926,34.87646905492109,74.13207073817003,120.0,0.05
8,2025-01-03T08:00:00,CO,25.25785670044049,10108.46192779895,94.3794129822875,0.49201221601294776,1,35.49124081674929,36.786079942874395,275.84599140407204,5.0,136.97276843099007
8,2025-01-03T08:00:00,CO,25.25785670044049,10108.46192779895,94.3794129822875,0.49201221601294776,1,35.49124081674929,36.786079942874395,275.84599140407204,13.846153846153847,42.40472834828972
8,2025-01-03T08:00:00,CO,25.25785670044049,10108.46192779895,94.3794129822875,0.49201221601294776,1,35.49124081674929,36.786079942874395,275.84599140407204,22.692307692307693,12.699165212300272
8,2025-01-03T08:00:00,CO,25.25785670044049,10108.46192779895,94.3794129822875,0.49201221601294776,1,35.49124081674929,36.786079942874395,275.84599140407204,31.53846153846154,3.9561341219866244
8,2025-01-03T08:00:00,CO,25.25785670044049,10108.46192779895,94.3794129822875,0.49201221601294776,1,35.49124081674929,36.786079942874395,275.84599140407204,40.38461538461539,1.2713904979108093
8,2025-01-03T08:00:00,CO,25.25785670044049,10108.46192779895,94.3794129822875,0.49201221601294776,1,35.49124081674929,36.786079942874395,275.84599140407204,49.23076923076923,0.3563947261840455
8,2025-01-03T08:00:00,CO,25.25785670044049,10108.46192779895,94.3794129822875,0.49201221601294776,1,35.49124081674929,36.786079942874395,275.84599140407204,58.07692307692308,0.11131356758160697
8,2025-01-03T08:00:00,CO,25.25785670044049,10108.46192779895,94.3794129822875,0.49201221601294776,1,35.49124081674929,36.786079942874395,275.84599140407204,66.92307692307693,0.05
8,2025-01-03T08:00:00,CO,25.25785670044049,10108.46192779895,94.3794129822875,0.49201221601294776,1,35.49124081674929,36.786079942874395,275.84599140407204,75.76923076923077,0.05
8,2025-01-03T08:00:00,CO,25.25785670044049,10108.46192779895,94.3794129822875,0.49201221601294776,1,35.49124081674929,36.786079942874395,275.84599140407204,84.61538461538461,0.05
8,2025-01-03T08:00:00,CO,25.25785670044049,10108.46192779895,94.3794129822875,0.49201221601294776,1,35.49124081674929,36.786079942874395,275.84599140407204,93.46153846153847,0.05
8,2025-01-03T08:00:00,CO,25.25785670044049,10108.46192779895,94.3794129822875,0.49201221601294776,1,35.49124081674929,36.786079942874395,275.84599140407204,102.30769230769232,0.05
8,2025-01-03T08:00:00,CO,25.25785670044049,10108.46192779895,94.3794129822875,0.49201221601294776,1,35.49124081674929,36.786079942874395,275.84599140407204,111.15384615384616,0.05
8,2025-01-03T08:00:00,CO,25.25785670044049,10108.46192779895,94.3794129822875,0.49201221601294776,1,35.49124081674929,36.786079942874395,275.84599140407204,120.0,0.05
9,2025-01-03T14:00:00,NOx,26.15423716818983,2186.0426008838594,419.5762714227332,0.78673056166367,2,24.018973835618795,54.315042721092,543.7768017003227,5.0,22.70599427014025
9,2025-01-03T14:00:00,NOx,26.15423716818983,2186.0426008838594,419.5762714227332,0.78673056166367,2,24.018973835618795,54.315042721092,543.7768017003227,13.846153846153847,0.08052950303548762
9,2025-01-03T14:00:00,NOx,26.15423716818983,2186.0426008838594,419.5762714227332,0.78673056166367,2,24.018973835618795,54.315042721092,543.7768017003227,22.692307692307693,0.05
9,2025-01-03T14:00:00,NOx,26.15423716818983,2186.0426008838594,419.5762714227332,0.78673056166367,2,,54.315042721092,543.7768017003227,31.53846153846154,0.05
9,2025-01-03T14:00:00,NOx,26.15423716818983,2186.0426008838594,419.5762714227332,0.78673056166367,2,24.018973835618795,54.315042721092,543.7768017003227,40.38461538461539,0.05
9,2025-01-03T14:00:00,NOx,26.15423716818983,2186.0426008838594,419.5762714227332,0.78673056166367,2,24.018973835618795,54.315042721092,543.7768017003227,49.23076923076923,0.05
9,2025-01-03T14:00:00,NOx,26.15423716818983,2186.0426008838594,419.5762714227332,0.78673056166367,2,24.018973835618795,54.315042721092,543.7768017003227,58.07692307692308,0.05
9,2025-01-03T14:00:00,NOx,26.15423716818983,2186.0426008838594,419.5762714227332,0.78673056166367,2,24.018973835618795,54.315042721092,543.7768017003227,66.92307692307693,0.05
9,2025-01-03T14:00:00,NOx,26.15423716818983,2186.0426008838594,419.5762714227332,0.78673056166367,2,24.018973835618795,54.315042721092,543.7768017003227,75.76923076923077,0.05
9,2025-01-03T14:00:00,NOx,26.15423716818983,2186.0426008838594,419.5762714227332,0.78673056166367,2,24.018973835618795,54.315042721092,543.7768017003227,84.61538461538461,0.05
9,2025-01-03T14:00:00,NOx,26.15423716818983,2186.0426008838594,419.5762714227332,0.78673056166367,2,24.018973835618795,54.315042721092,543.7768017003227,93.46153846153847,0.05
9,2025-01-03T14:00:00,NOx,26.15423716818983,2186.0426008838594,419.5762714227332,0.78673056166367,2,24.018973835618795,54.315042721092,543.7768017003227,102.30769230769232,0.05
9,2025-01-03T14:00:00,NOx,26.15423716818983,2186.0426008838594,419.5762714227332,0.78673056166367,2,24.018973835618795,54.315042721092,543.7768017003227,111.15384615384616,0.05
9,2025-01-03T14:00:00,NOx,26.15423716818983,2186.0426008838594,419.5762714227332,0.78673056166367,2,24.018973835618795,54.315042721092,543.7768017003227,120.0,0.05
10,2025-01-03T20:00:00,CO,23.787551650699374,10089.600486686648,364.66317709656795,0.5640650016546855,1,30.120316414000218,77.06433722656067,498.3614395774315,5.0,294.5767142121936
10,2025-01-03T20:00:00,CO,23.787551650699374,10089.600486686648,364.66317709656795,0.5640650016546855,1,30.120316414000218,77.06433722656067,498.3614395774315,13.846153846153847,134.1954056875739
10,2025-01-03T20:00:00,CO,23.787551650699374,10089.600486686648,364.66317709656795,0.5640650016546855,1,30.120316414000218,77.06433722656067,498.3614395774315,22.692307692307693,52.399767447256025
10,2025-01-03T20:00:00,CO,23.787551650699374,10089.600486686648,364.66317709656795,0.5640650016546855,1,30.120316414000218,77.06433722656067,498.3614395774315,31.53846153846154,23.18707271877198
10,2025-01-03T20:00:00,CO,23.787551650699374,10089.600486686648,364.66317709656795,0.5640650016546855,1,,77.06433722656067,498.3614395774315,40.38461538461539,12.44534978539323
10,2025-01-03T20:00:00,CO,23.787551650699374,10089.600486686648,364.66317709656795,0.5640650016546855,1,30.120316414000218,77.06433722656067,498.3614395774315,49.23076923076923,
10,2025-01-03T20:00:00,CO,23.787551650699374,10089.600486686648,364.66317709656795,0.5640650016546855,1,30.120316414000218,77.06433722656067,498.3614395774315,58.07692307692308,1.942182243081949
10,2025-01-03T20:00:00,CO,23.787551650699374,10089.600486686648,364.66317709656795,0.5640650016546855,1,30.120316414000218,77.06433722656067,498.3614395774315,66.92307692307693,1.0018229127600455
10,2025-01-03T20:00:00,CO,23.787551650699374,10089.600486686648,364.66317709656795,0.5640650016546855,1,30.120316414000218,77.06433722656067,498.3614395774315,75.76923076923077,0.45993345911746647
10,2025-01-03T20:00:00,CO,23.787551650699374,10089.600486686648,364.66317709656795,0.5640650016546855,1,30.120316414000218,77.06433722656067,498.3614395774315,84.61538461538461,0.15804858000572578
10,2025-01-03T20:00:00,CO,23.787551650699374,10089.600486686648,364.66317709656795,0.5640650016546855,1,30.120316414000218,77.06433722656067,498.3614395774315,93.46153846153847,0.07215595317272777
10,2025-01-03T20:00:00,CO,23.787551650699374,10089.600486686648,364.66317709656795,0.5640650016546855,1,30.120316414000218,77.06433722656067,498.3614395774315,102.30769230769232,0.05
10,2025-01-03T20:00:00,CO,23.787551650699374,10089.600486686648,364.66317709656795,0.5640650016546855,1,,77.06433722656067,498.3614395774315,111.15384615384616,0.05
10,2025-01-03T20:00:00,CO,23.787551650699374,10089.600486686648,364.66317709656795,0.5640650016546855,1,30.120316414000218,77.06433722656067,498.3614395774315,120.0,0.05
11,2025-01-04T02:00:00,CO,111.46481102864462,2653.9552946351155,149.58243458193294,0.45737808350927917,2,20.309801273307098,26.268880980186402,82.10051096483768,5.0,0.05
11,2025-01-04T02:00:00,CO,111.46481102864462,2653.9552946351155,149.58243458193294,0.45737808350927917,2,20.309801273307098,26.268880980186402,82.10051096483768,13.846153846153847,0.05
11,2025-01-04T02:00:00,CO,111.46481102864462,2653.9552946351155,149.58243458193294,0.45737808350927917,2,20.309801273307098,26.268880980186402,82.10051096483768,22.692307692307693,0.05
11,2025-01-04T02:00:00,CO,111.46481102864462,2653.9552946351155,149.58243458193294,0.45737808350927917,2,20.309801273307098,26.268880980186402,82.10051096483768,31.53846153846154,0.05
11,2025-01-04T02:00:00,CO,111.46481102864462,2653.9552946351155,149.58243458193294,0.45737808350927917,2,20.309801273307098,26.268880980186402,82.10051096483768,40.38461538461539,0.05
11,2025-01-04T02:00:00,CO,111.46481102864462,2653.9552946351155,149.58243458193294,0.45737808350927917,2,20.309801273307098,26.268880980186402,82.10051096483768,49.23076923076923,0.05
11,2025-01-04T02:00:00,CO,111.46481102864462,2653.9552946351155,149.58243458193294,0.45737808350927917,2,20.309801273307098,26.268880980186402,82.10051096483768,58.07692307692308,0.05
11,2025-01-04T02:00:00,CO,111.46481102864462,2653.9552946351155,149.58243458193294,0.45737808350927917,2,20.309801273307098,26.268880980186402,82.10051096483768,66.92307692307693,0.05
11,2025-01-04T02:00:00,CO,111.46481102864462,2653.9552946351155,149.58243458193294,0.45737808350927917,2,20.309801273307098,26.268880980186402,82.10051096483768,75.76923076923077,0.05
11,2025-01-04T02:00:00,CO,111.46481102864462,2653.9552946351155,149.58243458193294,0.45737808350927917,2,20.309801273307098,26.268880980186402,82.10051096483768,84.61538461538461,0.05
11,2025-01-04T02:00:00,CO,111.46481102864462,2653.9552946351155,149.58243458193294,0.45737808350927917,2,20.309801273307098,26.268880980186402,82.10051096483768,93.46153846153847,0.05
11,2025-01-04T02:00:00,CO,111.46481102864462,2653.9552946351155,149.58243458193294,,2,20.309801273307098,26.268880980186402,82.10051096483768,102.30769230769232,0.05
11,2025-01-04T02:00:00,CO,111.46481102864462,2653.9552946351155,149.58243458193294,0.45737808350927917,2,20.309801273307098,26.268880980186402,82.10051096483768,111.15384615384616,0.05
11,2025-01-04T02:00:00,CO,111.46481102864462,2653.9552946351155,149.58243458193294,0.45737808350927917,2,20.309801273307098,26.268880980186402,82.10051096483768,120.0,0.05
12,2025-01-04T08:00:00,CO,68.56531846150483,1938.725312521619,380.0525925911951,0.32014851972789077,2,19.98226283159751,75.61449709586518,726.016389384989,5.0,0.7530345138591314
12,2025-01-04T08:00:00,CO,68.56531846150483,1938.725312521619,380.0525925911951,0.32014851972789077,2,19.98226283159751,75.61449709586518,726.016389384989,13.846153846153847,0.05
12,2025-01-04T08:00:00,CO,68.56531846150483,1938.725312521619,380.0525925911951,0.32014851972789077,2,19.98226283159751,75.61449709586518,726.016389384989,22.692307692307693,0.05
12,2025-01-04T08:00:00,CO,68.56531846150483,1938.725312521619,380.0525925911951,0.32014851972789077,2,19.98226283159751,75.61449709586518,726.016389384989,31.53846153846154,0.05
12,2025-01-04T08:00:00,CO,68.56531846150483,1938.725312521619,380.0525925911951,0.32014851972789077,2,19.98226283159751,75.61449709586518,726.016389384989,40.38461538461539,0.05
12,2025-01-04T08:00:00,CO,68.56531846150483,1938.725312521619,380.0525925911951,0.32014851972789077,2,19.98226283159751,75.61449709586518,726.016389384989,49.23076923076923,0.05
12,2025-01-04T08:00:00,CO,68.56531846150483,1938.725312521619,380.0525925911951,0.32014851972789077,2,19.98226283159751,75.61449709586518,726.016389384989,58.07692307692308,0.05
12,2025-01-04T08:00:00,CO,68.56531846150483,1938.725312521619,380.0525925911951,0.32014851972789077,2,19.98226283159751,75.61449709586518,726.016389384989,66.92307692307693,0.05
12,2025-01-04T08:00:00,CO,68.56531846150483,1938.725312521619,380.0525925911951,0.32014851972789077,2,19.98226283159751,75.61449709586518,726.016389384989,75.76923076923077,0.05
12,2025-01-04T08:00:00,CO,68.56531846150483,1938.725312521619,380.0525925911951,0.32014851972789077,2,19.98226283159751,75.61449709586518,726.016389384989,84.61538461538461,0.05
12,2025-01-04T08:00:00,CO,68.56531846150483,1938.725312521619,380.0525925911951,0.32014851972789077,2,19.98226283159751,75.61449709586518,726.016389384989,93.46153846153847,0.05
12,2025-01-04T08:00:00,CO,68.56531846150483,1938.725312521619,380.0525925911951,0.32014851972789077,2,19.98226283159751,75.61449709586518,726.016389384989,102.30769230769232,0.05
12,2025-01-04T08:00:00,CO,68.56531846150483,1938.725312521619,380.0525925911951,0.32014851972789077,2,19.98226283159751,75.61449709586518,726.016389384989,111.15384615384616,0.05
12,2025-01-04T08:00:00,CO,68.56531846150483,1938.725312521619,380.0525925911951,0.32014851972789077,2,19.98226283159751,75.61449709586518,726.016389384989,120.0,0.05
13,2025-01-04T14:00:00,CO,37.11755357711836,4916.132273289434,183.8848289270239,0.6921190119569365,4,25.58928159453858,66.14460072735673,265.62612067417683,5.0,21.990887030668066
13,2025-01-04T14:00:00,CO,37.11755357711836,4916.132273289434,183.8848289270239,0.6921190119569365,4,25.58928159453858,66.14460072735673,265.62612067417683,13.846153846153847,0.2688465189731052
13,2025-01-04T14:00:00,CO,37.11755357711836,4916.132273289434,183.8848289270239,0.6921190119569365,4,25.58928159453858,66.14460072735673,265.62612067417683,22.692307692307693,0.05
13,2025-01-04T14:00:00,CO,37.11755357711836,4916.132273289434,183.8848289270239,0.6921190119569365,4,25.58928159453858,66.14460072735673,265.62612067417683,31.53846153846154,0.05
13,2025-01-04T14:00:00,CO,37.11755357711836,4916.132273289434,183.8848289270239,0.6921190119569365,4,25.58928159453858,66.14460072735673,265.62612067417683,40.38461538461539,0.05
13,2025-01-04T14:00:00,CO,37.11755357711836,4916.132273289434,183.8848289270239,0.6921190119569365,4,25.58928159453858,66.14460072735673,265.62612067417683,49.23076923076923,0.05
13,2025-01-04T14:00:00,CO,37.11755357711836,4916.132273289434,183.8848289270239,0.6921190119569365,4,25.58928159453858,66.14460072735673,265.62612067417683,58.07692307692308,0.05
13,2025-01-04T14:00:00,CO,37.11755357711836,4916.132273289434,183.8848289270239,0.6921190119569365,4,25.58928159453858,66.14460072735673,265.62612067417683,66.92307692307693,0.05
13,2025-01-04T14:00:00,CO,37.11755357711836,4916.132273289434,183.8848289270239,0.6921190119569365,4,25.58928159453858,66.14460072735673,265.62612067417683,75.76923076923077,0.05
13,2025-01-04T14:00:00,CO,37.11755357711836,4916.132273289434,183.8848289270239,0.6921190119569365,4,25.58928159453858,66.14460072735673,265.62612067417683,84.61538461538461,0.05
13,2025-01-04T14:00:00,CO,37.11755357711836,4916.132273289434,183.8848289270239,0.6921190119569365,4,25.58928159453858,66.14460072735673,265.62612067417683,93.46153846153847,0.05
13,2025-01-04T14:00:00,CO,37.11755357711836,4916.132273289434,183.8848289270239,0.6921190119569365,4,25.58928159453858,66.14460072735673,265.62612067417683,102.30769230769232,0.05
13,2025-01-04T14:00:00,CO,37.11755357711836,4916.132273289434,183.8848289270239,0.6921190119569365,4,25.58928159453858,66.14460072735673,265.62612067417683,111.15384615384616,0.05
13,2025-01-04T14:00:00,CO,37.11755357711836,4916.132273289434,183.8848289270239,0.6921190119569365,4,25.58928159453858,66.14460072735673,265.62612067417683,120.0,0.05
14,2025-01-04T20:00:00,NOx,22.270340808832938,8928.015036639981,65.4871519058785,1.5135187606458451,3,37.17760491818161,73.05305056510579,491.1983233944291,5.0,195.32476397417392
14,2025-01-04T20:00:00,NOx,22.270340808832938,8928.015036639981,65.4871519058785,1.5135187606458451,3,37.17760491818161,73.05305056510579,491.1983233944291,13.846153846153847,41.17654967482062
14,2025-01-04T20:00:00,NOx,22.270340808832938,8928.015036639981,65.4871519058785,1.5135187606458451,3,37.17760491818161,73.05305056510579,491.1983233944291,22.692307692307693,9.730887684838608
14,2025-01-04T20:00:00,NOx,22.270340808832938,8928.015036639981,65.4871519058785,1.5135187606458451,3,37.17760491818161,73.05305056510579,491.1983233944291,31.53846153846154,1.897496599291741
14,2025-01-04T20:00:00,NOx,22.270340808832938,8928.015036639981,65.4871519058785,1.5135187606458451,3,37.17760491818161,73.05305056510579,491.1983233944291,40.38461538461539,0.4308408623966898
14,2025-01-04T20:00:00,NOx,22.270340808832938,8928.015036639981,65.4871519058785,1.5135187606458451,3,37.17760491818161,73.05305056510579,491.1983233944291,49.23076923076923,0.10107081620304136
14,2025-01-04T20:00:00,NOx,22.270340808832938,8928.015036639981,65.4871519058785,1.5135187606458451,3,37.17760491818161,73.05305056510579,491.1983233944291,58.07692307692308,0.05
14,2025-01-04T20:00:00,NOx,22.270340808832938,8928.015036639981,65.4871519058785,1.5135187606458451,3,37.17760491818161,73.05305056510579,491.1983233944291,66.92307692307693,0.05
14,2025-01-04T20:00:00,NOx,22.270340808832938,8928.015036639981,65.4871519058785,1.5135187606458451,3,37.17760491818161,73.05305056510579,491.1983233944291,75.76923076923077,0.05
14,2025-01-04T20:00:00,NOx,22.270340808832938,8928.015036639981,65.4871519058785,1.5135187606458451,3,37.17760491818161,73.05305056510579,491.1983233944291,84.61538461538461,0.05
14,2025-01-04T20:00:00,NOx,22.270340808832938,8928.015036639981,65.4871519058785,1.5135187606458451,3,37.17760491818161,,491.1983233944291,93.46153846153847,0.05
14,2025-01-04T20:00:00,NOx,22.270340808832938,8928.015036639981,65.4871519058785,1.5135187606458451,3,37.17760491818161,73.05305056510579,491.1983233944291,102.30769230769232,0.05
14,2025-01-04T20:00:00,NOx,22.270340808832938,8928.015036639981,65.4871519058785,1.5135187606458451,3,37.17760491818161,73.05305056510579,491.1983233944291,111.15384615384616,0.05
14,2025-01-04T20:00:00,NOx,22.270340808832938,8928.015036639981,65.4871519058785,1.5135187606458451,3,37.17760491818161,73.05305056510579,491.1983233944291,120.0,0.05
15,2025-01-05T02:00:00,SO2,24.931227558121265,2111.5599380812378,66.83778500252274,1.1381154348047127,0,26.37216601580759,71.45928496851059,550.1358741145305,5.0,17.62394047635874
15,2025-01-05T02:00:00,SO2,24.931227558121265,2111.5599380812378,66.83778500252274,1.1381154348047127,0,26.37216601580759,71.45928496851059,550.1358741145305,13.846153846153847,0.05
15,2025-01-05T02:00:00,SO2,24.931227558121265,2111.5599380812378,66.83778500252274,,0,26.37216601580759,71.45928496851059,550.1358741145305,22.692307692307693,0.05
15,2025-01-05T02:00:00,SO2,24.931227558121265,2111.5599380812378,66.83778500252274,1.1381154348047127,0,26.37216601580759,71.45928496851059,550.1358741145305,31.53846153846154,0.05
15,2025-01-05T02:00:00,SO2,24.931227558121265,2111.5599380812378,66.83778500252274,1.1381154348047127,0,26.37216601580759,71.45928496851059,550.1358741145305,40.38461538461539,0.05
15,2025-01-05T02:00:00,SO2,24.931227558121265,2111.5599380812378,66.83778500252274,1.1381154348047127,0,26.37216601580759,71.45928496851059,550.1358741145305,49.23076923076923,0.05
15,2025-01-05T02:00:00,SO2,24.931227558121265,2111.5599380812378,66.83778500252274,1.1381154348047127,0,26.37216601580759,71.45928496851059,550.1358741145305,58.07692307692308,0.05
15,2025-01-05T02:00:00,SO2,24.931227558121265,2111.5599380812378,66.83778500252274,1.1381154348047127,0,26.37216601580759,71.45928496851059,550.1358741145305,66.92307692307693,0.05
15,2025-01-05T02:00:00,SO2,24.931227558121265,2111.5599380812378,66.83778500252274,1.1381154348047127,0,26.37216601580759,71.45928496851059,550.1358741145305,75.76923076923077,0.05
15,2025-01-05T02:00:00,SO2,24.931227558121265,2111.5599380812378,66.83778500252274,1.1381154348047127,0,26.37216601580759,,550.1358741145305,84.61538461538461,0.05
15,2025-01-05T02:00:00,SO2,24.931227558121265,2111.5599380812378,66.83778500252274,1.1381154348047127,0,26.37216601580759,71.45928496851059,550.1358741145305,93.46153846153847,0.05
15,2025-01-05T02:00:00,SO2,24.931227558121265,2111.5599380812378,66.83778500252274,1.1381154348047127,0,26.37216601580759,71.45928496851059,550.1358741145305,102.30769230769232,0.05
15,2025-01-05T02:00:00,SO2,24.931227558121265,2111.5599380812378,66.83778500252274,1.1381154348047127,0,26.37216601580759,71.45928496851059,550.1358741145305,111.15384615384616,0.05
15,2025-01-05T02:00:00,SO2,24.931227558121265,2111.5599380812378,66.83778500252274,1.1381154348047127,0,26.37216601580759,71.45928496851059,550.1358741145305,120.0,0.05
16,2025-01-05T08:00:00,NOx,52.64682313592923,11850.273303152408,331.45929912153025,1.5341127910051855,2,35.01067358381565,63.22443303947245,132.66047553468556,5.0,32.26472413838037
16,2025-01-05T08:00:00,NOx,52.64682313592923,11850.273303152408,331.45929912153025,1.5341127910051855,2,35.01067358381565,63.22443303947245,132.66047553468556,13.846153846153847,2.9579535181381353
16,2025-01-05T08:00:00,NOx,52.64682313592923,11850.273303152408,331.45929912153025,1.5341127910051855,2,35.01067358381565,63.22443303947245,132.66047553468556,22.692307692307693,0.2837001603520882
16,2025-01-05T08:00:00,NOx,52.64682313592923,11850.273303152408,331.45929912153025,1.5341127910051855,2,35.01067358381565,63.22443303947245,132.66047553468556,31.53846153846154,0.05
16,2025-01-05T08:00:00,NOx,52.64682313592923,11850.273303152408,331.45929912153025,1.5341127910051855,2,35.01067358381565,63.22443303947245,132.66047553468556,40.38461538461539,0.05
16,2025-01-05T08:00:00,NOx,52.64682313592923,11850.273303152408,331.45929912153025,1.5341127910051855,2,35.01067358381565,,132.66047553468556,49.23076923076923,0.05
16,2025-01-05T08:00:00,NOx,52.64682313592923,11850.273303152408,331.45929912153025,1.5341127910051855,2,35.01067358381565,63.22443303947245,132.66047553468556,58.07692307692308,0.05
16,2025-01-05T08:00:00,NOx,52.64682313592923,11850.273303152408,331.45929912153025,1.5341127910051855,2,35.01067358381565,63.22443303947245,132.66047553468556,66.92307692307693,0.05
16,2025-01-05T08:00:00,NOx,52.64682313592923,11850.273303152408,331.45929912153025,1.5341127910051855,2,35.01067358381565,63.22443303947245,132.66047553468556,75.76923076923077,0.05
16,2025-01-05T08:00:00,NOx,52.64682313592923,11850.273303152408,331.45929912153025,1.5341127910051855,2,35.01067358381565,63.22443303947245,132.66047553468556,84.61538461538461,0.05
16,2025-01-05T08:00:00,NOx,52.64682313592923,11850.273303152408,331.45929912153025,1.5341127910051855,2,35.01067358381565,63.22443303947245,132.66047553468556,93.46153846153847,0.05
16,2025-01-05T08:00:00,NOx,52.64682313592923,11850.273303152408,331.45929912153025,1.5341127910051855,2,35.01067358381565,63.22443303947245,132.66047553468556,102.30769230769232,0.05
16,2025-01-05T08:00:00,NOx,52.64682313592923,11850.273303152408,331.45929912153025,1.5341127910051855,2,35.01067358381565,63.22443303947245,132.66047553468556,111.15384615384616,0.05
16,2025-01-05T08:00:00,NOx,52.64682313592923,11850.273303152408,331.45929912153025,1.5341127910051855,2,35.01067358381565,63.22443303947245,132.66047553468556,120.0,0.05
17,2025-01-05T14:00:00,SO2,23.49330944210935,11989.972981311474,309.5875891647455,1.127668771004376,0,19.808814539682654,78.82200393379752,62.039622435396765,5.0,40.633755308050226
17,2025-01-05T14:00:00,SO2,23.49330944210935,11989.972981311474,309.5875891647455,1.127668771004376,0,19.808814539682654,78.82200393379752,62.039622435396765,13.846153846153847,20.249179419644463
17,2025-01-05T14:00:00,SO2,23.49330944210935,11989.972981311474,309.5875891647455,1.127668771004376,0,19.808814539682654,78.82200393379752,62.039622435396765,22.692307692307693,10.262398743309904
17,2025-01-05T14:00:00,SO2,23.49330944210935,11989.972981311474,309.5875891647455,1.127668771004376,0,19.808814539682654,78.82200393379752,62.039622435396765,31.53846153846154,4.545297738326991
17,2025-01-05T14:00:00,SO2,23.49330944210935,11989.972981311474,309.5875891647455,,0,19.808814539682654,78.82200393379752,62.039622435396765,40.38461538461539,2.3577645779720466
17,2025-01-05T14:00:00,SO2,23.49330944210935,11989.972981311474,309.5875891647455,1.127668771004376,0,19.808814539682654,78.82200393379752,62.039622435396765,49.23076923076923,1.0773819748547295
17,2025-01-05T14:00:00,SO2,23.49330944210935,11989.972981311474,309.5875891647455,1.127668771004376,0,19.808814539682654,78.82200393379752,62.039622435396765,58.07692307692308,0.5278838311650064
17,2025-01-05T14:00:00,SO2,23.49330944210935,11989.972981311474,309.5875891647455,1.127668771004376,0,19.808814539682654,78.82200393379752,62.039622435396765,66.92307692307693,0.2740714109540352
17,2025-01-05T14:00:00,SO2,23.49330944210935,11989.972981311474,309.5875891647455,1.127668771004376,0,19.808814539682654,78.82200393379752,62.039622435396765,75.76923076923077,0.10631739577719745
17,2025-01-05T14:00:00,SO2,23.49330944210935,11989.972981311474,309.5875891647455,1.127668771004376,0,19.808814539682654,78.82200393379752,62.039622435396765,84.61538461538461,0.054671612351619166
17,2025-01-05T14:00:00,SO2,23.49330944210935,11989.972981311474,309.5875891647455,1.127668771004376,0,19.808814539682654,78.82200393379752,62.039622435396765,93.46153846153847,0.05
17,2025-01-05T14:00:00,SO2,23.49330944210935,11989.972981311474,309.5875891647455,1.127668771004376,0,19.808814539682654,78.82200393379752,62.039622435396765,102.30769230769232,0.05
17,2025-01-05T14:00:00,SO2,23.49330944210935,11989.972981311474,309.5875891647455,1.127668771004376,0,19.808814539682654,,62.039622435396765,111.15384615384616,0.05
17,2025-01-05T14:00:00,SO2,23.49330944210935,11989.972981311474,309.5875891647455,1.127668771004376,0,19.808814539682654,78.82200393379752,62.039622435396765,120.0,0.05
18,2025-01-05T20:00:00,SO2,95.3877071032731,8618.952780560736,381.9516918352609,0.30420425438853965,2,20.498473586112862,55.27185941157919,606.3429775299219,5.0,48.35347165535551
18,2025-01-05T20:00:00,SO2,95.3877071032731,8618.952780560736,381.9516918352609,0.30420425438853965,2,20.498473586112862,55.27185941157919,606.3429775299219,13.846153846153847,0.6302334571589305
18,2025-01-05T20:00:00,SO2,95.3877071032731,8618.952780560736,381.9516918352609,0.30420425438853965,2,20.498473586112862,55.27185941157919,606.3429775299219,22.692307692307693,0.05
18,2025-01-05T20:00:00,SO2,95.3877071032731,8618.952780560736,381.9516918352609,0.30420425438853965,2,20.498473586112862,55.27185941157919,606.3429775299219,31.53846153846154,0.05
18,2025-01-05T20:00:00,SO2,95.3877071032731,8618.952780560736,381.9516918352609,0.30420425438853965,2,20.498473586112862,55.27185941157919,606.3429775299219,40.38461538461539,0.05
18,2025-01-05T20:00:00,SO2,95.3877071032731,8618.952780560736,381.9516918352609,0.30420425438853965,2,20.498473586112862,55.27185941157919,606.3429775299219,49.23076923076923,0.05
18,2025-01-05T20:00:00,SO2,95.3877071032731,8618.952780560736,381.9516918352609,0.30420425438853965,2,20.498473586112862,55.27185941157919,606.3429775299219,58.07692307692308,0.05
18,2025-01-05T20:00:00,SO2,95.3877071032731,8618.952780560736,381.9516918352609,0.30420425438853965,2,20.498473586112862,55.27185941157919,606.3429775299219,66.92307692307693,0.05
18,2025-01-05T20:00:00,SO2,95.3877071032731,8618.952780560736,381.9516918352609,0.30420425438853965,2,20.498473586112862,55.27185941157919,606.3429775299219,75.76923076923077,0.05
18,2025-01-05T20:00:00,SO2,95.3877071032731,8618.952780560736,381.9516918352609,0.30420425438853965,2,20.498473586112862,55.27185941157919,606.3429775299219,84.61538461538461,0.05
18,2025-01-05T20:00:00,SO2,95.3877071032731,8618.952780560736,381.9516918352609,0.30420425438853965,2,20.498473586112862,55.27185941157919,606.3429775299219,93.46153846153847,0.05
18,2025-01-05T20:00:00,SO2,95.3877071032731,8618.952780560736,381.9516918352609,0.30420425438853965,2,20.498473586112862,55.27185941157919,606.3429775299219,102.30769230769232,0.05
18,2025-01-05T20:00:00,SO2,95.3877071032731,8618.952780560736,381.9516918352609,0.30420425438853965,2,20.498473586112862,55.27185941157919,606.3429775299219,111.15384615384616,0.05
18,2025-01-05T20:00:00,SO2,95.3877071032731,8618.952780560736,381.9516918352609,0.30420425438853965,2,20.498473586112862,55.27185941157919,606.3429775299219,120.0,0.05
19,2025-01-06T02:00:00,CO,31.821588719074448,11776.304411006957,222.59546983256573,1.3085092802609009,1,30.728166842155538,59.34478899751824,150.29899354543778,5.0,65.99846931232949
19,2025-01-06T02:00:00,CO,31.821588719074448,11776.304411006957,222.59546983256573,1.3085092802609009,1,30.728166842155538,59.34478899751824,150.29899354543778,13.846153846153847,14.854851266554563
19,2025-01-06T02:00:00,CO,31.821588719074448,11776.304411006957,222.59546983256573,1.3085092802609009,1,30.728166842155538,59.34478899751824,150.29899354543778,22.692307692307693,4.1949378426238
19,2025-01-06T02:00:00,CO,31.821588719074448,11776.304411006957,222.59546983256573,1.3085092802609009,1,30.728166842155538,59.34478899751824,150.29899354543778,31.53846153846154,0.9346542172976298
19,2025-01-06T02:00:00,CO,31.821588719074448,11776.304411006957,222.59546983256573,1.3085092802609009,1,30.728166842155538,59.34478899751824,150.29899354543778,40.38461538461539,0.24609066472452415
19,2025-01-06T02:00:00,CO,31.821588719074448,11776.304411006957,222.59546983256573,1.3085092802609009,1,30.728166842155538,59.34478899751824,150.29899354543778,49.23076923076923,0.05707733278986102
19,2025-01-06T02:00:00,CO,31.821588719074448,11776.304411006957,222.59546983256573,1.3085092802609009,1,30.728166842155538,59.34478899751824,150.29899354543778,58.07692307692308,0.05
19,2025-01-06T02:00:00,CO,31.821588719074448,11776.304411006957,222.59546983256573,1.3085092802609009,1,30.728166842155538,,150.29899354543778,66.92307692307693,0.05
19,2025-01-06T02:00:00,CO,31.821588719074448,11776.304411006957,222.59546983256573,1.3085092802609009,1,30.728166842155538,59.34478899751824,150.29899354543778,75.76923076923077,0.05
19,2025-01-06T02:00:00,CO,31.821588719074448,11776.304411006957,222.59546983256573,1.3085092802609009,1,30.728166842155538,59.34478899751824,150.29899354543778,84.61538461538461,0.05
19,2025-01-06T02:00:00,CO,31.821588719074448,11776.304411006957,222.59546983256573,1.3085092802609009,1,30.728166842155538,59.34478899751824,150.29899354543778,93.46153846153847,0.05
19,2025-01-06T02:00:00,CO,31.821588719074448,11776.304411006957,222.59546983256573,1.3085092802609009,1,30.728166842155538,59.34478899751824,150.29899354543778,102.30769230769232,0.05
19,2025-01-06T02:00:00,CO,31.821588719074448,11776.304411006957,222.59546983256573,1.3085092802609009,1,30.728166842155538,59.34478899751824,150.29899354543778,111.15384615384616,0.05
19,2025-01-06T02:00:00,CO,31.821588719074448,11776.304411006957,222.59546983256573,1.3085092802609009,1,30.728166842155538,59.34478899751824,150.29899354543778,120.0,0.05
20,2025-01-06T08:00:00,NOx,80.5399446811724,5412.282041758387,201.68890596005278,0.5437985110408987,4,24.34081822634476,27.163590056641823,357.9840335592139,5.0,2.3432932462452642
20,2025-01-06T08:00:00,NOx,80.5399446811724,5412.282041758387,201.68890596005278,0.5437985110408987,4,24.34081822634476,27.163590056641823,357.9840335592139,13.846153846153847,0.05
20,2025-01-06T08:00:00,NOx,80.5399446811724,5412.282041758387,201.68890596005278,0.5437985110408987,4,24.34081822634476,27.163590056641823,357.9840335592139,22.692307692307693,0.05
20,2025-01-06T08:00:00,NOx,80.5399446811724,5412.282041758387,201.68890596005278,0.5437985110408987,4,24.34081822634476,27.163590056641823,357.9840335592139,31.53846153846154,0.05
20,2025-01-06T08:00:00,NOx,80.5399446811724,5412.282041758387,201.68890596005278,0.5437985110408987,4,24.34081822634476,27.163590056641823,357.9840335592139,40.38461538461539,0.05
20,2025-01-06T08:00:00,NOx,80.5399446811724,5412.282041758387,201.68890596005278,0.5437985110408987,4,24.34081822634476,27.163590056641823,357.9840335592139,49.23076923076923,0.05
20,2025-01-06T08:00:00,NOx,80.5399446811724,5412.282041758387,201.68890596005278,0.5437985110408987,4,24.34081822634476,27.163590056641823,357.9840335592139,58.07692307692308,0.05
20,2025-01-06T08:00:00,NOx,80.5399446811724,5412.282041758387,201.68890596005278,0.5437985110408987,4,24.34081822634476,27.163590056641823,357.9840335592139,66.92307692307693,0.05
20,2025-01-06T08:00:00,NOx,80.5399446811724,5412.282041758387,201.68890596005278,0.5437985110408987,4,24.34081822634476,27.163590056641823,357.9840335592139,75.76923076923077,0.05
20,2025-01-06T08:00:00,NOx,80.5399446811724,5412.282041758387,201.68890596005278,0.5437985110408987,4,24.34081822634476,27.163590056641823,357.9840335592139,84.61538461538461,0.05
20,2025-01-06T08:00:00,NOx,80.5399446811724,5412.282041758387,201.68890596005278,,4,24.34081822634476,27.163590056641823,357.9840335592139,93.46153846153847,0.05
20,2025-01-06T08:00:00,NOx,80.5399446811724,5412.282041758387,201.68890596005278,0.5437985110408987,4,24.34081822634476,27.163590056641823,357.9840335592139,102.30769230769232,0.05
20,2025-01-06T08:00:00,NOx,80.5399446811724,5412.282041758387,201.68890596005278,0.5437985110408987,4,24.34081822634476,27.163590056641823,357.9840335592139,111.15384615384616,0.05
20,2025-01-06T08:00:00,NOx,80.5399446811724,5412.282041758387,201.68890596005278,0.5437985110408987,4,24.34081822634476,27.163590056641823,357.9840335592139,120.0,0.05
21,2025-01-06T14:00:00,SO2,111.4741773078807,6440.688762050711,248.51554819103902,1.3298250545311794,2,24.289013834884024,75.24294174070411,415.5476513532418,5.0,2.6613622885534953
21,2025-01-06T14:00:00,SO2,111.4741773078807,6440.688762050711,248.51554819103902,1.3298250545311794,2,24.289013834884024,75.24294174070411,415.5476513532418,13.846153846153847,0.05
21,2025-01-06T14:00:00,SO2,111.4741773078807,6440.688762050711,248.51554819103902,1.3298250545311794,2,24.289013834884024,75.24294174070411,415.5476513532418,22.692307692307693,0.05
21,2025-01-06T14:00:00,SO2,111.4741773078807,6440.688762050711,248.51554819103902,1.3298250545311794,2,24.289013834884024,75.24294174070411,415.5476513532418,31.53846153846154,0.05
21,2025-01-06T14:00:00,SO2,111.4741773078807,6440.688762050711,248.51554819103902,1.3298250545311794,2,24.289013834884024,75.24294174070411,415.5476513532418,40.38461538461539,0.05
21,2025-01-06T14:00:00,SO2,111.4741773078807,6440.688762050711,248.51554819103902,1.3298250545311794,2,24.289013834884024,75.24294174070411,415.5476513532418,49.23076923076923,0.05
21,2025-01-06T14:00:00,SO2,111.4741773078807,6440.688762050711,248.51554819103902,1.3298250545311794,2,24.289013834884024,75.24294174070411,415.5476513532418,58.07692307692308,0.05
21,2025-01-06T14:00:00,SO2,111.4741773078807,6440.688762050711,248.51554819103902,1.3298250545311794,2,24.289013834884024,75.24294174070411,415.5476513532418,66.92307692307693,0.05
21,2025-01-06T14:00:00,SO2,111.4741773078807,6440.688762050711,248.51554819103902,1.3298250545311794,2,24.289013834884024,75.24294174070411,415.5476513532418,75.76923076923077,0.05
21,2025-01-06T14:00:00,SO2,111.4741773078807,6440.688762050711,248.51554819103902,1.3298250545311794,2,24.289013834884024,75.24294174070411,415.5476513532418,84.61538461538461,0.05
21,2025-01-06T14:00:00,SO2,111.4741773078807,6440.688762050711,248.51554819103902,1.3298250545311794,2,24.289013834884024,75.24294174070411,415.5476513532418,93.46153846153847,0.05
21,2025-01-06T14:00:00,SO2,111.4741773078807,6440.688762050711,248.51554819103902,1.3298250545311794,2,24.289013834884024,75.24294174070411,415.5476513532418,102.30769230769232,0.05
21,2025-01-06T14:00:00,SO2,111.4741773078807,6440.688762050711,248.51554819103902,1.3298250545311794,2,24.289013834884024,75.24294174070411,415.5476513532418,111.15384615384616,0.05
21,2025-01-06T14:00:00,SO2,111.4741773078807,6440.688762050711,248.51554819103902,1.3298250545311794,2,24.289013834884024,75.24294174070411,415.5476513532418,120.0,0.05
22,2025-01-06T20:00:00,CO,51.41129099645127,11534.406826090892,448.0950784851276,1.2923416033286905,2,31.75330098332185,67.32438192904075,334.7596883243738,5.0,111.03010422898704
22,2025-01-06T20:00:00,CO,51.41129099645127,11534.406826090892,448.0950784851276,1.2923416033286905,2,31.75330098332185,67.32438192904075,334.7596883243738,13.846153846153847,16.7426268483808
22,2025-01-06T20:00:00,CO,51.41129099645127,11534.406826090892,448.0950784851276,1.2923416033286905,2,31.75330098332185,67.32438192904075,334.7596883243738,22.692307692307693,2.3365811041451567
22,2025-01-06T20:00:00,CO,51.41129099645127,11534.406826090892,448.0950784851276,1.2923416033286905,2,,67.32438192904075,334.7596883243738,31.53846153846154,
22,2025-01-06T20:00:00,CO,51.41129099645127,11534.406826090892,448.0950784851276,1.2923416033286905,2,31.75330098332185,67.32438192904075,334.7596883243738,40.38461538461539,0.05
22,2025-01-06T20:00:00,CO,51.41129099645127,11534.406826090892,448.0950784851276,1.2923416033286905,2,31.75330098332185,67.32438192904075,334.7596883243738,49.23076923076923,0.05
22,2025-01-06T20:00:00,CO,51.41129099645127,11534.406826090892,448.0950784851276,1.2923416033286905,2,31.75330098332185,67.32438192904075,334.7596883243738,58.07692307692308,0.05
22,2025-01-06T20:00:00,CO,51.41129099645127,11534.406826090892,448.0950784851276,1.2923416033286905,2,31.75330098332185,67.32438192904075,334.7596883243738,66.92307692307693,0.05
22,2025-01-06T20:00:00,CO,51.41129099645127,11534.406826090892,448.0950784851276,1.2923416033286905,2,31.75330098332185,67.32438192904075,334.7596883243738,75.76923076923077,0.05
22,2025-01-06T20:00:00,CO,51.41129099645127,11534.406826090892,448.0950784851276,1.2923416033286905,2,31.75330098332185,67.32438192904075,334.7596883243738,84.61538461538461,0.05
22,2025-01-06T20:00:00,CO,51.41129099645127,11534.406826090892,448.0950784851276,1.2923416033286905,2,31.75330098332185,67.32438192904075,334.7596883243738,93.46153846153847,0.05
22,2025-01-06T20:00:00,CO,51.41129099645127,11534.406826090892,448.0950784851276,1.2923416033286905,2,31.75330098332185,67.32438192904075,334.7596883243738,102.30769230769232,0.05
22,2025-01-06T20:00:00,CO,51.41129099645127,11534.406826090892,448.0950784851276,1.2923416033286905,2,31.75330098332185,,334.7596883243738,111.15384615384616,0.05
22,2025-01-06T20:00:00,CO,51.41129099645127,11534.406826090892,448.0950784851276,1.2923416033286905,2,31.75330098332185,67.32438192904075,334.7596883243738,120.0,0.05
23,2025-01-07T02:00:00,NOx,58.84813495084004,6056.461662932495,93.28264900156088,0.494250980511672,1,36.1420724431243,27.67894533845673,216.96773655721674,5.0,14.922428457284896
23,2025-01-07T02:00:00,NOx,58.84813495084004,6056.461662932495,93.28264900156088,0.494250980511672,1,36.1420724431243,27.67894533845673,216.96773655721674,13.846153846153847,0.16149176529080764
23,2025-01-07T02:00:00,NOx,58.84813495084004,6056.461662932495,93.28264900156088,0.494250980511672,1,36.1420724431243,27.67894533845673,216.96773655721674,22.692307692307693,0.05
23,2025-01-07T02:00:00,NOx,58.84813495084004,6056.461662932495,93.28264900156088,0.494250980511672,1,36.1420724431243,27.67894533845673,216.96773655721674,31.53846153846154,0.05
23,2025-01-07T02:00:00,NOx,58.84813495084004,6056.461662932495,93.28264900156088,0.494250980511672,1,36.1420724431243,27.67894533845673,216.96773655721674,40.38461538461539,0.05
23,2025-01-07T02:00:00,NOx,58.84813495084004,6056.461662932495,93.28264900156088,0.494250980511672,1,36.1420724431243,27.67894533845673,216.96773655721674,49.23076923076923,0.05
23,2025-01-07T02:00:00,NOx,58.84813495084004,6056.461662932495,93.28264900156088,0.494250980511672,1,36.1420724431243,27.67894533845673,216.96773655721674,58.07692307692308,0.05
23,2025-01-07T02:00:00,NOx,58.84813495084004,6056.461662932495,93.28264900156088,0.494250980511672,1,36.1420724431243,27.67894533845673,216.96773655721674,66.92307692307693,0.05
23,2025-01-07T02:00:00,NOx,58.84813495084004,6056.461662932495,93.28264900156088,0.494250980511672,1,36.1420724431243,27.67894533845673,216.96773655721674,75.76923076923077,0.05
23,2025-01-07T02:00:00,NOx,58.84813495084004,6056.461662932495,93.28264900156088,0.494250980511672,1,36.1420724431243,27.67894533845673,216.96773655721674,84.61538461538461,0.05
23,2025-01-07T02:00:00,NOx,58.84813495084004,6056.461662932495,93.28264900156088,0.494250980511672,1,36.1420724431243,27.67894533845673,216.96773655721674,93.46153846153847,0.05
23,2025-01-07T02:00:00,NOx,58.84813495084004,6056.461662932495,93.28264900156088,0.494250980511672,1,36.1420724431243,27.67894533845673,216.96773655721674,102.30769230769232,0.05
23,2025-01-07T02:00:00,NOx,58.84813495084004,6056.461662932495,93.28264900156088,0.494250980511672,1,,27.67894533845673,216.96773655721674,111.15384615384616,0.05
23,2025-01-07T02:00:00,NOx,58.84813495084004,6056.461662932495,93.28264900156088,0.494250980511672,1,36.1420724431243,,216.96773655721674,120.0,
24,2025-01-07T08:00:00,SO2,64.11783092742775,9408.629001945046,387.846517090091,0.9314685019197224,2,29.742478810739613,,298.8490046495584,5.0,66.55366273576573
24,2025-01-07T08:00:00,SO2,64.11783092742775,9408.629001945046,387.846517090091,0.9314685019197224,2,29.742478810739613,76.01645793002331,298.8490046495584,13.846153846153847,4.856071880386975
24,2025-01-07T08:00:00,SO2,64.11783092742775,9408.629001945046,387.846517090091,0.9314685019197224,2,29.742478810739613,76.01645793002331,298.8490046495584,22.692307692307693,0.33670043823572254
24,2025-01-07T08:00:00,SO2,64.11783092742775,9408.629001945046,387.846517090091,0.9314685019197224,2,29.742478810739613,76.01645793002331,298.8490046495584,31.53846153846154,0.05
24,2025-01-07T08:00:00,SO2,64.11783092742775,9408.629001945046,387.846517090091,0.9314685019197224,2,29.742478810739613,76.01645793002331,298.8490046495584,40.38461538461539,0.05
24,2025-01-07T08:00:00,SO2,64.11783092742775,9408.629001945046,387.846517090091,0.9314685019197224,2,29.742478810739613,76.01645793002331,298.8490046495584,49.23076923076923,0.05
24,2025-01-07T08:00:00,SO2,64.11783092742775,9408.629001945046,387.846517090091,0.9314685019197224,2,29.742478810739613,76.01645793002331,298.8490046495584,58.07692307692308,0.05
24,2025-01-07T08:00:00,SO2,64.11783092742775,9408.629001945046,387.846517090091,0.9314685019197224,2,29.742478810739613,76.01645793002331,298.8490046495584,66.92307692307693,0.05
24,2025-01-07T08:00:00,SO2,64.11783092742775,9408.629001945046,387.846517090091,0.9314685019197224,2,29.742478810739613,76.01645793002331,298.8490046495584,75.76923076923077,0.05
24,2025-01-07T08:00:00,SO2,64.11783092742775,9408.629001945046,387.846517090091,0.9314685019197224,2,29.742478810739613,76.01645793002331,298.8490046495584,84.61538461538461,0.05
24,2025-01-07T08:00:00,SO2,64.11783092742775,9408.629001945046,387.846517090091,0.9314685019197224,2,29.742478810739613,76.01645793002331,298.8490046495584,93.46153846153847,0.05
24,2025-01-07T08:00:00,SO2,64.11783092742775,9408.629001945046,387.846517090091,0.9314685019197224,2,29.742478810739613,76.01645793002331,298.8490046495584,102.30769230769232,0.05
24,2025-01-07T08:00:00,SO2,64.11783092742775,9408.629001945046,387.846517090091,0.9314685019197224,2,29.742478810739613,76.01645793002331,298.8490046495584,111.15384615384616,0.05
24,2025-01-07T08:00:00,SO2,64.11783092742775,9408.629001945046,387.846517090091,0.9314685019197224,2,29.742478810739613,76.01645793002331,298.8490046495584,120.0,0.05
25,2025-01-07T14:00:00,NOx,118.03504233459383,7748.006348170094,230.55246692364776,1.2779339602984103,4,36.06655743928106,68.2417568031011,772.0405298975285,5.0,6.59746262287565
25,2025-01-07T14:00:00,NOx,118.03504233459383,7748.006348170094,230.55246692364776,1.2779339602984103,4,36.06655743928106,68.2417568031011,772.0405298975285,13.846153846153847,0.05
25,2025-01-07T14:00:00,NOx,118.03504233459383,7748.006348170094,230.55246692364776,1.2779339602984103,4,36.06655743928106,68.2417568031011,772.0405298975285,22.692307692307693,0.05
25,2025-01-07T14:00:00,NOx,118.03504233459383,7748.006348170094,230.55246692364776,1.2779339602984103,4,36.06655743928106,68.2417568031011,772.0405298975285,31.53846153846154,0.05
25,2025-01-07T14:00:00,NOx,118.03504233459383,7748.006348170094,230.55246692364776,1.2779339602984103,4,36.06655743928106,68.2417568031011,772.0405298975285,40.38461538461539,0.05
25,2025-01-07T14:00:00,NOx,118.03504233459383,7748.006348170094,230.55246692364776,1.2779339602984103,4,36.06655743928106,68.2417568031011,772.0405298975285,49.23076923076923,0.05
25,2025-01-07T14:00:00,NOx,118.03504233459383,7748.006348170094,230.55246692364776,1.2779339602984103,4,36.06655743928106,68.2417568031011,772.0405298975285,58.07692307692308,0.05
25,2025-01-07T14:00:00,NOx,118.03504233459383,7748.006348170094,230.55246692364776,1.2779339602984103,4,36.06655743928106,68.2417568031011,772.0405298975285,66.92307692307693,0.05
25,2025-01-07T14:00:00,NOx,118.03504233459383,7748.006348170094,230.55246692364776,1.2779339602984103,4,36.06655743928106,68.2417568031011,772.0405298975285,75.76923076923077,0.05
25,2025-01-07T14:00:00,NOx,118.03504233459383,7748.006348170094,230.55246692364776,1.2779339602984103,4,36.06655743928106,68.2417568031011,772.0405298975285,84.61538461538461,0.05
25,2025-01-07T14:00:00,NOx,118.03504233459383,7748.006348170094,230.55246692364776,1.2779339602984103,4,36.06655743928106,68.2417568031011,772.0405298975285,93.46153846153847,0.05
25,2025-01-07T14:00:00,NOx,118.03504233459383,7748.006348170094,230.55246692364776,1.2779339602984103,4,36.06655743928106,68.2417568031011,772.0405298975285,102.30769230769232,0.05
25,2025-01-07T14:00:00,NOx,118.03504233459383,7748.006348170094,230.55246692364776,1.2779339602984103,4,36.06655743928106,68.2417568031011,772.0405298975285,111.15384615384616,0.05
25,2025-01-07T14:00:00,NOx,118.03504233459383,7748.006348170094,230.55246692364776,1.2779339602984103,4,36.06655743928106,68.2417568031011,772.0405298975285,120.0,0.05
26,2025-01-07T20:00:00,SO2,62.21713326891453,11752.67016562701,202.86192092150515,1.321470903255963,3,29.109234202755278,,742.7732670871154,5.0,138.74436822295448
26,2025-01-07T20:00:00,SO2,62.21713326891453,11752.67016562701,202.86192092150515,1.321470903255963,3,29.109234202755278,73.12358721914345,742.7732670871154,13.846153846153847,5.683687436826322
26,2025-01-07T20:00:00,SO2,62.21713326891453,11752.67016562701,202.86192092150515,1.321470903255963,3,29.109234202755278,73.12358721914345,742.7732670871154,22.692307692307693,0.3280768800448137
26,2025-01-07T20:00:00,SO2,62.21713326891453,11752.67016562701,202.86192092150515,1.321470903255963,3,29.109234202755278,73.12358721914345,742.7732670871154,31.53846153846154,0.05
26,2025-01-07T20:00:00,SO2,62.21713326891453,11752.67016562701,202.86192092150515,1.321470903255963,3,29.109234202755278,73.12358721914345,742.7732670871154,40.38461538461539,0.05
26,2025-01-07T20:00:00,SO2,62.21713326891453,11752.67016562701,202.86192092150515,1.321470903255963,3,29.109234202755278,73.12358721914345,742.7732670871154,49.23076923076923,0.05
26,2025-01-07T20:00:00,SO2,62.21713326891453,11752.67016562701,202.86192092150515,1.321470903255963,3,29.109234202755278,73.12358721914345,742.7732670871154,58.07692307692308,0.05
26,2025-01-07T20:00:00,SO2,62.21713326891453,11752.67016562701,202.86192092150515,1.321470903255963,3,29.109234202755278,73.12358721914345,742.7732670871154,66.92307692307693,0.05
26,2025-01-07T20:00:00,SO2,62.21713326891453,11752.67016562701,202.86192092150515,1.321470903255963,3,29.109234202755278,,742.7732670871154,75.76923076923077,0.05
26,2025-01-07T20:00:00,SO2,62.21713326891453,11752.67016562701,202.86192092150515,1.321470903255963,3,29.109234202755278,73.12358721914345,742.7732670871154,84.61538461538461,0.05
26,2025-01-07T20:00:00,SO2,62.21713326891453,11752.67016562701,202.86192092150515,1.321470903255963,3,29.109234202755278,73.12358721914345,742.7732670871154,93.46153846153847,0.05
26,2025-01-07T20:00:00,SO2,62.21713326891453,11752.67016562701,202.86192092150515,1.321470903255963,3,29.109234202755278,73.12358721914345,742.7732670871154,102.30769230769232,0.05
26,2025-01-07T20:00:00,SO2,62.21713326891453,11752.67016562701,202.86192092150515,1.321470903255963,3,29.109234202755278,73.12358721914345,742.7732670871154,111.15384615384616,0.05
26,2025-01-07T20:00:00,SO2,62.21713326891453,11752.67016562701,202.86192092150515,1.321470903255963,3,29.109234202755278,73.12358721914345,742.7732670871154,120.0,0.05
27,2025-01-08T02:00:00,CO,67.57996894856578,8385.618872881249,42.43506143401755,0.7918300026970737,0,35.912697627673936,65.29676853135152,220.62035615405395,5.0,49.36190685979327
27,2025-01-08T02:00:00,CO,67.57996894856578,8385.618872881249,42.43506143401755,,0,35.912697627673936,65.29676853135152,220.62035615405395,13.846153846153847,3.1174019145902396
27,2025-01-08T02:00:00,CO,67.57996894856578,8385.618872881249,42.43506143401755,0.7918300026970737,0,35.912697627673936,,220.62035615405395,22.692307692307693,0.1584692671559306
27,2025-01-08T02:00:00,CO,67.57996894856578,8385.618872881249,42.43506143401755,0.7918300026970737,0,35.912697627673936,65.29676853135152,220.62035615405395,31.53846153846154,0.05
27,2025-01-08T02:00:00,CO,67.57996894856578,8385.618872881249,42.43506143401755,0.7918300026970737,0,35.912697627673936,65.29676853135152,220.62035615405395,40.38461538461539,0.05
27,2025-01-08T02:00:00,CO,67.57996894856578,8385.618872881249,42.43506143401755,0.7918300026970737,0,35.912697627673936,65.29676853135152,220.62035615405395,49.23076923076923,0.05
27,2025-01-08T02:00:00,CO,67.57996894856578,8385.618872881249,42.43506143401755,0.7918300026970737,0,35.912697627673936,65.29676853135152,220.62035615405395,58.07692307692308,0.05
27,2025-01-08T02:00:00,CO,67.57996894856578,8385.618872881249,42.43506143401755,0.7918300026970737,0,35.912697627673936,65.29676853135152,220.62035615405395,66.92307692307693,0.05
27,2025-01-08T02:00:00,CO,67.57996894856578,8385.618872881249,42.43506143401755,0.7918300026970737,0,35.912697627673936,65.29676853135152,220.62035615405395,75.76923076923077,0.05
27,2025-01-08T02:00:00,CO,67.57996894856578,8385.618872881249,42.43506143401755,0.7918300026970737,0,35.912697627673936,65.29676853135152,220.62035615405395,84.61538461538461,0.05
27,2025-01-08T02:00:00,CO,67.57996894856578,8385.618872881249,42.43506143401755,0.7918300026970737,0,35.912697627673936,65.29676853135152,220.62035615405395,93.46153846153847,0.05
27,2025-01-08T02:00:00,CO,67.57996894856578,8385.618872881249,42.43506143401755,0.7918300026970737,0,35.912697627673936,65.29676853135152,220.62035615405395,102.30769230769232,0.05
27,2025-01-08T02:00:00,CO,67.57996894856578,8385.618872881249,42.43506143401755,0.7918300026970737,0,35.912697627673936,65.29676853135152,220.62035615405395,111.15384615384616,0.05
27,2025-01-08T02:00:00,CO,67.57996894856578,8385.618872881249,42.43506143401755,0.7918300026970737,0,35.912697627673936,65.29676853135152,220.62035615405395,120.0,0.05
28,2025-01-08T08:00:00,CO,26.77669802719964,7238.565611777976,448.98361565042524,1.196189363662889,3,25.84738185843588,79.91792561713328,417.6566130590656,5.0,178.85186049257933
28,2025-01-08T08:00:00,CO,26.77669802719964,7238.565611777976,448.98361565042524,1.196189363662889,3,25.84738185843588,79.91792561713328,417.6566130590656,13.846153846153847,28.60068668147008
28,2025-01-08T08:00:00,CO,26.77669802719964,7238.565611777976,448.98361565042524,1.196189363662889,3,25.84738185843588,79.91792561713328,417.6566130590656,22.692307692307693,5.973587626283826
28,2025-01-08T08:00:00,CO,26.77669802719964,7238.565611777976,448.98361565042524,1.196189363662889,3,25.84738185843588,79.91792561713328,417.6566130590656,31.53846153846154,1.1079042947940962
28,2025-01-08T08:00:00,CO,26.77669802719964,7238.565611777976,448.98361565042524,1.196189363662889,3,25.84738185843588,79.91792561713328,417.6566130590656,40.38461538461539,0.1941168185883478
28,2025-01-08T08:00:00,CO,26.77669802719964,7238.565611777976,448.98361565042524,1.196189363662889,3,25.84738185843588,79.91792561713328,417.6566130590656,49.23076923076923,0.05
28,2025-01-08T08:00:00,CO,26.77669802719964,7238.565611777976,448.98361565042524,1.196189363662889,3,25.84738185843588,79.91792561713328,417.6566130590656,58.07692307692308,0.05
28,2025-01-08T08:00:00,CO,26.77669802719964,7238.565611777976,448.98361565042524,1.196189363662889,3,25.84738185843588,79.91792561713328,417.6566130590656,66.92307692307693,0.05
28,2025-01-08T08:00:00,CO,26.77669802719964,7238.565611777976,448.98361565042524,1.196189363662889,3,25.84738185843588,79.91792561713328,417.6566130590656,75.76923076923077,0.05
28,2025-01-08T08:00:00,CO,26.77669802719964,7238.565611777976,448.98361565042524,1.196189363662889,3,25.84738185843588,79.91792561713328,417.6566130590656,84.61538461538461,0.05
28,2025-01-08T08:00:00,CO,26.77669802719964,7238.565611777976,448.98361565042524,1.196189363662889,3,25.84738185843588,79.91792561713328,417.6566130590656,93.46153846153847,0.05
28,2025-01-08T08:00:00,CO,26.77669802719964,7238.565611777976,448.98361565042524,1.196189363662889,3,25.84738185843588,79.91792561713328,417.6566130590656,102.30769230769232,0.05
28,2025-01-08T08:00:00,CO,26.77669802719964,7238.565611777976,448.98361565042524,1.196189363662889,3,25.84738185843588,79.91792561713328,417.6566130590656,111.15384615384616,0.05
28,2025-01-08T08:00:00,CO,26.77669802719964,7238.565611777976,448.98361565042524,1.196189363662889,3,25.84738185843588,79.91792561713328,417.6566130590656,120.0,0.05
29,2025-01-08T14:00:00,CO,110.17899995767844,6730.87101919281,341.7735387555502,1.0475054721210844,2,31.0687841801899,42.962997490889535,223.44276683626381,5.0,2.554521994071013
29,2025-01-08T14:00:00,CO,110.17899995767844,6730.87101919281,341.7735387555502,1.0475054721210844,2,31.0687841801899,42.962997490889535,223.44276683626381,13.846153846153847,0.05
29,2025-01-08T14:00:00,CO,110.17899995767844,6730.87101919281,341.7735387555502,1.0475054721210844,2,31.0687841801899,42.962997490889535,223.44276683626381,22.692307692307693,
29,2025-01-08T14:00:00,CO,110.17899995767844,6730.87101919281,341.7735387555502,1.0475054721210844,2,31.0687841801899,42.962997490889535,223.44276683626381,31.53846153846154,0.05
29,2025-01-08T14:00:00,CO,110.17899995767844,6730.87101919281,341.7735387555502,1.0475054721210844,2,31.0687841801899,42.962997490889535,223.44276683626381,40.38461538461539,0.05
29,2025-01-08T14:00:00,CO,110.17899995767844,6730.87101919281,341.7735387555502,1.0475054721210844,2,31.0687841801899,42.962997490889535,223.44276683626381,49.23076923076923,0.05
29,2025-01-08T14:00:00,CO,110.17899995767844,6730.87101919281,341.7735387555502,1.0475054721210844,2,31.0687841801899,42.962997490889535,223.44276683626381,58.07692307692308,0.05
29,2025-01-08T14:00:00,CO,110.17899995767844,6730.87101919281,341.7735387555502,1.0475054721210844,2,31.0687841801899,42.962997490889535,223.44276683626381,66.92307692307693,0.05
29,2025-01-08T14:00:00,CO,110.17899995767844,6730.87101919281,341.7735387555502,1.0475054721210844,2,31.0687841801899,42.962997490889535,223.44276683626381,75.76923076923077,0.05
29,2025-01-08T14:00:00,CO,110.17899995767844,6730.87101919281,341.7735387555502,1.0475054721210844,2,31.0687841801899,42.962997490889535,223.44276683626381,84.61538461538461,0.05
29,2025-01-08T14:00:00,CO,110.17899995767844,6730.87101919281,341.7735387555502,,2,31.0687841801899,42.962997490889535,223.44276683626381,93.46153846153847,0.05
29,2025-01-08T14:00:00,CO,110.17899995767844,6730.87101919281,341.7735387555502,1.0475054721210844,2,31.0687841801899,42.962997490889535,223.44276683626381,102.30769230769232,0.05
29,2025-01-08T14:00:00,CO,110.17899995767844,6730.87101919281,341.7735387555502,1.0475054721210844,2,31.0687841801899,42.962997490889535,223.44276683626381,111.15384615384616,0.05
29,2025-01-08T14:00:00,CO,110.17899995767844,6730.87101919281,341.7735387555502,1.0475054721210844,2,31.0687841801899,42.962997490889535,223.44276683626381,120.0,0.05
30,2025-01-08T20:00:00,SO2,67.37506294441202,5649.2919201189925,45.05395559562854,1.5456956051444475,3,18.82158186609694,39.76399669029631,89.80312977797064,5.0,1.944021348740228
30,2025-01-08T20:00:00,SO2,67.37506294441202,5649.2919201189925,45.05395559562854,1.5456956051444475,3,18.82158186609694,39.76399669029631,89.80312977797064,13.846153846153847,0.05
30,2025-01-08T20:00:00,SO2,67.37506294441202,5649.2919201189925,45.05395559562854,1.5456956051444475,3,18.82158186609694,39.76399669029631,89.80312977797064,22.692307692307693,0.05
30,2025-01-08T20:00:00,SO2,67.37506294441202,5649.2919201189925,45.05395559562854,1.5456956051444475,3,18.82158186609694,39.76399669029631,89.80312977797064,31.53846153846154,0.05
30,2025-01-08T20:00:00,SO2,67.37506294441202,5649.2919201189925,45.05395559562854,1.5456956051444475,3,18.82158186609694,39.76399669029631,89.80312977797064,40.38461538461539,0.05
30,2025-01-08T20:00:00,SO2,67.37506294441202,5649.2919201189925,45.05395559562854,1.5456956051444475,3,,39.76399669029631,89.80312977797064,49.23076923076923,0.05
30,2025-01-08T20:00:00,SO2,67.37506294441202,5649.2919201189925,45.05395559562854,1.5456956051444475,3,18.82158186609694,39.76399669029631,89.80312977797064,58.07692307692308,0.05
30,2025-01-08T20:00:00,SO2,67.37506294441202,5649.2919201189925,45.05395559562854,1.5456956051444475,3,18.82158186609694,39.76399669029631,89.80312977797064,66.92307692307693,0.05
30,2025-01-08T20:00:00,SO2,67.37506294441202,5649.2919201189925,45.05395559562854,1.5456956051444475,3,18.82158186609694,39.76399669029631,89.80312977797064,75.76923076923077,0.05
30,2025-01-08T20:00:00,SO2,67.37506294441202,5649.2919201189925,45.05395559562854,1.5456956051444475,3,18.82158186609694,,89.80312977797064,84.61538461538461,0.05
30,2025-01-08T20:00:00,SO2,67.37506294441202,5649.2919201189925,45.05395559562854,1.5456956051444475,3,18.82158186609694,39.76399669029631,89.80312977797064,93.46153846153847,0.05
30,2025-01-08T20:00:00,SO2,67.37506294441202,5649.2919201189925,45.05395559562854,1.5456956051444475,3,18.82158186609694,,89.80312977797064,102.30769230769232,0.05
30,2025-01-08T20:00:00,SO2,67.37506294441202,5649.2919201189925,45.05395559562854,1.5456956051444475,3,18.82158186609694,39.76399669029631,89.80312977797064,111.15384615384616,0.05
30,2025-01-08T20:00:00,SO2,67.37506294441202,5649.2919201189925,45.05395559562854,1.5456956051444475,3,18.82158186609694,39.76399669029631,89.80312977797064,120.0,0.05
31,2025-01-09T02:00:00,CO,66.88207442779051,6282.42247288073,169.89954762446789,0.832291477197707,0,33.61162275053169,75.47222237289739,237.86489299559003,5.0,12.498309130906096
31,2025-01-09T02:00:00,CO,66.88207442779051,6282.42247288073,169.89954762446789,0.832291477197707,0,33.61162275053169,75.47222237289739,237.86489299559003,13.846153846153847,0.09317062269977099
31,2025-01-09T02:00:00,CO,66.88207442779051,6282.42247288073,169.89954762446789,0.832291477197707,0,33.61162275053169,75.47222237289739,237.86489299559003,22.692307692307693,0.05
31,2025-01-09T02:00:00,CO,66.88207442779051,6282.42247288073,169.89954762446789,0.832291477197707,0,33.61162275053169,,237.86489299559003,31.53846153846154,0.05
31,2025-01-09T02:00:00,CO,66.88207442779051,6282.42247288073,169.89954762446789,0.832291477197707,0,33.61162275053169,75.47222237289739,237.86489299559003,40.38461538461539,0.05
31,2025-01-09T02:00:00,CO,66.88207442779051,6282.42247288073,169.89954762446789,0.832291477197707,0,33.61162275053169,75.47222237289739,237.86489299559003,49.23076923076923,0.05
31,2025-01-09T02:00:00,CO,66.88207442779051,6282.42247288073,169.89954762446789,0.832291477197707,0,33.61162275053169,75.47222237289739,237.86489299559003,58.07692307692308,0.05
31,2025-01-09T02:00:00,CO,66.88207442779051,6282.42247288073,169.89954762446789,0.832291477197707,0,33.61162275053169,75.47222237289739,237.86489299559003,66.92307692307693,0.05
31,2025-01-09T02:00:00,CO,66.88207442779051,6282.42247288073,169.89954762446789,0.832291477197707,0,33.61162275053169,75.47222237289739,237.86489299559003,75.76923076923077,0.05
31,2025-01-09T02:00:00,CO,66.88207442779051,6282.42247288073,169.89954762446789,0.832291477197707,0,33.61162275053169,75.47222237289739,237.86489299559003,84.61538461538461,0.05
31,2025-01-09T02:00:00,CO,66.88207442779051,6282.42247288073,169.89954762446789,0.832291477197707,0,33.61162275053169,75.47222237289739,237.86489299559003,93.46153846153847,0.05
31,2025-01-09T02:00:00,CO,66.88207442779051,6282.42247288073,169.89954762446789,0.832291477197707,0,33.61162275053169,75.47222237289739,237.86489299559003,102.30769230769232,0.05
31,2025-01-09T02:00:00,CO,66.88207442779051,6282.42247288073,169.89954762446789,0.832291477197707,0,33.61162275053169,75.47222237289739,237.86489299559003,111.15384615384616,0.05
31,2025-01-09T02:00:00,CO,66.88207442779051,6282.42247288073,169.89954762446789,0.832291477197707,0,33.61162275053169,75.47222237289739,237.86489299559003,120.0,0.05
32,2025-01-09T08:00:00,CO,15.378619393377612,2039.0500366966767,290.46270038388445,0.5762125267977658,0,29.803907655322522,75.96611998538674,43.60345861302418,5.0,8.51325757192102
32,2025-01-09T08:00:00,CO,15.378619393377612,2039.0500366966767,290.46270038388445,0.5762125267977658,0,29.803907655322522,75.96611998538674,43.60345861302418,13.846153846153847,0.3673026599661592
32,2025-01-09T08:00:00,CO,15.378619393377612,2039.0500366966767,290.46270038388445,0.5762125267977658,0,29.803907655322522,75.96611998538674,43.60345861302418,22.692307692307693,0.05
32,2025-01-09T08:00:00,CO,15.378619393377612,2039.0500366966767,290.46270038388445,0.5762125267977658,0,29.803907655322522,75.96611998538674,43.60345861302418,31.53846153846154,0.05
32,2025-01-09T08:00:00,CO,15.378619393377612,2039.0500366966767,290.46270038388445,0.5762125267977658,0,29.803907655322522,75.96611998538674,43.60345861302418,40.38461538461539,0.05
32,2025-01-09T08:00:00,CO,15.378619393377612,2039.0500366966767,290.46270038388445,0.5762125267977658,0,29.803907655322522,75.96611998538674,43.60345861302418,49.23076923076923,0.05
32,2025-01-09T08:00:00,CO,15.378619393377612,2039.0500366966767,290.46270038388445,0.5762125267977658,0,29.803907655322522,75.96611998538674,43.60345861302418,58.07692307692308,0.05
32,2025-01-09T08:00:00,CO,15.378619393377612,2039.0500366966767,290.46270038388445,0.5762125267977658,0,29.803907655322522,75.96611998538674,43.60345861302418,66.92307692307693,0.05
32,2025-01-09T08:00:00,CO,15.378619393377612,2039.0500366966767,290.46270038388445,0.5762125267977658,0,29.803907655322522,75.96611998538674,43.60345861302418,75.76923076923077,0.05
32,2025-01-09T08:00:00,CO,15.378619393377612,2039.0500366966767,290.46270038388445,0.5762125267977658,0,29.803907655322522,75.96611998538674,43.60345861302418,84.61538461538461,0.05
32,2025-01-09T08:00:00,CO,15.378619393377612,2039.0500366966767,290.46270038388445,0.5762125267977658,0,,75.96611998538674,43.60345861302418,93.46153846153847,0.05
32,2025-01-09T08:00:00,CO,15.378619393377612,2039.0500366966767,290.46270038388445,0.5762125267977658,0,29.803907655322522,75.96611998538674,43.60345861302418,102.30769230769232,0.05
32,2025-01-09T08:00:00,CO,15.378619393377612,2039.0500366966767,290.46270038388445,0.5762125267977658,0,29.803907655322522,75.96611998538674,43.60345861302418,111.15384615384616,0.05
32,2025-01-09T08:00:00,CO,15.378619393377612,2039.0500366966767,290.46270038388445,0.5762125267977658,0,29.803907655322522,75.96611998538674,43.60345861302418,120.0,0.05
33,2025-01-09T14:00:00,CO,56.71481812923753,4357.519104871891,62.80552509375283,0.2902769396345916,2,24.929573108143618,26.142048869049194,165.77069576214902,5.0,7.608407285232728
33,2025-01-09T14:00:00,CO,56.71481812923753,4357.519104871891,62.80552509375283,0.2902769396345916,2,24.929573108143618,26.142048869049194,165.77069576214902,13.846153846153847,0.05
33,2025-01-09T14:00:00,CO,56.71481812923753,4357.519104871891,62.80552509375283,0.2902769396345916,2,24.929573108143618,26.142048869049194,165.77069576214902,22.692307692307693,0.05
33,2025-01-09T14:00:00,CO,56.71481812923753,4357.519104871891,62.80552509375283,0.2902769396345916,2,,26.142048869049194,165.77069576214902,31.53846153846154,0.05
33,2025-01-09T14:00:00,CO,56.71481812923753,4357.519104871891,62.80552509375283,0.2902769396345916,2,,26.142048869049194,165.77069576214902,40.38461538461539,0.05
33,2025-01-09T14:00:00,CO,56.71481812923753,4357.519104871891,62.80552509375283,0.2902769396345916,2,24.929573108143618,26.142048869049194,165.77069576214902,49.23076923076923,0.05
33,2025-01-09T14:00:00,CO,56.71481812923753,4357.519104871891,62.80552509375283,0.2902769396345916,2,24.929573108143618,26.142048869049194,165.77069576214902,58.07692307692308,
33,2025-01-09T14:00:00,CO,56.71481812923753,4357.519104871891,62.80552509375283,0.2902769396345916,2,24.929573108143618,26.142048869049194,165.77069576214902,66.92307692307693,0.05
33,2025-01-09T14:00:00,CO,56.71481812923753,4357.519104871891,62.80552509375283,0.2902769396345916,2,24.929573108143618,26.142048869049194,165.77069576214902,75.76923076923077,
33,2025-01-09T14:00:00,CO,56.71481812923753,4357.519104871891,62.80552509375283,0.2902769396345916,2,24.929573108143618,26.142048869049194,165.77069576214902,84.61538461538461,0.05
33,2025-01-09T14:00:00,CO,56.71481812923753,4357.519104871891,62.80552509375283,0.2902769396345916,2,24.929573108143618,26.142048869049194,165.77069576214902,93.46153846153847,0.05
33,2025-01-09T14:00:00,CO,56.71481812923753,4357.519104871891,62.80552509375283,0.2902769396345916,2,24.929573108143618,26.142048869049194,165.77069576214902,102.30769230769232,0.05
33,2025-01-09T14:00:00,CO,56.71481812923753,4357.519104871891,62.80552509375283,0.2902769396345916,2,24.929573108143618,26.142048869049194,165.77069576214902,111.15384615384616,0.05
33,2025-01-09T14:00:00,CO,56.71481812923753,4357.519104871891,62.80552509375283,0.2902769396345916,2,24.929573108143618,26.142048869049194,165.77069576214902,120.0,0.05
34,2025-01-09T20:00:00,NOx,25.70627735599942,10849.784637245848,399.75972605363074,0.9738705577003566,0,23.463743830017528,28.03118178232031,491.8713827570569,5.0,300.8631018020617
34,2025-01-09T20:00:00,NOx,25.70627735599942,10849.784637245848,399.75972605363074,0.9738705577003566,0,23.463743830017528,28.03118178232031,491.8713827570569,13.846153846153847,99.22343872938087
34,2025-01-09T20:00:00,NOx,25.70627735599942,10849.784637245848,399.75972605363074,0.9738705577003566,0,23.463743830017528,28.03118178232031,491.8713827570569,22.692307692307693,45.49206769319182
34,2025-01-09T20:00:00,NOx,25.70627735599942,10849.784637245848,399.75972605363074,0.9738705577003566,0,23.463743830017528,28.03118178232031,491.8713827570569,31.53846153846154,19.684418444670843
34,2025-01-09T20:00:00,NOx,25.70627735599942,10849.784637245848,399.75972605363074,0.9738705577003566,0,23.463743830017528,28.03118178232031,491.8713827570569,40.38461538461539,7.848377127783384
34,2025-01-09T20:00:00,NOx,25.70627735599942,10849.784637245848,399.75972605363074,0.9738705577003566,0,23.463743830017528,28.03118178232031,491.8713827570569,49.23076923076923,3.10689866819778
34,2025-01-09T20:00:00,NOx,25.70627735599942,10849.784637245848,399.75972605363074,0.9738705577003566,0,23.463743830017528,28.03118178232031,491.8713827570569,58.07692307692308,1.1429855735848191
34,2025-01-09T20:00:00,NOx,25.70627735599942,10849.784637245848,399.75972605363074,0.9738705577003566,0,23.463743830017528,28.03118178232031,491.8713827570569,66.92307692307693,0.4216084917733695
34,2025-01-09T20:00:00,NOx,25.70627735599942,10849.784637245848,399.75972605363074,0.9738705577003566,0,23.463743830017528,28.03118178232031,491.8713827570569,75.76923076923077,0.16388608708452912
34,2025-01-09T20:00:00,NOx,25.70627735599942,10849.784637245848,399.75972605363074,0.9738705577003566,0,23.463743830017528,28.03118178232031,491.8713827570569,84.61538461538461,0.07317375248902501
34,2025-01-09T20:00:00,NOx,25.70627735599942,10849.784637245848,399.75972605363074,0.9738705577003566,0,23.463743830017528,,491.8713827570569,93.46153846153847,0.05
34,2025-01-09T20:00:00,NOx,25.70627735599942,10849.784637245848,399.75972605363074,0.9738705577003566,0,23.463743830017528,28.03118178232031,491.8713827570569,102.30769230769232,0.05
34,2025-01-09T20:00:00,NOx,25.70627735599942,10849.784637245848,399.75972605363074,0.9738705577003566,0,23.463743830017528,28.03118178232031,491.8713827570569,111.15384615384616,0.05
34,2025-01-09T20:00:00,NOx,25.70627735599942,10849.784637245848,399.75972605363074,0.9738705577003566,0,23.463743830017528,28.03118178232031,491.8713827570569,120.0,0.05
35,2025-01-10T02:00:00,SO2,57.28141789328696,6563.330181117946,35.23734873530956,1.3246385510190108,3,28.404601340919875,49.47768582163391,111.49469194794081,5.0,5.4601076774419655
35,2025-01-10T02:00:00,SO2,57.28141789328696,6563.330181117946,35.23734873530956,1.3246385510190108,3,28.404601340919875,49.47768582163391,111.49469194794081,13.846153846153847,0.05
35,2025-01-10T02:00:00,SO2,57.28141789328696,6563.330181117946,35.23734873530956,1.3246385510190108,3,28.404601340919875,49.47768582163391,111.49469194794081,22.692307692307693,0.05
35,2025-01-10T02:00:00,SO2,57.28141789328696,6563.330181117946,35.23734873530956,1.3246385510190108,3,28.404601340919875,49.47768582163391,111.49469194794081,31.53846153846154,0.05
35,2025-01-10T02:00:00,SO2,57.28141789328696,6563.330181117946,35.23734873530956,1.3246385510190108,3,28.404601340919875,49.47768582163391,111.49469194794081,40.38461538461539,0.05
35,2025-01-10T02:00:00,SO2,57.28141789328696,6563.330181117946,35.23734873530956,1.3246385510190108,3,28.404601340919875,,111.49469194794081,49.23076923076923,0.05
35,2025-01-10T02:00:00,SO2,57.28141789328696,6563.330181117946,35.23734873530956,1.3246385510190108,3,28.404601340919875,49.47768582163391,111.49469194794081,58.07692307692308,0.05
35,2025-01-10T02:00:00,SO2,57.28141789328696,6563.330181117946,35.23734873530956,1.3246385510190108,3,28.404601340919875,49.47768582163391,111.49469194794081,66.92307692307693,0.05
35,2025-01-10T02:00:00,SO2,57.28141789328696,6563.330181117946,35.23734873530956,1.3246385510190108,3,28.404601340919875,49.47768582163391,111.49469194794081,75.76923076923077,0.05
35,2025-01-10T02:00:00,SO2,57.28141789328696,6563.330181117946,35.23734873530956,1.3246385510190108,3,28.404601340919875,49.47768582163391,111.49469194794081,84.61538461538461,0.05
35,2025-01-10T02:00:00,SO2,57.28141789328696,6563.330181117946,35.23734873530956,1.3246385510190108,3,28.404601340919875,49.47768582163391,111.49469194794081,93.46153846153847,0.05
35,2025-01-10T02:00:00,SO2,57.28141789328696,6563.330181117946,35.23734873530956,1.3246385510190108,3,28.404601340919875,49.47768582163391,111.49469194794081,102.30769230769232,0.05
35,2025-01-10T02:00:00,SO2,57.28141789328696,6563.330181117946,35.23734873530956,1.3246385510190108,3,28.404601340919875,49.47768582163391,111.49469194794081,111.15384615384616,0.05
35,2025-01-10T02:00:00,SO2,57.28141789328696,6563.330181117946,35.23734873530956,1.3246385510190108,3,28.404601340919875,49.47768582163391,111.49469194794081,120.0,0.05
36,2025-01-10T08:00:00,NOx,73.55285241328485,1971.6890842134824,409.66878216877683,1.4185229280833882,4,19.99724954321459,37.26384202488575,605.1362774818155,5.0,0.05
36,2025-01-10T08:00:00,NOx,73.55285241328485,1971.6890842134824,409.66878216877683,1.4185229280833882,4,19.99724954321459,37.26384202488575,605.1362774818155,13.846153846153847,0.05
36,2025-01-10T08:00:00,NOx,73.55285241328485,1971.6890842134824,409.66878216877683,1.4185229280833882,4,19.99724954321459,37.26384202488575,605.1362774818155,22.692307692307693,0.05
36,2025-01-10T08:00:00,NOx,73.55285241328485,1971.6890842134824,409.66878216877683,1.4185229280833882,4,19.99724954321459,37.26384202488575,605.1362774818155,31.53846153846154,0.05
36,2025-01-10T08:00:00,NOx,73.55285241328485,1971.6890842134824,409.66878216877683,1.4185229280833882,4,,37.26384202488575,605.1362774818155,40.38461538461539,0.05
36,2025-01-10T08:00:00,NOx,73.55285241328485,1971.6890842134824,409.66878216877683,1.4185229280833882,4,19.99724954321459,37.26384202488575,605.1362774818155,49.23076923076923,0.05
36,2025-01-10T08:00:00,NOx,73.55285241328485,1971.6890842134824,409.66878216877683,1.4185229280833882,4,19.99724954321459,37.26384202488575,605.1362774818155,58.07692307692308,0.05
36,2025-01-10T08:00:00,NOx,73.55285241328485,1971.6890842134824,409.66878216877683,1.4185229280833882,4,19.99724954321459,37.26384202488575,605.1362774818155,66.92307692307693,0.05
36,2025-01-10T08:00:00,NOx,73.55285241328485,1971.6890842134824,409.66878216877683,1.4185229280833882,4,19.99724954321459,37.26384202488575,605.1362774818155,75.76923076923077,0.05
36,2025-01-10T08:00:00,NOx,73.55285241328485,1971.6890842134824,409.66878216877683,1.4185229280833882,4,19.99724954321459,,605.1362774818155,84.61538461538461,0.05
36,2025-01-10T08:00:00,NOx,73.55285241328485,1971.6890842134824,409.66878216877683,1.4185229280833882,4,19.99724954321459,37.26384202488575,605.1362774818155,93.46153846153847,0.05
36,2025-01-10T08:00:00,NOx,73.55285241328485,1971.6890842134824,409.66878216877683,1.4185229280833882,4,19.99724954321459,37.26384202488575,605.1362774818155,102.30769230769232,0.05
36,2025-01-10T08:00:00,NOx,73.55285241328485,1971.6890842134824,409.66878216877683,1.4185229280833882,4,19.99724954321459,37.26384202488575,605.1362774818155,111.15384615384616,0.05
36,2025-01-10T08:00:00,NOx,73.55285241328485,1971.6890842134824,409.66878216877683,1.4185229280833882,4,19.99724954321459,37.26384202488575,605.1362774818155,120.0,0.05
37,2025-01-10T14:00:00,CO,26.159738846831743,2624.160806211015,317.51607082534446,0.7082949681820186,3,37.09796783711615,39.61580472151645,115.18262387966496,5.0,8.688161192410165
37,2025-01-10T14:00:00,CO,26.159738846831743,2624.160806211015,317.51607082534446,0.7082949681820186,3,37.09796783711615,39.61580472151645,115.18262387966496,13.846153846153847,0.08482736480507856
37,2025-01-10T14:00:00,CO,26.159738846831743,2624.160806211015,317.51607082534446,0.7082949681820186,3,37.09796783711615,39.61580472151645,115.18262387966496,22.692307692307693,0.05
37,2025-01-10T14:00:00,CO,26.159738846831743,2624.160806211015,317.51607082534446,0.7082949681820186,3,37.09796783711615,39.61580472151645,115.18262387966496,31.53846153846154,0.05
37,2025-01-10T14:00:00,CO,26.159738846831743,2624.160806211015,317.51607082534446,0.7082949681820186,3,37.09796783711615,39.61580472151645,115.18262387966496,40.38461538461539,0.05
37,2025-01-10T14:00:00,CO,26.159738846831743,2624.160806211015,317.51607082534446,0.7082949681820186,3,37.09796783711615,39.61580472151645,115.18262387966496,49.23076923076923,0.05
37,2025-01-10T14:00:00,CO,26.159738846831743,2624.160806211015,317.51607082534446,0.7082949681820186,3,37.09796783711615,39.61580472151645,115.18262387966496,58.07692307692308,0.05
37,2025-01-10T14:00:00,CO,26.159738846831743,2624.160806211015,317.51607082534446,0.7082949681820186,3,37.09796783711615,39.61580472151645,115.18262387966496,66.92307692307693,0.05
37,2025-01-10T14:00:00,CO,26.159738846831743,2624.160806211015,317.51607082534446,0.7082949681820186,3,37.09796783711615,39.61580472151645,115.18262387966496,75.76923076923077,0.05
37,2025-01-10T14:00:00,CO,26.159738846831743,2624.160806211015,317.51607082534446,0.7082949681820186,3,37.09796783711615,39.61580472151645,115.18262387966496,84.61538461538461,0.05
37,2025-01-10T14:00:00,CO,26.159738846831743,2624.160806211015,317.51607082534446,0.7082949681820186,3,37.09796783711615,39.61580472151645,115.18262387966496,93.46153846153847,0.05
37,2025-01-10T14:00:00,CO,26.159738846831743,2624.160806211015,317.51607082534446,0.7082949681820186,3,37.09796783711615,39.61580472151645,115.18262387966496,102.30769230769232,0.05
37,2025-01-10T14:00:00,CO,26.159738846831743,2624.160806211015,317.51607082534446,0.7082949681820186,3,37.09796783711615,39.61580472151645,115.18262387966496,111.15384615384616,0.05
37,2025-01-10T14:00:00,CO,26.159738846831743,2624.160806211015,317.51607082534446,0.7082949681820186,3,37.09796783711615,39.61580472151645,115.18262387966496,120.0,0.05
38,2025-01-10T20:00:00,CO,94.59878368158131,10619.160929363736,408.68957849790417,1.5791676211385182,3,37.05998265535963,29.30932843017306,144.72308730513194,5.0,8.976617664368135
38,2025-01-10T20:00:00,CO,94.59878368158131,10619.160929363736,408.68957849790417,1.5791676211385182,3,37.05998265535963,29.30932843017306,144.72308730513194,13.846153846153847,0.0599516439174821
38,2025-01-10T20:00:00,CO,94.59878368158131,10619.160929363736,408.68957849790417,1.5791676211385182,3,37.05998265535963,29.30932843017306,144.72308730513194,22.692307692307693,0.05
38,2025-01-10T20:00:00,CO,94.59878368158131,10619.160929363736,408.68957849790417,1.5791676211385182,3,37.05998265535963,29.30932843017306,144.72308730513194,31.53846153846154,0.05
38,2025-01-10T20:00:00,CO,94.59878368158131,10619.160929363736,408.68957849790417,1.5791676211385182,3,37.05998265535963,29.30932843017306,144.72308730513194,40.38461538461539,0.05
38,2025-01-10T20:00:00,CO,94.59878368158131,10619.160929363736,408.68957849790417,1.5791676211385182,3,37.05998265535963,29.30932843017306,144.72308730513194,49.23076923076923,0.05
38,2025-01-10T20:00:00,CO,94.59878368158131,10619.160929363736,408.68957849790417,1.5791676211385182,3,37.05998265535963,29.30932843017306,144.72308730513194,58.07692307692308,0.05
38,2025-01-10T20:00:00,CO,94.59878368158131,10619.160929363736,408.68957849790417,1.5791676211385182,3,37.05998265535963,29.30932843017306,144.72308730513194,66.92307692307693,0.05
38,2025-01-10T20:00:00,CO,94.59878368158131,10619.160929363736,408.68957849790417,1.5791676211385182,3,37.05998265535963,,144.72308730513194,75.76923076923077,0.05
38,2025-01-10T20:00:00,CO,94.59878368158131,10619.160929363736,408.68957849790417,1.5791676211385182,3,37.05998265535963,29.30932843017306,144.72308730513194,84.61538461538461,0.05
38,2025-01-10T20:00:00,CO,94.59878368158131,10619.160929363736,408.68957849790417,1.5791676211385182,3,37.05998265535963,29.30932843017306,144.72308730513194,93.46153846153847,0.05
38,2025-01-10T20:00:00,CO,94.59878368158131,10619.160929363736,408.68957849790417,1.5791676211385182,3,37.05998265535963,29.30932843017306,144.72308730513194,102.30769230769232,0.05
38,2025-01-10T20:00:00,CO,94.59878368158131,10619.160929363736,408.68957849790417,1.5791676211385182,3,37.05998265535963,29.30932843017306,144.72308730513194,111.15384615384616,0.05
38,2025-01-10T20:00:00,CO,94.59878368158131,10619.160929363736,408.68957849790417,1.5791676211385182,3,37.05998265535963,29.30932843017306,144.72308730513194,120.0,0.05
39,2025-01-11T02:00:00,NOx,95.41412266885335,3116.311508157155,425.4463198300016,0.4128847055489766,4,35.922441648472606,31.023738738988555,241.05025647499642,5.0,0.22860531501169787
39,2025-01-11T02:00:00,NOx,95.41412266885335,3116.311508157155,425.4463198300016,0.4128847055489766,4,35.922441648472606,31.023738738988555,241.05025647499642,13.846153846153847,0.05
39,2025-01-11T02:00:00,NOx,95.41412266885335,3116.311508157155,425.4463198300016,0.4128847055489766,4,35.922441648472606,31.023738738988555,241.05025647499642,22.692307692307693,0.05
39,2025-01-11T02:00:00,NOx,95.41412266885335,3116.311508157155,425.4463198300016,0.4128847055489766,4,35.922441648472606,31.023738738988555,241.05025647499642,31.53846153846154,0.05
39,2025-01-11T02:00:00,NOx,95.41412266885335,3116.311508157155,425.4463198300016,0.4128847055489766,4,35.922441648472606,31.023738738988555,241.05025647499642,40.38461538461539,0.05
39,2025-01-11T02:00:00,NOx,95.41412266885335,3116.311508157155,425.4463198300016,0.4128847055489766,4,35.922441648472606,31.023738738988555,241.05025647499642,49.23076923076923,0.05
39,2025-01-11T02:00:00,NOx,95.41412266885335,3116.311508157155,425.4463198300016,0.4128847055489766,4,35.922441648472606,31.023738738988555,241.05025647499642,58.07692307692308,0.05
39,2025-01-11T02:00:00,NOx,95.41412266885335,3116.311508157155,425.4463198300016,0.4128847055489766,4,35.922441648472606,31.023738738988555,241.05025647499642,66.92307692307693,0.05
39,2025-01-11T02:00:00,NOx,95.41412266885335,3116.311508157155,425.4463198300016,0.4128847055489766,4,35.922441648472606,31.023738738988555,241.05025647499642,75.76923076923077,0.05
39,2025-01-11T02:00:00,NOx,95.41412266885335,3116.311508157155,425.4463198300016,0.4128847055489766,4,35.922441648472606,31.023738738988555,241.05025647499642,84.61538461538461,0.05
39,2025-01-11T02:00:00,NOx,95.41412266885335,3116.311508157155,425.4463198300016,0.4128847055489766,4,35.922441648472606,31.023738738988555,241.05025647499642,93.46153846153847,0.05
39,2025-01-11T02:00:00,NOx,95.41412266885335,3116.311508157155,425.4463198300016,0.4128847055489766,4,35.922441648472606,31.023738738988555,241.05025647499642,102.30769230769232,0.05
39,2025-01-11T02:00:00,NOx,95.41412266885335,3116.311508157155,425.4463198300016,0.4128847055489766,4,35.922441648472606,31.023738738988555,241.05025647499642,111.15384615384616,0.05
39,2025-01-11T02:00:00,NOx,95.41412266885335,3116.311508157155,425.4463198300016,0.4128847055489766,4,35.922441648472606,31.023738738988555,241.05025647499642,120.0,0.05
40,2025-01-11T08:00:00,NOx,64.98565487528217,6733.151461243977,255.3585657023775,0.836660164341882,1,20.51327705737072,82.134982950741,406.34337728562645,5.0,27.53539695453063
40,2025-01-11T08:00:00,NOx,64.98565487528217,6733.151461243977,255.3585657023775,0.836660164341882,1,20.51327705737072,82.134982950741,406.34337728562645,13.846153846153847,0.23027426743363708
40,2025-01-11T08:00:00,NOx,64.98565487528217,6733.151461243977,255.3585657023775,0.836660164341882,1,20.51327705737072,82.134982950741,406.34337728562645,22.692307692307693,0.05
40,2025-01-11T08:00:00,NOx,64.98565487528217,6733.151461243977,255.3585657023775,0.836660164341882,1,20.51327705737072,82.134982950741,406.34337728562645,31.53846153846154,0.05
40,2025-01-11T08:00:00,NOx,64.98565487528217,6733.151461243977,255.3585657023775,0.836660164341882,1,20.51327705737072,82.134982950741,406.34337728562645,40.38461538461539,0.05
40,2025-01-11T08:00:00,NOx,64.98565487528217,6733.151461243977,255.3585657023775,0.836660164341882,1,20.51327705737072,82.134982950741,406.34337728562645,49.23076923076923,0.05
40,2025-01-11T08:00:00,NOx,64.98565487528217,6733.151461243977,255.3585657023775,0.836660164341882,1,20.51327705737072,82.134982950741,406.34337728562645,58.07692307692308,0.05
40,2025-01-11T08:00:00,NOx,64.98565487528217,6733.151461243977,255.3585657023775,0.836660164341882,1,20.51327705737072,82.134982950741,406.34337728562645,66.92307692307693,0.05
40,2025-01-11T08:00:00,NOx,64.98565487528217,6733.151461243977,255.3585657023775,0.836660164341882,1,,82.134982950741,406.34337728562645,75.76923076923077,0.05
40,2025-01-11T08:00:00,NOx,64.98565487528217,6733.151461243977,255.3585657023775,0.836660164341882,1,20.51327705737072,82.134982950741,406.34337728562645,84.61538461538461,0.05
40,2025-01-11T08:00:00,NOx,64.98565487528217,6733.151461243977,255.3585657023775,0.836660164341882,1,20.51327705737072,82.134982950741,406.34337728562645,93.46153846153847,
40,2025-01-11T08:00:00,NOx,64.98565487528217,6733.151461243977,255.3585657023775,0.836660164341882,1,20.51327705737072,82.134982950741,406.34337728562645,102.30769230769232,0.05
40,2025-01-11T08:00:00,NOx,64.98565487528217,6733.151461243977,255.3585657023775,0.836660164341882,1,20.51327705737072,82.134982950741,406.34337728562645,111.15384615384616,0.05
40,2025-01-11T08:00:00,NOx,64.98565487528217,6733.151461243977,255.3585657023775,0.836660164341882,1,20.51327705737072,82.134982950741,406.34337728562645,120.0,0.05
41,2025-01-11T14:00:00,SO2,92.09438033500365,6050.104126556268,94.20839129306111,1.4928989086693167,0,24.827741347634554,28.006401381816026,300.2267943760778,5.0,6.025396208610015
41,2025-01-11T14:00:00,SO2,92.09438033500365,6050.104126556268,94.20839129306111,1.4928989086693167,0,24.827741347634554,28.006401381816026,300.2267943760778,13.846153846153847,0.05
41,2025-01-11T14:00:00,SO2,92.09438033500365,6050.104126556268,94.20839129306111,1.4928989086693167,0,24.827741347634554,28.006401381816026,300.2267943760778,22.692307692307693,0.05
41,2025-01-11T14:00:00,SO2,92.09438033500365,6050.104126556268,94.20839129306111,1.4928989086693167,0,24.827741347634554,28.006401381816026,300.2267943760778,31.53846153846154,0.05
41,2025-01-11T14:00:00,SO2,92.09438033500365,6050.104126556268,94.20839129306111,1.4928989086693167,0,24.827741347634554,28.006401381816026,300.2267943760778,40.38461538461539,0.05
41,2025-01-11T14:00:00,SO2,92.09438033500365,6050.104126556268,94.20839129306111,1.4928989086693167,0,24.827741347634554,28.006401381816026,300.2267943760778,49.23076923076923,0.05
41,2025-01-11T14:00:00,SO2,92.09438033500365,6050.104126556268,94.20839129306111,1.4928989086693167,0,24.827741347634554,28.006401381816026,300.2267943760778,58.07692307692308,0.05
41,2025-01-11T14:00:00,SO2,92.09438033500365,6050.104126556268,94.20839129306111,1.4928989086693167,0,24.827741347634554,28.006401381816026,300.2267943760778,66.92307692307693,0.05
41,2025-01-11T14:00:00,SO2,92.09438033500365,6050.104126556268,94.20839129306111,1.4928989086693167,0,24.827741347634554,28.006401381816026,300.2267943760778,75.76923076923077,0.05
41,2025-01-11T14:00:00,SO2,92.09438033500365,6050.104126556268,94.20839129306111,1.4928989086693167,0,24.827741347634554,28.006401381816026,300.2267943760778,84.61538461538461,0.05
41,2025-01-11T14:00:00,SO2,92.09438033500365,6050.104126556268,94.20839129306111,1.4928989086693167,0,24.827741347634554,28.006401381816026,300.2267943760778,93.46153846153847,0.05
41,2025-01-11T14:00:00,SO2,92.09438033500365,6050.104126556268,94.20839129306111,1.4928989086693167,0,24.827741347634554,28.006401381816026,300.2267943760778,102.30769230769232,0.05
41,2025-01-11T14:00:00,SO2,92.09438033500365,6050.104126556268,94.20839129306111,1.4928989086693167,0,24.827741347634554,28.006401381816026,300.2267943760778,111.15384615384616,0.05
41,2025-01-11T14:00:00,SO2,92.09438033500365,6050.104126556268,94.20839129306111,1.4928989086693167,0,24.827741347634554,28.006401381816026,300.2267943760778,120.0,0.05
42,2025-01-11T20:00:00,NOx,54.436158289585194,11124.747441735944,164.04572773538942,1.2303431733182666,3,31.199026022585578,60.98172140295942,399.31581929683864,5.0,73.63060325445836
42,2025-01-11T20:00:00,NOx,54.436158289585194,11124.747441735944,164.04572773538942,1.2303431733182666,3,31.199026022585578,60.98172140295942,399.31581929683864,13.846153846153847,5.407420220776772
42,2025-01-11T20:00:00,NOx,54.436158289585194,11124.747441735944,164.04572773538942,1.2303431733182666,3,31.199026022585578,60.98172140295942,399.31581929683864,22.692307692307693,0.35581301406447147
42,2025-01-11T20:00:00,NOx,54.436158289585194,11124.747441735944,164.04572773538942,1.2303431733182666,3,31.199026022585578,60.98172140295942,399.31581929683864,31.53846153846154,0.05
42,2025-01-11T20:00:00,NOx,54.436158289585194,11124.747441735944,164.04572773538942,1.2303431733182666,3,31.199026022585578,60.98172140295942,399.31581929683864,40.38461538461539,0.05
42,2025-01-11T20:00:00,NOx,54.436158289585194,11124.747441735944,164.04572773538942,1.2303431733182666,3,31.199026022585578,60.98172140295942,399.31581929683864,49.23076923076923,0.05
42,2025-01-11T20:00:00,NOx,54.436158289585194,11124.747441735944,164.04572773538942,1.2303431733182666,3,31.199026022585578,60.98172140295942,399.31581929683864,58.07692307692308,0.05
42,2025-01-11T20:00:00,NOx,54.436158289585194,11124.747441735944,164.04572773538942,1.2303431733182666,3,31.199026022585578,60.98172140295942,399.31581929683864,66.92307692307693,0.05
42,2025-01-11T20:00:00,NOx,54.436158289585194,11124.747441735944,164.04572773538942,1.2303431733182666,3,31.199026022585578,,399.31581929683864,75.76923076923077,0.05
42,2025-01-11T20:00:00,NOx,54.436158289585194,11124.747441735944,164.04572773538942,1.2303431733182666,3,31.199026022585578,60.98172140295942,399.31581929683864,84.61538461538461,0.05
42,2025-01-11T20:00:00,NOx,54.436158289585194,11124.747441735944,164.04572773538942,1.2303431733182666,3,31.199026022585578,60.98172140295942,399.31581929683864,93.46153846153847,0.05
42,2025-01-11T20:00:00,NOx,54.436158289585194,11124.747441735944,164.04572773538942,1.2303431733182666,3,31.199026022585578,60.98172140295942,399.31581929683864,102.30769230769232,0.05
42,2025-01-11T20:00:00,NOx,54.436158289585194,11124.747441735944,164.04572773538942,1.2303431733182666,3,31.199026022585578,60.98172140295942,399.31581929683864,111.15384615384616,0.05
42,2025-01-11T20:00:00,NOx,54.436158289585194,11124.747441735944,164.04572773538942,1.2303431733182666,3,31.199026022585578,,399.31581929683864,120.0,0.05
43,2025-01-12T02:00:00,NOx,89.736513782327,6500.062499615167,410.9762573019936,0.8160563337025438,2,30.941435962866503,45.54174599800325,350.1990678555699,5.0,11.218161703338751
43,2025-01-12T02:00:00,NOx,89.736513782327,6500.062499615167,410.9762573019936,0.8160563337025438,2,30.941435962866503,45.54174599800325,350.1990678555699,13.846153846153847,0.05
43,2025-01-12T02:00:00,NOx,89.736513782327,6500.062499615167,410.9762573019936,0.8160563337025438,2,30.941435962866503,45.54174599800325,350.1990678555699,22.692307692307693,0.05
43,2025-01-12T02:00:00,NOx,89.736513782327,6500.062499615167,410.9762573019936,0.8160563337025438,2,30.941435962866503,45.54174599800325,350.1990678555699,31.53846153846154,0.05
43,2025-01-12T02:00:00,NOx,89.736513782327,6500.062499615167,410.9762573019936,0.8160563337025438,2,30.941435962866503,45.54174599800325,350.1990678555699,40.38461538461539,0.05
43,2025-01-12T02:00:00,NOx,89.736513782327,6500.062499615167,410.9762573019936,0.8160563337025438,2,,45.54174599800325,350.1990678555699,49.23076923076923,0.05
43,2025-01-12T02:00:00,NOx,89.736513782327,6500.062499615167,410.9762573019936,0.8160563337025438,2,30.941435962866503,45.54174599800325,350.1990678555699,58.07692307692308,0.05
43,2025-01-12T02:00:00,NOx,89.736513782327,6500.062499615167,410.9762573019936,0.8160563337025438,2,30.941435962866503,45.54174599800325,350.1990678555699,66.92307692307693,0.05
43,2025-01-12T02:00:00,NOx,89.736513782327,6500.062499615167,410.9762573019936,0.8160563337025438,2,30.941435962866503,45.54174599800325,350.1990678555699,75.76923076923077,0.05
43,2025-01-12T02:00:00,NOx,89.736513782327,6500.062499615167,410.9762573019936,0.8160563337025438,2,30.941435962866503,45.54174599800325,350.1990678555699,84.61538461538461,0.05
43,2025-01-12T02:00:00,NOx,89.736513782327,6500.062499615167,410.9762573019936,0.8160563337025438,2,30.941435962866503,45.54174599800325,350.1990678555699,93.46153846153847,0.05
43,2025-01-12T02:00:00,NOx,89.736513782327,6500.062499615167,410.9762573019936,0.8160563337025438,2,30.941435962866503,45.54174599800325,350.1990678555699,102.30769230769232,0.05
43,2025-01-12T02:00:00,NOx,89.736513782327,6500.062499615167,410.9762573019936,0.8160563337025438,2,,45.54174599800325,350.1990678555699,111.15384615384616,0.05
43,2025-01-12T02:00:00,NOx,89.736513782327,6500.062499615167,410.9762573019936,0.8160563337025438,2,30.941435962866503,45.54174599800325,350.1990678555699,120.0,0.05
44,2025-01-12T08:00:00,CO,42.62024279271675,8357.049330311913,412.33730227780603,0.5234052506976511,4,32.02782202486865,82.17534810913395,503.64596699425215,5.0,135.74506207423983
44,2025-01-12T08:00:00,CO,42.62024279271675,8357.049330311913,412.33730227780603,0.5234052506976511,4,32.02782202486865,82.17534810913395,503.64596699425215,13.846153846153847,14.193182823397974
44,2025-01-12T08:00:00,CO,42.62024279271675,8357.049330311913,412.33730227780603,0.5234052506976511,4,32.02782202486865,82.17534810913395,503.64596699425215,22.692307692307693,1.4072182294756093
44,2025-01-12T08:00:00,CO,42.62024279271675,8357.049330311913,412.33730227780603,0.5234052506976511,4,32.02782202486865,82.17534810913395,503.64596699425215,31.53846153846154,0.13077676568069843
44,2025-01-12T08:00:00,CO,42.62024279271675,8357.049330311913,412.33730227780603,0.5234052506976511,4,32.02782202486865,82.17534810913395,503.64596699425215,40.38461538461539,0.05
44,2025-01-12T08:00:00,CO,42.62024279271675,8357.049330311913,412.33730227780603,0.5234052506976511,4,32.02782202486865,82.17534810913395,503.64596699425215,49.23076923076923,0.05
44,2025-01-12T08:00:00,CO,42.62024279271675,8357.049330311913,412.33730227780603,0.5234052506976511,4,32.02782202486865,82.17534810913395,503.64596699425215,58.07692307692308,0.05
44,2025-01-12T08:00:00,CO,42.62024279271675,8357.049330311913,412.33730227780603,0.5234052506976511,4,32.02782202486865,82.17534810913395,503.64596699425215,66.92307692307693,0.05
44,2025-01-12T08:00:00,CO,42.62024279271675,8357.049330311913,412.33730227780603,0.5234052506976511,4,32.02782202486865,82.17534810913395,503.64596699425215,75.76923076923077,0.05
44,2025-01-12T08:00:00,CO,42.62024279271675,8357.049330311913,412.33730227780603,0.5234052506976511,4,32.02782202486865,82.17534810913395,503.64596699425215,84.61538461538461,0.05
44,2025-01-12T08:00:00,CO,42.62024279271675,8357.049330311913,412.33730227780603,0.5234052506976511,4,32.02782202486865,82.17534810913395,503.64596699425215,93.46153846153847,0.05
44,2025-01-12T08:00:00,CO,42.62024279271675,8357.049330311913,412.33730227780603,0.5234052506976511,4,32.02782202486865,82.17534810913395,503.64596699425215,102.30769230769232,0.05
44,2025-01-12T08:00:00,CO,42.62024279271675,8357.049330311913,412.33730227780603,0.5234052506976511,4,32.02782202486865,82.17534810913395,503.64596699425215,111.15384615384616,0.05
44,2025-01-12T08:00:00,CO,42.62024279271675,8357.049330311913,412.33730227780603,0.5234052506976511,4,32.02782202486865,82.17534810913395,503.64596699425215,120.0,0.05
45,2025-01-12T14:00:00,NOx,80.27787001240513,4542.0461899380625,132.56610032167305,1.4821069775949738,2,36.477489989970124,75.59937314571874,783.4353673810666,5.0,6.370052258607148
45,2025-01-12T14:00:00,NOx,80.27787001240513,4542.0461899380625,132.56610032167305,1.4821069775949738,2,36.477489989970124,75.59937314571874,783.4353673810666,13.846153846153847,0.05
45,2025-01-12T14:00:00,NOx,80.27787001240513,4542.0461899380625,132.56610032167305,1.4821069775949738,2,36.477489989970124,75.59937314571874,783.4353673810666,22.692307692307693,0.05
45,2025-01-12T14:00:00,NOx,80.27787001240513,4542.0461899380625,132.56610032167305,1.4821069775949738,2,36.477489989970124,75.59937314571874,783.4353673810666,31.53846153846154,0.05
45,2025-01-12T14:00:00,NOx,80.27787001240513,4542.0461899380625,132.56610032167305,1.4821069775949738,2,36.477489989970124,75.59937314571874,783.4353673810666,40.38461538461539,0.05
45,2025-01-12T14:00:00,NOx,80.27787001240513,4542.0461899380625,132.56610032167305,1.4821069775949738,2,36.477489989970124,75.59937314571874,783.4353673810666,49.23076923076923,0.05
45,2025-01-12T14:00:00,NOx,80.27787001240513,4542.0461899380625,132.56610032167305,1.4821069775949738,2,36.477489989970124,75.59937314571874,783.4353673810666,58.07692307692308,0.05
45,2025-01-12T14:00:00,NOx,80.27787001240513,4542.0461899380625,132.56610032167305,1.4821069775949738,2,36.477489989970124,75.59937314571874,783.4353673810666,66.92307692307693,0.05
45,2025-01-12T14:00:00,NOx,80.27787001240513,4542.0461899380625,132.56610032167305,1.4821069775949738,2,36.477489989970124,75.59937314571874,783.4353673810666,75.76923076923077,0.05
45,2025-01-12T14:00:00,NOx,80.27787001240513,4542.0461899380625,132.56610032167305,1.4821069775949738,2,36.477489989970124,75.59937314571874,783.4353673810666,84.61538461538461,0.05
45,2025-01-12T14:00:00,NOx,80.27787001240513,4542.0461899380625,132.56610032167305,1.4821069775949738,2,36.477489989970124,75.59937314571874,783.4353673810666,93.46153846153847,0.05
45,2025-01-12T14:00:00,NOx,80.27787001240513,4542.0461899380625,132.56610032167305,1.4821069775949738,2,36.477489989970124,75.59937314571874,783.4353673810666,102.30769230769232,0.05
45,2025-01-12T14:00:00,NOx,80.27787001240513,4542.0461899380625,132.56610032167305,1.4821069775949738,2,36.477489989970124,75.59937314571874,783.4353673810666,111.15384615384616,0.05
45,2025-01-12T14:00:00,NOx,80.27787001240513,4542.0461899380625,132.56610032167305,1.4821069775949738,2,36.477489989970124,75.59937314571874,783.4353673810666,120.0,0.05
46,2025-01-12T20:00:00,CO,48.30203660117236,9732.121359624429,382.4530238184163,0.4367442446566665,3,20.31408334618859,48.40375540939175,798.943231409056,5.0,269.31075256353114
46,2025-01-12T20:00:00,CO,48.30203660117236,9732.121359624429,382.4530238184163,0.4367442446566665,3,20.31408334618859,48.40375540939175,798.943231409056,13.846153846153847,40.88240763128078
46,2025-01-12T20:00:00,CO,48.30203660117236,9732.121359624429,382.4530238184163,0.4367442446566665,3,20.31408334618859,48.40375540939175,798.943231409056,22.692307692307693,6.312203218829865
46,2025-01-12T20:00:00,CO,48.30203660117236,9732.121359624429,382.4530238184163,0.4367442446566665,3,20.31408334618859,48.40375540939175,798.943231409056,31.53846153846154,0.7430987273688725
46,2025-01-12T20:00:00,CO,48.30203660117236,9732.121359624429,382.4530238184163,0.4367442446566665,3,20.31408334618859,48.40375540939175,798.943231409056,40.38461538461539,0.11927745568604625
46,2025-01-12T20:00:00,CO,48.30203660117236,9732.121359624429,382.4530238184163,0.4367442446566665,3,20.31408334618859,48.40375540939175,798.943231409056,49.23076923076923,0.05
46,2025-01-12T20:00:00,CO,48.30203660117236,9732.121359624429,382.4530238184163,0.4367442446566665,3,20.31408334618859,48.40375540939175,798.943231409056,58.07692307692308,0.05
46,2025-01-12T20:00:00,CO,48.30203660117236,9732.121359624429,382.4530238184163,0.4367442446566665,3,20.31408334618859,48.40375540939175,798.943231409056,66.92307692307693,0.05
46,2025-01-12T20:00:00,CO,48.30203660117236,9732.121359624429,382.4530238184163,0.4367442446566665,3,20.31408334618859,48.40375540939175,798.943231409056,75.76923076923077,0.05
46,2025-01-12T20:00:00,CO,48.30203660117236,9732.121359624429,382.4530238184163,0.4367442446566665,3,20.31408334618859,48.40375540939175,798.943231409056,84.61538461538461,0.05
46,2025-01-12T20:00:00,CO,48.30203660117236,9732.121359624429,382.4530238184163,0.4367442446566665,3,20.31408334618859,48.40375540939175,798.943231409056,93.46153846153847,0.05
46,2025-01-12T20:00:00,CO,48.30203660117236,9732.121359624429,382.4530238184163,0.4367442446566665,3,20.31408334618859,48.40375540939175,798.943231409056,102.30769230769232,0.05
46,2025-01-12T20:00:00,CO,48.30203660117236,9732.121359624429,382.4530238184163,0.4367442446566665,3,20.31408334618859,48.40375540939175,798.943231409056,111.15384615384616,0.05
46,2025-01-12T20:00:00,CO,48.30203660117236,9732.121359624429,382.4530238184163,0.4367442446566665,3,20.31408334618859,48.40375540939175,798.943231409056,120.0,0.05
47,2025-01-13T02:00:00,CO,71.63597228440764,6408.580869699117,318.1884245583632,1.1311270920734946,3,37.840840110561096,84.96531455345126,432.5091460030871,5.0,13.652874119133024
47,2025-01-13T02:00:00,CO,71.63597228440764,6408.580869699117,318.1884245583632,1.1311270920734946,3,37.840840110561096,84.96531455345126,432.5091460030871,13.846153846153847,0.05
47,2025-01-13T02:00:00,CO,71.63597228440764,6408.580869699117,318.1884245583632,1.1311270920734946,3,37.840840110561096,84.96531455345126,432.5091460030871,22.692307692307693,0.05
47,2025-01-13T02:00:00,CO,71.63597228440764,6408.580869699117,318.1884245583632,1.1311270920734946,3,37.840840110561096,84.96531455345126,432.5091460030871,31.53846153846154,0.05
47,2025-01-13T02:00:00,CO,71.63597228440764,6408.580869699117,318.1884245583632,1.1311270920734946,3,37.840840110561096,84.96531455345126,432.5091460030871,40.38461538461539,0.05
47,2025-01-13T02:00:00,CO,71.63597228440764,6408.580869699117,318.1884245583632,1.1311270920734946,3,37.840840110561096,84.96531455345126,432.5091460030871,49.23076923076923,0.05
47,2025-01-13T02:00:00,CO,71.63597228440764,6408.580869699117,318.1884245583632,1.1311270920734946,3,37.840840110561096,84.96531455345126,432.5091460030871,58.07692307692308,0.05
47,2025-01-13T02:00:00,CO,71.63597228440764,6408.580869699117,318.1884245583632,1.1311270920734946,3,37.840840110561096,84.96531455345126,432.5091460030871,66.92307692307693,0.05
47,2025-01-13T02:00:00,CO,71.63597228440764,6408.580869699117,318.1884245583632,1.1311270920734946,3,37.840840110561096,84.96531455345126,432.5091460030871,75.76923076923077,0.05
47,2025-01-13T02:00:00,CO,71.63597228440764,6408.580869699117,318.1884245583632,1.1311270920734946,3,37.840840110561096,84.96531455345126,432.5091460030871,84.61538461538461,0.05
47,2025-01-13T02:00:00,CO,71.63597228440764,6408.580869699117,318.1884245583632,1.1311270920734946,3,37.840840110561096,84.96531455345126,432.5091460030871,93.46153846153847,0.05
47,2025-01-13T02:00:00,CO,71.63597228440764,6408.580869699117,318.1884245583632,1.1311270920734946,3,37.840840110561096,84.96531455345126,432.5091460030871,102.30769230769232,0.05
47,2025-01-13T02:00:00,CO,71.63597228440764,6408.580869699117,318.1884245583632,1.1311270920734946,3,37.840840110561096,84.96531455345126,432.5091460030871,111.15384615384616,0.05
47,2025-01-13T02:00:00,CO,71.63597228440764,6408.580869699117,318.1884245583632,1.1311270920734946,3,37.840840110561096,84.96531455345126,432.5091460030871,120.0,0.05
48,2025-01-13T08:00:00,SO2,65.05580421026755,10801.947418806594,90.44165235299448,1.4367428525395962,4,21.070510441092278,57.03040079643762,91.31404494243542,5.0,10.562421257101994
48,2025-01-13T08:00:00,SO2,65.05580421026755,10801.947418806594,90.44165235299448,1.4367428525395962,4,21.070510441092278,57.03040079643762,91.31404494243542,13.846153846153847,0.21926886969092146
48,2025-01-13T08:00:00,SO2,65.05580421026755,10801.947418806594,90.44165235299448,1.4367428525395962,4,21.070510441092278,57.03040079643762,91.31404494243542,22.692307692307693,0.05
48,2025-01-13T08:00:00,SO2,65.05580421026755,10801.947418806594,90.44165235299448,1.4367428525395962,4,21.070510441092278,57.03040079643762,91.31404494243542,31.53846153846154,0.05
48,2025-01-13T08:00:00,SO2,65.05580421026755,10801.947418806594,90.44165235299448,1.4367428525395962,4,21.070510441092278,57.03040079643762,91.31404494243542,40.38461538461539,0.05
48,2025-01-13T08:00:00,SO2,65.05580421026755,10801.947418806594,90.44165235299448,1.4367428525395962,4,21.070510441092278,57.03040079643762,91.31404494243542,49.23076923076923,0.05
48,2025-01-13T08:00:00,SO2,65.05580421026755,10801.947418806594,90.44165235299448,1.4367428525395962,4,21.070510441092278,57.03040079643762,91.31404494243542,58.07692307692308,0.05
48,2025-01-13T08:00:00,SO2,65.05580421026755,10801.947418806594,90.44165235299448,1.4367428525395962,4,21.070510441092278,57.03040079643762,91.31404494243542,66.92307692307693,0.05
48,2025-01-13T08:00:00,SO2,65.05580421026755,10801.947418806594,90.44165235299448,1.4367428525395962,4,21.070510441092278,57.03040079643762,91.31404494243542,75.76923076923077,0.05
48,2025-01-13T08:00:00,SO2,65.05580421026755,10801.947418806594,90.44165235299448,1.4367428525395962,4,21.070510441092278,57.03040079643762,91.31404494243542,84.61538461538461,0.05
48,2025-01-13T08:00:00,SO2,65.05580421026755,10801.947418806594,90.44165235299448,1.4367428525395962,4,21.070510441092278,57.03040079643762,91.31404494243542,93.46153846153847,0.05
48,2025-01-13T08:00:00,SO2,65.05580421026755,10801.947418806594,90.44165235299448,1.4367428525395962,4,21.070510441092278,57.03040079643762,91.31404494243542,102.30769230769232,0.05
48,2025-01-13T08:00:00,SO2,65.05580421026755,10801.947418806594,90.44165235299448,1.4367428525395962,4,21.070510441092278,57.03040079643762,91.31404494243542,111.15384615384616,0.05
48,2025-01-13T08:00:00,SO2,65.05580421026755,10801.947418806594,90.44165235299448,1.4367428525395962,4,21.070510441092278,57.03040079643762,91.31404494243542,120.0,0.05
49,2025-01-13T14:00:00,NOx,39.80481160698804,9226.08384165579,241.7550138441418,1.2628590837301148,0,27.29359275714659,47.074260413309055,206.58380452376056,5.0,76.27655565801265
49,2025-01-13T14:00:00,NOx,39.80481160698804,9226.08384165579,241.7550138441418,1.2628590837301148,0,27.29359275714659,47.074260413309055,206.58380452376056,13.846153846153847,13.765024439757012
49,2025-01-13T14:00:00,NOx,39.80481160698804,9226.08384165579,241.7550138441418,1.2628590837301148,0,27.29359275714659,47.074260413309055,206.58380452376056,22.692307692307693,2.318057686990348
49,2025-01-13T14:00:00,NOx,39.80481160698804,9226.08384165579,241.7550138441418,1.2628590837301148,0,27.29359275714659,47.074260413309055,206.58380452376056,31.53846153846154,0.37066664034268876
49,2025-01-13T14:00:00,NOx,39.80481160698804,9226.08384165579,241.7550138441418,1.2628590837301148,0,27.29359275714659,,206.58380452376056,40.38461538461539,0.07081596422718568
49,2025-01-13T14:00:00,NOx,39.80481160698804,9226.08384165579,241.7550138441418,1.2628590837301148,0,27.29359275714659,47.074260413309055,206.58380452376056,49.23076923076923,
49,2025-01-13T14:00:00,NOx,39.80481160698804,9226.08384165579,241.7550138441418,1.2628590837301148,0,27.29359275714659,47.074260413309055,206.58380452376056,58.07692307692308,0.05
49,2025-01-13T14:00:00,NOx,39.80481160698804,9226.08384165579,241.7550138441418,,0,27.29359275714659,47.074260413309055,206.58380452376056,66.92307692307693,0.05
49,2025-01-13T14:00:00,NOx,39.80481160698804,9226.08384165579,241.7550138441418,1.2628590837301148,0,27.29359275714659,47.074260413309055,206.58380452376056,75.76923076923077,0.05
49,2025-01-13T14:00:00,NOx,39.80481160698804,9226.08384165579,241.7550138441418,1.2628590837301148,0,27.29359275714659,47.074260413309055,206.58380452376056,84.61538461538461,0.05
49,2025-01-13T14:00:00,NOx,39.80481160698804,9226.08384165579,241.7550138441418,1.2628590837301148,0,27.29359275714659,47.074260413309055,206.58380452376056,93.46153846153847,0.05
49,2025-01-13T14:00:00,NOx,39.80481160698804,9226.08384165579,241.7550138441418,1.2628590837301148,0,27.29359275714659,47.074260413309055,206.58380452376056,102.30769230769232,0.05
49,2025-01-13T14:00:00,NOx,39.80481160698804,9226.08384165579,241.7550138441418,1.2628590837301148,0,27.29359275714659,47.074260413309055,206.58380452376056,111.15384615384616,0.05
49,2025-01-13T14:00:00,NOx,39.80481160698804,9226.08384165579,241.7550138441418,1.2628590837301148,0,27.29359275714659,47.074260413309055,206.58380452376056,120.0,0.05
50,2025-01-13T20:00:00,SO2,32.76847333579437,3272.936717540061,305.5510292199266,0.6402628352115588,1,29.328413016192894,58.054526109424174,669.6956628774772,5.0,43.37017395535164
50,2025-01-13T20:00:00,SO2,32.76847333579437,3272.936717540061,305.5510292199266,0.6402628352115588,1,29.328413016192894,58.054526109424174,669.6956628774772,13.846153846153847,0.3629516747647048
50,2025-01-13T20:00:00,SO2,32.76847333579437,3272.936717540061,305.5510292199266,0.6402628352115588,1,29.328413016192894,58.054526109424174,669.6956628774772,22.692307692307693,0.05
50,2025-01-13T20:00:00,SO2,32.76847333579437,3272.936717540061,305.5510292199266,0.6402628352115588,1,29.328413016192894,58.054526109424174,669.6956628774772,31.53846153846154,0.05
50,2025-01-13T20:00:00,SO2,32.76847333579437,3272.936717540061,305.5510292199266,0.6402628352115588,1,29.328413016192894,58.054526109424174,669.6956628774772,40.38461538461539,0.05
50,2025-01-13T20:00:00,SO2,32.76847333579437,3272.936717540061,305.5510292199266,0.6402628352115588,1,29.328413016192894,58.054526109424174,669.6956628774772,49.23076923076923,0.05
50,2025-01-13T20:00:00,SO2,32.76847333579437,3272.936717540061,305.5510292199266,0.6402628352115588,1,29.328413016192894,58.054526109424174,669.6956628774772,58.07692307692308,0.05
50,2025-01-13T20:00:00,SO2,32.76847333579437,3272.936717540061,305.5510292199266,0.6402628352115588,1,29.328413016192894,58.054526109424174,669.6956628774772,66.92307692307693,0.05
50,2025-01-13T20:00:00,SO2,32.76847333579437,3272.936717540061,305.5510292199266,0.6402628352115588,1,29.328413016192894,58.054526109424174,669.6956628774772,75.76923076923077,0.05
50,2025-01-13T20:00:00,SO2,32.76847333579437,3272.936717540061,305.5510292199266,0.6402628352115588,1,29.328413016192894,58.054526109424174,669.6956628774772,84.61538461538461,0.05
50,2025-01-13T20:00:00,SO2,32.76847333579437,3272.936717540061,305.5510292199266,0.6402628352115588,1,29.328413016192894,58.054526109424174,669.6956628774772,93.46153846153847,0.05
50,2025-01-13T20:00:00,SO2,32.76847333579437,3272.936717540061,305.5510292199266,0.6402628352115588,1,29.328413016192894,58.054526109424174,669.6956628774772,102.30769230769232,0.05
50,2025-01-13T20:00:00,SO2,32.76847333579437,3272.936717540061,305.5510292199266,0.6402628352115588,1,29.328413016192894,58.054526109424174,669.6956628774772,111.15384615384616,0.05
50,2025-01-13T20:00:00,SO2,32.76847333579437,3272.936717540061,305.5510292199266,0.6402628352115588,1,29.328413016192894,58.054526109424174,669.6956628774772,120.0,0.05
51,2025-01-14T02:00:00,NOx,19.13655477929464,811.9556082547691,119.15639831311204,1.4575905219203544,3,30.925815264571185,35.317621116221375,716.6006109859503,5.0,0.15217088104327287
51,2025-01-14T02:00:00,NOx,19.13655477929464,811.9556082547691,119.15639831311204,1.4575905219203544,3,30.925815264571185,35.317621116221375,716.6006109859503,13.846153846153847,0.05
51,2025-01-14T02:00:00,NOx,19.13655477929464,811.9556082547691,119.15639831311204,1.4575905219203544,3,30.925815264571185,35.317621116221375,716.6006109859503,22.692307692307693,0.05
51,2025-01-14T02:00:00,NOx,19.13655477929464,811.9556082547691,119.15639831311204,1.4575905219203544,3,30.925815264571185,35.317621116221375,716.6006109859503,31.53846153846154,0.05
51,2025-01-14T02:00:00,NOx,19.13655477929464,811.9556082547691,119.15639831311204,1.4575905219203544,3,30.925815264571185,35.317621116221375,716.6006109859503,40.38461538461539,0.05
51,2025-01-14T02:00:00,NOx,19.13655477929464,811.9556082547691,119.15639831311204,1.4575905219203544,3,30.925815264571185,35.317621116221375,716.6006109859503,49.23076923076923,0.05
51,2025-01-14T02:00:00,NOx,19.13655477929464,811.9556082547691,119.15639831311204,1.4575905219203544,3,30.925815264571185,,716.6006109859503,58.07692307692308,0.05
51,2025-01-14T02:00:00,NOx,19.13655477929464,811.9556082547691,119.15639831311204,1.4575905219203544,3,30.925815264571185,35.317621116221375,716.6006109859503,66.92307692307693,0.05
51,2025-01-14T02:00:00,NOx,19.13655477929464,811.9556082547691,119.15639831311204,1.4575905219203544,3,30.925815264571185,35.317621116221375,716.6006109859503,75.76923076923077,0.05
51,2025-01-14T02:00:00,NOx,19.13655477929464,811.9556082547691,119.15639831311204,1.4575905219203544,3,30.925815264571185,35.317621116221375,716.6006109859503,84.61538461538461,0.05
51,2025-01-14T02:00:00,NOx,19.13655477929464,811.9556082547691,119.15639831311204,1.4575905219203544,3,30.925815264571185,35.317621116221375,716.6006109859503,93.46153846153847,0.05
51,2025-01-14T02:00:00,NOx,19.13655477929464,811.9556082547691,119.15639831311204,1.4575905219203544,3,30.925815264571185,35.317621116221375,716.6006109859503,102.30769230769232,0.05
51,2025-01-14T02:00:00,NOx,19.13655477929464,811.9556082547691,119.15639831311204,1.4575905219203544,3,30.925815264571185,35.317621116221375,716.6006109859503,111.15384615384616,0.05
51,2025-01-14T02:00:00,NOx,19.13655477929464,811.9556082547691,119.15639831311204,1.4575905219203544,3,30.925815264571185,35.317621116221375,716.6006109859503,120.0,0.05
52,2025-01-14T08:00:00,CO,50.96193814397139,1419.0285864137495,180.09524187086274,0.6074896893841326,4,22.107805953448135,78.30192718377043,746.5466318988618,5.0,0.14062414650258614
52,2025-01-14T08:00:00,CO,50.96193814397139,1419.0285864137495,180.09524187086274,0.6074896893841326,4,22.107805953448135,78.30192718377043,746.5466318988618,13.846153846153847,0.05
52,2025-01-14T08:00:00,CO,50.96193814397139,1419.0285864137495,180.09524187086274,0.6074896893841326,4,22.107805953448135,78.30192718377043,746.5466318988618,22.692307692307693,0.05
52,2025-01-14T08:00:00,CO,50.96193814397139,1419.0285864137495,180.09524187086274,0.6074896893841326,4,22.107805953448135,78.30192718377043,746.5466318988618,31.53846153846154,0.05
52,2025-01-14T08:00:00,CO,50.96193814397139,1419.0285864137495,180.09524187086274,0.6074896893841326,4,22.107805953448135,78.30192718377043,746.5466318988618,40.38461538461539,0.05
52,2025-01-14T08:00:00,CO,50.96193814397139,1419.0285864137495,180.09524187086274,0.6074896893841326,4,22.107805953448135,78.30192718377043,746.5466318988618,49.23076923076923,0.05
52,2025-01-14T08:00:00,CO,50.96193814397139,1419.0285864137495,180.09524187086274,0.6074896893841326,4,22.107805953448135,78.30192718377043,746.5466318988618,58.07692307692308,0.05
52,2025-01-14T08:00:00,CO,50.96193814397139,1419.0285864137495,180.09524187086274,0.6074896893841326,4,22.107805953448135,78.30192718377043,746.5466318988618,66.92307692307693,0.05
52,2025-01-14T08:00:00,CO,50.96193814397139,1419.0285864137495,180.09524187086274,0.6074896893841326,4,22.107805953448135,78.30192718377043,746.5466318988618,75.76923076923077,0.05
52,2025-01-14T08:00:00,CO,50.96193814397139,1419.0285864137495,180.09524187086274,0.6074896893841326,4,22.107805953448135,78.30192718377043,746.5466318988618,84.61538461538461,0.05
52,2025-01-14T08:00:00,CO,50.96193814397139,1419.0285864137495,180.09524187086274,0.6074896893841326,4,22.107805953448135,78.30192718377043,746.5466318988618,93.46153846153847,0.05
52,2025-01-14T08:00:00,CO,50.96193814397139,1419.0285864137495,180.09524187086274,0.6074896893841326,4,22.107805953448135,78.30192718377043,746.5466318988618,102.30769230769232,0.05
52,2025-01-14T08:00:00,CO,50.96193814397139,1419.0285864137495,180.09524187086274,0.6074896893841326,4,22.107805953448135,78.30192718377043,746.5466318988618,111.15384615384616,0.05
52,2025-01-14T08:00:00,CO,50.96193814397139,1419.0285864137495,180.09524187086274,0.6074896893841326,4,22.107805953448135,78.30192718377043,746.5466318988618,120.0,0.05
53,2025-01-14T14:00:00,SO2,30.396848915120035,11760.702411684915,239.42860968805238,0.9164573029653719,3,37.417694570914755,47.8439416730287,342.11901866179466,5.0,174.01147478167178
53,2025-01-14T14:00:00,SO2,30.396848915120035,11760.702411684915,239.42860968805238,0.9164573029653719,3,37.417694570914755,47.8439416730287,342.11901866179466,13.846153846153847,54.5675296035818
53,2025-01-14T14:00:00,SO2,30.396848915120035,11760.702411684915,239.42860968805238,0.9164573029653719,3,37.417694570914755,47.8439416730287,342.11901866179466,22.692307692307693,16.498510750584344
53,2025-01-14T14:00:00,SO2,30.396848915120035,11760.702411684915,239.42860968805238,0.9164573029653719,3,37.417694570914755,47.8439416730287,342.11901866179466,31.53846153846154,5.303989654105622
53,2025-01-14T14:00:00,SO2,30.396848915120035,11760.702411684915,239.42860968805238,0.9164573029653719,3,37.417694570914755,47.8439416730287,342.11901866179466,40.38461538461539,1.5686702693272896
53,2025-01-14T14:00:00,SO2,30.396848915120035,11760.702411684915,239.42860968805238,0.9164573029653719,3,37.417694570914755,47.8439416730287,342.11901866179466,49.23076923076923,0.39896207311256665
53,2025-01-14T14:00:00,SO2,30.396848915120035,11760.702411684915,239.42860968805238,0.9164573029653719,3,37.417694570914755,47.8439416730287,342.11901866179466,58.07692307692308,0.14638682235730605
53,2025-01-14T14:00:00,SO2,30.396848915120035,11760.702411684915,239.42860968805238,0.9164573029653719,3,37.417694570914755,47.8439416730287,342.11901866179466,66.92307692307693,0.05
53,2025-01-14T14:00:00,SO2,30.396848915120035,11760.702411684915,239.42860968805238,0.9164573029653719,3,37.417694570914755,47.8439416730287,342.11901866179466,75.76923076923077,0.05
53,2025-01-14T14:00:00,SO2,30.396848915120035,11760.702411684915,239.42860968805238,0.9164573029653719,3,37.417694570914755,47.8439416730287,342.11901866179466,84.61538461538461,0.05
53,2025-01-14T14:00:00,SO2,30.396848915120035,11760.702411684915,239.42860968805238,0.9164573029653719,3,37.417694570914755,47.8439416730287,342.11901866179466,93.46153846153847,0.05
53,2025-01-14T14:00:00,SO2,30.396848915120035,11760.702411684915,239.42860968805238,0.9164573029653719,3,37.417694570914755,47.8439416730287,342.11901866179466,102.30769230769232,0.05
53,2025-01-14T14:00:00,SO2,30.396848915120035,11760.702411684915,239.42860968805238,0.9164573029653719,3,37.417694570914755,47.8439416730287,342.11901866179466,111.15384615384616,0.05
53,2025-01-14T14:00:00,SO2,30.396848915120035,11760.702411684915,239.42860968805238,0.9164573029653719,3,,47.8439416730287,342.11901866179466,120.0,
54,2025-01-14T20:00:00,NOx,73.3368968862772,5972.360608237181,306.6764321230144,0.998438681562681,1,24.914616115252652,47.715567253583856,111.9262238695354,5.0,7.1837225786810945
54,2025-01-14T20:00:00,NOx,73.3368968862772,5972.360608237181,306.6764321230144,0.998438681562681,1,24.914616115252652,47.715567253583856,111.9262238695354,13.846153846153847,0.05
54,2025-01-14T20:00:00,NOx,73.3368968862772,5972.360608237181,306.6764321230144,0.998438681562681,1,24.914616115252652,47.715567253583856,111.9262238695354,22.692307692307693,0.05
54,2025-01-14T20:00:00,NOx,73.3368968862772,5972.360608237181,306.6764321230144,0.998438681562681,1,24.914616115252652,47.715567253583856,111.9262238695354,31.53846153846154,0.05
54,2025-01-14T20:00:00,NOx,73.3368968862772,5972.360608237181,306.6764321230144,0.998438681562681,1,24.914616115252652,47.715567253583856,111.9262238695354,40.38461538461539,0.05
54,2025-01-14T20:00:00,NOx,73.3368968862772,5972.360608237181,306.6764321230144,0.998438681562681,1,24.914616115252652,47.715567253583856,111.9262238695354,49.23076923076923,0.05
54,2025-01-14T20:00:00,NOx,73.3368968862772,5972.360608237181,306.6764321230144,0.998438681562681,1,24.914616115252652,47.715567253583856,111.9262238695354,58.07692307692308,0.05
54,2025-01-14T20:00:00,NOx,73.3368968862772,5972.360608237181,306.6764321230144,0.998438681562681,1,24.914616115252652,47.715567253583856,111.9262238695354,66.92307692307693,0.05
54,2025-01-14T20:00:00,NOx,73.3368968862772,5972.360608237181,306.6764321230144,0.998438681562681,1,24.914616115252652,47.715567253583856,111.9262238695354,75.76923076923077,0.05
54,2025-01-14T20:00:00,NOx,73.3368968862772,5972.360608237181,306.6764321230144,0.998438681562681,1,24.914616115252652,47.715567253583856,111.9262238695354,84.61538461538461,0.05
54,2025-01-14T20:00:00,NOx,73.3368968862772,5972.360608237181,306.6764321230144,0.998438681562681,1,24.914616115252652,47.715567253583856,111.9262238695354,93.46153846153847,0.05
54,2025-01-14T20:00:00,NOx,73.3368968862772,5972.360608237181,306.6764321230144,0.998438681562681,1,24.914616115252652,47.715567253583856,111.9262238695354,102.30769230769232,0.05
54,2025-01-14T20:00:00,NOx,73.3368968862772,5972.360608237181,306.6764321230144,0.998438681562681,1,24.914616115252652,47.715567253583856,111.9262238695354,111.15384615384616,0.05
54,2025-01-14T20:00:00,NOx,73.3368968862772,5972.360608237181,306.6764321230144,0.998438681562681,1,24.914616115252652,47.715567253583856,111.9262238695354,120.0,0.05
55,2025-01-15T02:00:00,NOx,12.498830275079381,1231.67039242248,315.7758983813672,1.0096018186731097,1,18.530648744121486,69.60759767334312,687.6304561725781,5.0,105.59538355964463
55,2025-01-15T02:00:00,NOx,12.498830275079381,1231.67039242248,315.7758983813672,1.0096018186731097,1,18.530648744121486,69.60759767334312,687.6304561725781,13.846153846153847,3.2498884074334273
55,2025-01-15T02:00:00,NOx,12.498830275079381,1231.67039242248,315.7758983813672,1.0096018186731097,1,18.530648744121486,69.60759767334312,687.6304561725781,22.692307692307693,0.10747845489625663
55,2025-01-15T02:00:00,NOx,12.498830275079381,1231.67039242248,315.7758983813672,1.0096018186731097,1,18.530648744121486,69.60759767334312,687.6304561725781,31.53846153846154,0.05
55,2025-01-15T02:00:00,NOx,12.498830275079381,1231.67039242248,315.7758983813672,1.0096018186731097,1,18.530648744121486,69.60759767334312,687.6304561725781,40.38461538461539,0.05
55,2025-01-15T02:00:00,NOx,12.498830275079381,1231.67039242248,315.7758983813672,1.0096018186731097,1,18.530648744121486,69.60759767334312,687.6304561725781,49.23076923076923,0.05
55,2025-01-15T02:00:00,NOx,12.498830275079381,1231.67039242248,315.7758983813672,,1,18.530648744121486,69.60759767334312,687.6304561725781,58.07692307692308,0.05
55,2025-01-15T02:00:00,NOx,12.498830275079381,1231.67039242248,315.7758983813672,1.0096018186731097,1,18.530648744121486,69.60759767334312,687.6304561725781,66.92307692307693,0.05
55,2025-01-15T02:00:00,NOx,12.498830275079381,1231.67039242248,315.7758983813672,1.0096018186731097,1,18.530648744121486,69.60759767334312,687.6304561725781,75.76923076923077,0.05
55,2025-01-15T02:00:00,NOx,12.498830275079381,1231.67039242248,315.7758983813672,1.0096018186731097,1,18.530648744121486,69.60759767334312,687.6304561725781,84.61538461538461,0.05
55,2025-01-15T02:00:00,NOx,12.498830275079381,1231.67039242248,315.7758983813672,1.0096018186731097,1,18.530648744121486,69.60759767334312,687.6304561725781,93.46153846153847,0.05
55,2025-01-15T02:00:00,NOx,12.498830275079381,1231.67039242248,315.7758983813672,1.0096018186731097,1,18.530648744121486,69.60759767334312,687.6304561725781,102.30769230769232,0.05
55,2025-01-15T02:00:00,NOx,12.498830275079381,1231.67039242248,315.7758983813672,1.0096018186731097,1,18.530648744121486,69.60759767334312,687.6304561725781,111.15384615384616,0.05
55,2025-01-15T02:00:00,NOx,12.498830275079381,1231.67039242248,315.7758983813672,1.0096018186731097,1,18.530648744121486,69.60759767334312,687.6304561725781,120.0,0.05
56,2025-01-15T08:00:00,SO2,32.26180361862363,7455.854176177695,398.8219183553257,0.755526314206066,0,34.21925804479844,53.9058130817303,468.9384370729757,5.0,240.5816070235588
56,2025-01-15T08:00:00,SO2,32.26180361862363,7455.854176177695,398.8219183553257,0.755526314206066,0,34.21925804479844,53.9058130817303,468.9384370729757,13.846153846153847,100.06117736791668
56,2025-01-15T08:00:00,SO2,32.26180361862363,7455.854176177695,398.8219183553257,0.755526314206066,0,34.21925804479844,53.9058130817303,468.9384370729757,22.692307692307693,25.541882675306343
56,2025-01-15T08:00:00,SO2,32.26180361862363,7455.854176177695,398.8219183553257,0.755526314206066,0,34.21925804479844,53.9058130817303,468.9384370729757,31.53846153846154,11.069096877021009
56,2025-01-15T08:00:00,SO2,32.26180361862363,7455.854176177695,398.8219183553257,0.755526314206066,0,34.21925804479844,53.9058130817303,468.9384370729757,40.38461538461539,3.6492276575062053
56,2025-01-15T08:00:00,SO2,32.26180361862363,7455.854176177695,398.8219183553257,0.755526314206066,0,34.21925804479844,53.9058130817303,468.9384370729757,49.23076923076923,1.495385007777962
56,2025-01-15T08:00:00,SO2,32.26180361862363,7455.854176177695,398.8219183553257,0.755526314206066,0,34.21925804479844,53.9058130817303,468.9384370729757,58.07692307692308,0.4716317701773097
56,2025-01-15T08:00:00,SO2,32.26180361862363,7455.854176177695,398.8219183553257,0.755526314206066,0,34.21925804479844,53.9058130817303,468.9384370729757,66.92307692307693,0.18029921930506265
56,2025-01-15T08:00:00,SO2,32.26180361862363,7455.854176177695,398.8219183553257,0.755526314206066,0,34.21925804479844,53.9058130817303,468.9384370729757,75.76923076923077,0.06425876920277539
56,2025-01-15T08:00:00,SO2,32.26180361862363,7455.854176177695,398.8219183553257,0.755526314206066,0,34.21925804479844,53.9058130817303,468.9384370729757,84.61538461538461,0.05
56,2025-01-15T08:00:00,SO2,32.26180361862363,7455.854176177695,398.8219183553257,0.755526314206066,0,34.21925804479844,53.9058130817303,468.9384370729757,93.46153846153847,0.05
56,2025-01-15T08:00:00,SO2,32.26180361862363,7455.854176177695,398.8219183553257,0.755526314206066,0,34.21925804479844,53.9058130817303,468.9384370729757,102.30769230769232,0.05
56,2025-01-15T08:00:00,SO2,32.26180361862363,7455.854176177695,398.8219183553257,0.755526314206066,0,34.21925804479844,53.9058130817303,468.9384370729757,111.15384615384616,0.05
56,2025-01-15T08:00:00,SO2,32.26180361862363,7455.854176177695,398.8219183553257,0.755526314206066,0,34.21925804479844,53.9058130817303,468.9384370729757,120.0,
57,2025-01-15T14:00:00,CO,84.1797200058766,5019.420888198616,289.8602068312497,0.3041282633282475,0,27.234543943690188,56.33505363894233,202.88806616978982,5.0,7.819895743851246
57,2025-01-15T14:00:00,CO,84.1797200058766,5019.420888198616,289.8602068312497,0.3041282633282475,0,27.234543943690188,,202.88806616978982,13.846153846153847,0.05
57,2025-01-15T14:00:00,CO,84.1797200058766,5019.420888198616,289.8602068312497,0.3041282633282475,0,27.234543943690188,56.33505363894233,202.88806616978982,22.692307692307693,0.05
57,2025-01-15T14:00:00,CO,84.1797200058766,5019.420888198616,289.8602068312497,0.3041282633282475,0,27.234543943690188,56.33505363894233,202.88806616978982,31.53846153846154,0.05
57,2025-01-15T14:00:00,CO,84.1797200058766,5019.420888198616,289.8602068312497,0.3041282633282475,0,27.234543943690188,56.33505363894233,202.88806616978982,40.38461538461539,0.05
57,2025-01-15T14:00:00,CO,84.1797200058766,5019.420888198616,289.8602068312497,0.3041282633282475,0,27.234543943690188,56.33505363894233,202.88806616978982,49.23076923076923,0.05
57,2025-01-15T14:00:00,CO,84.1797200058766,5019.420888198616,289.8602068312497,0.3041282633282475,0,27.234543943690188,,202.88806616978982,58.07692307692308,0.05
57,2025-01-15T14:00:00,CO,84.1797200058766,5019.420888198616,289.8602068312497,0.3041282633282475,0,27.234543943690188,56.33505363894233,202.88806616978982,66.92307692307693,0.05
57,2025-01-15T14:00:00,CO,84.1797200058766,5019.420888198616,289.8602068312497,,0,27.234543943690188,56.33505363894233,202.88806616978982,75.76923076923077,0.05
57,2025-01-15T14:00:00,CO,84.1797200058766,5019.420888198616,289.8602068312497,0.3041282633282475,0,27.234543943690188,56.33505363894233,202.88806616978982,84.61538461538461,0.05
57,2025-01-15T14:00:00,CO,84.1797200058766,5019.420888198616,289.8602068312497,0.3041282633282475,0,27.234543943690188,56.33505363894233,202.88806616978982,93.46153846153847,0.05
57,2025-01-15T14:00:00,CO,84.1797200058766,5019.420888198616,289.8602068312497,0.3041282633282475,0,27.234543943690188,56.33505363894233,202.88806616978982,102.30769230769232,0.05
57,2025-01-15T14:00:00,CO,84.1797200058766,5019.420888198616,289.8602068312497,0.3041282633282475,0,27.234543943690188,56.33505363894233,202.88806616978982,111.15384615384616,0.05
57,2025-01-15T14:00:00,CO,84.1797200058766,5019.420888198616,289.8602068312497,0.3041282633282475,0,27.234543943690188,56.33505363894233,202.88806616978982,120.0,0.05
58,2025-01-15T20:00:00,NOx,119.30264365297953,11537.524290885662,46.967676113708535,1.202825954899809,2,36.059783068122734,27.706884742556714,751.2643175284212,5.0,44.05575153268402
58,2025-01-15T20:00:00,NOx,119.30264365297953,11537.524290885662,46.967676113708535,1.202825954899809,2,36.059783068122734,27.706884742556714,751.2643175284212,13.846153846153847,0.3112196659882853
58,2025-01-15T20:00:00,NOx,119.30264365297953,11537.524290885662,46.967676113708535,1.202825954899809,2,36.059783068122734,27.706884742556714,751.2643175284212,22.692307692307693,0.05
58,2025-01-15T20:00:00,NOx,119.30264365297953,11537.524290885662,46.967676113708535,1.202825954899809,2,36.059783068122734,27.706884742556714,751.2643175284212,31.53846153846154,0.05
58,2025-01-15T20:00:00,NOx,119.30264365297953,11537.524290885662,46.967676113708535,1.202825954899809,2,36.059783068122734,27.706884742556714,751.2643175284212,40.38461538461539,0.05
58,2025-01-15T20:00:00,NOx,119.30264365297953,11537.524290885662,46.967676113708535,1.202825954899809,2,36.059783068122734,27.706884742556714,751.2643175284212,49.23076923076923,0.05
58,2025-01-15T20:00:00,NOx,119.30264365297953,11537.524290885662,46.967676113708535,1.202825954899809,2,36.059783068122734,27.706884742556714,751.2643175284212,58.07692307692308,0.05
58,2025-01-15T20:00:00,NOx,119.30264365297953,11537.524290885662,46.967676113708535,1.202825954899809,2,36.059783068122734,27.706884742556714,751.2643175284212,66.92307692307693,0.05
58,2025-01-15T20:00:00,NOx,119.30264365297953,11537.524290885662,46.967676113708535,1.202825954899809,2,36.059783068122734,27.706884742556714,751.2643175284212,75.76923076923077,0.05
58,2025-01-15T20:00:00,NOx,119.30264365297953,11537.524290885662,46.967676113708535,1.202825954899809,2,36.059783068122734,27.706884742556714,751.2643175284212,84.61538461538461,0.05
58,2025-01-15T20:00:00,NOx,119.30264365297953,11537.524290885662,46.967676113708535,1.202825954899809,2,36.059783068122734,27.706884742556714,751.2643175284212,93.46153846153847,0.05
58,2025-01-15T20:00:00,NOx,119.30264365297953,11537.524290885662,46.967676113708535,1.202825954899809,2,36.059783068122734,27.706884742556714,751.2643175284212,102.30769230769232,
58,2025-01-15T20:00:00,NOx,119.30264365297953,11537.524290885662,46.967676113708535,1.202825954899809,2,36.059783068122734,27.706884742556714,751.2643175284212,111.15384615384616,0.05
58,2025-01-15T20:00:00,NOx,119.30264365297953,11537.524290885662,46.967676113708535,1.202825954899809,2,36.059783068122734,,751.2643175284212,120.0,0.05
59,2025-01-16T02:00:00,CO,105.66872837412758,8727.851617296215,378.6080552467918,1.56746167949666,1,34.843093110337435,81.60294107667117,136.47079516109903,5.0,6.477050327041749
59,2025-01-16T02:00:00,CO,105.66872837412758,8727.851617296215,378.6080552467918,1.56746167949666,1,34.843093110337435,81.60294107667117,136.47079516109903,13.846153846153847,0.05
59,2025-01-16T02:00:00,CO,105.66872837412758,8727.851617296215,378.6080552467918,1.56746167949666,1,34.843093110337435,81.60294107667117,136.47079516109903,22.692307692307693,0.05
59,2025-01-16T02:00:00,CO,105.66872837412758,8727.851617296215,378.6080552467918,1.56746167949666,1,34.843093110337435,81.60294107667117,136.47079516109903,31.53846153846154,0.05
59,2025-01-16T02:00:00,CO,105.66872837412758,8727.851617296215,378.6080552467918,1.56746167949666,1,34.843093110337435,81.60294107667117,136.47079516109903,40.38461538461539,0.05
59,2025-01-16T02:00:00,CO,105.66872837412758,8727.851617296215,378.6080552467918,1.56746167949666,1,34.843093110337435,81.60294107667117,136.47079516109903,49.23076923076923,0.05
59,2025-01-16T02:00:00,CO,105.66872837412758,8727.851617296215,378.6080552467918,1.56746167949666,1,34.843093110337435,81.60294107667117,136.47079516109903,58.07692307692308,0.05
59,2025-01-16T02:00:00,CO,105.66872837412758,8727.851617296215,378.6080552467918,1.56746167949666,1,34.843093110337435,81.60294107667117,136.47079516109903,66.92307692307693,0.05
59,2025-01-16T02:00:00,CO,105.66872837412758,8727.851617296215,378.6080552467918,1.56746167949666,1,34.843093110337435,81.60294107667117,136.47079516109903,75.76923076923077,0.05
59,2025-01-16T02:00:00,CO,105.66872837412758,8727.851617296215,378.6080552467918,1.56746167949666,1,34.843093110337435,81.60294107667117,136.47079516109903,84.61538461538461,0.05
59,2025-01-16T02:00:00,CO,105.66872837412758,8727.851617296215,378.6080552467918,1.56746167949666,1,34.843093110337435,81.60294107667117,136.47079516109903,93.46153846153847,0.05
59,2025-01-16T02:00:00,CO,105.66872837412758,8727.851617296215,378.6080552467918,1.56746167949666,1,34.843093110337435,,136.47079516109903,102.30769230769232,0.05
59,2025-01-16T02:00:00,CO,105.66872837412758,8727.851617296215,378.6080552467918,1.56746167949666,1,34.843093110337435,81.60294107667117,136.47079516109903,111.15384615384616,0.05
59,2025-01-16T02:00:00,CO,105.66872837412758,8727.851617296215,378.6080552467918,1.56746167949666,1,34.843093110337435,81.60294107667117,136.47079516109903,120.0,0.05
60,2025-01-16T08:00:00,SO2,78.11986892814687,1193.9710004655012,96.15980335334137,0.5278567205675602,1,22.3740845230327,55.945340577283076,751.4944680465491,5.0,0.05
60,2025-01-16T08:00:00,SO2,78.11986892814687,1193.9710004655012,96.15980335334137,,1,,55.945340577283076,751.4944680465491,13.846153846153847,0.05
60,2025-01-16T08:00:00,SO2,78.11986892814687,1193.9710004655012,96.15980335334137,0.5278567205675602,1,22.3740845230327,55.945340577283076,751.4944680465491,22.692307692307693,0.05
60,2025-01-16T08:00:00,SO2,78.11986892814687,1193.9710004655012,96.15980335334137,0.5278567205675602,1,22.3740845230327,55.945340577283076,751.4944680465491,31.53846153846154,0.05
60,2025-01-16T08:00:00,SO2,78.11986892814687,1193.9710004655012,96.15980335334137,0.5278567205675602,1,22.3740845230327,55.945340577283076,751.4944680465491,40.38461538461539,0.05
60,2025-01-16T08:00:00,SO2,78.11986892814687,1193.9710004655012,96.15980335334137,0.5278567205675602,1,22.3740845230327,55.945340577283076,751.4944680465491,49.23076923076923,0.05
60,2025-01-16T08:00:00,SO2,78.11986892814687,1193.9710004655012,96.15980335334137,0.5278567205675602,1,22.3740845230327,55.945340577283076,751.4944680465491,58.07692307692308,0.05
60,2025-01-16T08:00:00,SO2,78.11986892814687,1193.9710004655012,96.15980335334137,0.5278567205675602,1,22.3740845230327,55.945340577283076,751.4944680465491,66.92307692307693,0.05
60,2025-01-16T08:00:00,SO2,78.11986892814687,1193.9710004655012,96.15980335334137,0.5278567205675602,1,22.3740845230327,55.945340577283076,751.4944680465491,75.76923076923077,0.05
60,2025-01-16T08:00:00,SO2,78.11986892814687,1193.9710004655012,96.15980335334137,0.5278567205675602,1,22.3740845230327,55.945340577283076,751.4944680465491,84.61538461538461,0.05
60,2025-01-16T08:00:00,SO2,78.11986892814687,1193.9710004655012,96.15980335334137,0.5278567205675602,1,22.3740845230327,55.945340577283076,751.4944680465491,93.46153846153847,0.05
60,2025-01-16T08:00:00,SO2,78.11986892814687,1193.9710004655012,96.15980335334137,0.5278567205675602,1,22.3740845230327,55.945340577283076,751.4944680465491,102.30769230769232,0.05
60,2025-01-16T08:00:00,SO2,78.11986892814687,1193.9710004655012,96.15980335334137,0.5278567205675602,1,22.3740845230327,55.945340577283076,751.4944680465491,111.15384615384616,0.05
60,2025-01-16T08:00:00,SO2,78.11986892814687,1193.9710004655012,96.15980335334137,0.5278567205675602,1,22.3740845230327,55.945340577283076,751.4944680465491,120.0,0.05
61,2025-01-16T14:00:00,CO,21.78253832182745,3330.4043286679635,213.8934575838516,1.526686429963039,4,25.566196447468307,71.24639281992219,450.7622860497738,5.0,53.32444330042846
61,2025-01-16T14:00:00,CO,21.78253832182745,3330.4043286679635,213.8934575838516,1.526686429963039,4,25.566196447468307,71.24639281992219,450.7622860497738,13.846153846153847,0.9872515041676803
61,2025-01-16T14:00:00,CO,21.78253832182745,3330.4043286679635,213.8934575838516,1.526686429963039,4,25.566196447468307,71.24639281992219,450.7622860497738,22.692307692307693,0.05
61,2025-01-16T14:00:00,CO,21.78253832182745,3330.4043286679635,213.8934575838516,1.526686429963039,4,25.566196447468307,71.24639281992219,450.7622860497738,31.53846153846154,0.05
61,2025-01-16T14:00:00,CO,21.78253832182745,3330.4043286679635,213.8934575838516,1.526686429963039,4,25.566196447468307,71.24639281992219,450.7622860497738,40.38461538461539,0.05
61,2025-01-16T14:00:00,CO,21.78253832182745,3330.4043286679635,213.8934575838516,1.526686429963039,4,25.566196447468307,71.24639281992219,450.7622860497738,49.23076923076923,0.05
61,2025-01-16T14:00:00,CO,21.78253832182745,3330.4043286679635,213.8934575838516,1.526686429963039,4,25.566196447468307,71.24639281992219,450.7622860497738,58.07692307692308,0.05
61,2025-01-16T14:00:00,CO,21.78253832182745,3330.4043286679635,213.8934575838516,1.526686429963039,4,25.566196447468307,71.24639281992219,450.7622860497738,66.92307692307693,0.05
61,2025-01-16T14:00:00,CO,21.78253832182745,3330.4043286679635,213.8934575838516,1.526686429963039,4,25.566196447468307,71.24639281992219,450.7622860497738,75.76923076923077,0.05
61,2025-01-16T14:00:00,CO,21.78253832182745,3330.4043286679635,213.8934575838516,1.526686429963039,4,25.566196447468307,71.24639281992219,450.7622860497738,84.61538461538461,0.05
61,2025-01-16T14:00:00,CO,21.78253832182745,3330.4043286679635,213.8934575838516,1.526686429963039,4,25.566196447468307,71.24639281992219,450.7622860497738,93.46153846153847,0.05
61,2025-01-16T14:00:00,CO,21.78253832182745,3330.4043286679635,213.8934575838516,1.526686429963039,4,25.566196447468307,71.24639281992219,450.7622860497738,102.30769230769232,0.05
61,2025-01-16T14:00:00,CO,21.78253832182745,3330.4043286679635,213.8934575838516,1.526686429963039,4,25.566196447468307,71.24639281992219,450.7622860497738,111.15384615384616,0.05
61,2025-01-16T14:00:00,CO,21.78253832182745,3330.4043286679635,213.8934575838516,1.526686429963039,4,25.566196447468307,71.24639281992219,450.7622860497738,120.0,0.05
62,2025-01-16T20:00:00,SO2,64.51830616842284,6153.001704286107,207.14174634011573,0.34021476884697494,3,22.559355444463648,63.25653881374299,78.63343108084264,5.0,2.9225504193061846
62,2025-01-16T20:00:00,SO2,64.51830616842284,6153.001704286107,207.14174634011573,0.34021476884697494,3,22.559355444463648,63.25653881374299,78.63343108084264,13.846153846153847,0.05
62,2025-01-16T20:00:00,SO2,64.51830616842284,6153.001704286107,207.14174634011573,0.34021476884697494,3,22.559355444463648,63.25653881374299,78.63343108084264,22.692307692307693,0.05
62,2025-01-16T20:00:00,SO2,64.51830616842284,6153.001704286107,207.14174634011573,0.34021476884697494,3,22.559355444463648,63.25653881374299,78.63343108084264,31.53846153846154,0.05
62,2025-01-16T20:00:00,SO2,64.51830616842284,6153.001704286107,207.14174634011573,0.34021476884697494,3,22.559355444463648,,78.63343108084264,40.38461538461539,0.05
62,2025-01-16T20:00:00,SO2,64.51830616842284,6153.001704286107,207.14174634011573,0.34021476884697494,3,22.559355444463648,63.25653881374299,78.63343108084264,49.23076923076923,0.05
62,2025-01-16T20:00:00,SO2,64.51830616842284,6153.001704286107,207.14174634011573,0.34021476884697494,3,22.559355444463648,63.25653881374299,78.63343108084264,58.07692307692308,0.05
62,2025-01-16T20:00:00,SO2,64.51830616842284,6153.001704286107,207.14174634011573,0.34021476884697494,3,22.559355444463648,63.25653881374299,78.63343108084264,66.92307692307693,0.05
62,2025-01-16T20:00:00,SO2,64.51830616842284,6153.001704286107,207.14174634011573,0.34021476884697494,3,22.559355444463648,63.25653881374299,78.63343108084264,75.76923076923077,0.05
62,2025-01-16T20:00:00,SO2,64.51830616842284,6153.001704286107,207.14174634011573,0.34021476884697494,3,22.559355444463648,63.25653881374299,78.63343108084264,84.61538461538461,0.05
62,2025-01-16T20:00:00,SO2,64.51830616842284,6153.001704286107,207.14174634011573,0.34021476884697494,3,22.559355444463648,63.25653881374299,78.63343108084264,93.46153846153847,0.05
62,2025-01-16T20:00:00,SO2,64.51830616842284,6153.001704286107,207.14174634011573,0.34021476884697494,3,22.559355444463648,63.25653881374299,78.63343108084264,102.30769230769232,0.05
62,2025-01-16T20:00:00,SO2,64.51830616842284,6153.001704286107,207.14174634011573,0.34021476884697494,3,22.559355444463648,63.25653881374299,78.63343108084264,111.15384615384616,0.05
62,2025-01-16T20:00:00,SO2,64.51830616842284,6153.001704286107,207.14174634011573,0.34021476884697494,3,22.559355444463648,63.25653881374299,78.63343108084264,120.0,0.05
63,2025-01-17T02:00:00,SO2,52.05853072650027,5560.91579615827,371.09164369856484,0.9327791249027008,2,32.73146186231466,52.58256786721552,203.77630777765236,5.0,31.173655855848104
63,2025-01-17T02:00:00,SO2,52.05853072650027,5560.91579615827,371.09164369856484,0.9327791249027008,2,32.73146186231466,52.58256786721552,203.77630777765236,13.846153846153847,1.1927867568661064
63,2025-01-17T02:00:00,SO2,52.05853072650027,5560.91579615827,371.09164369856484,0.9327791249027008,2,32.73146186231466,52.58256786721552,203.77630777765236,22.692307692307693,0.05
63,2025-01-17T02:00:00,SO2,52.05853072650027,5560.91579615827,371.09164369856484,0.9327791249027008,2,32.73146186231466,52.58256786721552,203.77630777765236,31.53846153846154,0.05
63,2025-01-17T02:00:00,SO2,52.05853072650027,5560.91579615827,371.09164369856484,0.9327791249027008,2,32.73146186231466,52.58256786721552,203.77630777765236,40.38461538461539,0.05
63,2025-01-17T02:00:00,SO2,52.05853072650027,5560.91579615827,371.09164369856484,0.9327791249027008,2,32.73146186231466,52.58256786721552,203.77630777765236,49.23076923076923,0.05
63,2025-01-17T02:00:00,SO2,52.05853072650027,5560.91579615827,371.09164369856484,0.9327791249027008,2,32.73146186231466,52.58256786721552,203.77630777765236,58.07692307692308,0.05
63,2025-01-17T02:00:00,SO2,52.05853072650027,5560.91579615827,371.09164369856484,0.9327791249027008,2,32.73146186231466,52.58256786721552,203.77630777765236,66.92307692307693,0.05
63,2025-01-17T02:00:00,SO2,52.05853072650027,5560.91579615827,371.09164369856484,0.9327791249027008,2,32.73146186231466,52.58256786721552,203.77630777765236,75.76923076923077,0.05
63,2025-01-17T02:00:00,SO2,52.05853072650027,5560.91579615827,371.09164369856484,0.9327791249027008,2,32.73146186231466,52.58256786721552,203.77630777765236,84.61538461538461,0.05
63,2025-01-17T02:00:00,SO2,52.05853072650027,5560.91579615827,371.09164369856484,0.9327791249027008,2,32.73146186231466,52.58256786721552,203.77630777765236,93.46153846153847,0.05
63,2025-01-17T02:00:00,SO2,52.05853072650027,5560.91579615827,371.09164369856484,0.9327791249027008,2,32.73146186231466,52.58256786721552,203.77630777765236,102.30769230769232,0.05
63,2025-01-17T02:00:00,SO2,52.05853072650027,5560.91579615827,371.09164369856484,0.9327791249027008,2,32.73146186231466,52.58256786721552,203.77630777765236,111.15384615384616,0.05
63,2025-01-17T02:00:00,SO2,52.05853072650027,5560.91579615827,371.09164369856484,0.9327791249027008,2,32.73146186231466,52.58256786721552,203.77630777765236,120.0,0.05
64,2025-01-17T08:00:00,NOx,30.919501328448398,4806.045473090911,230.93006895640474,0.4490250372055409,1,24.166664079056886,32.63657189974236,458.1821658502758,5.0,116.29067192410824
64,2025-01-17T08:00:00,NOx,30.919501328448398,4806.045473090911,230.93006895640474,0.4490250372055409,1,24.166664079056886,32.63657189974236,458.1821658502758,13.846153846153847,10.146949171013913
64,2025-01-17T08:00:00,NOx,30.919501328448398,4806.045473090911,230.93006895640474,0.4490250372055409,1,24.166664079056886,32.63657189974236,458.1821658502758,22.692307692307693,1.0618182295201437
64,2025-01-17T08:00:00,NOx,30.919501328448398,4806.045473090911,230.93006895640474,0.4490250372055409,1,24.166664079056886,32.63657189974236,458.1821658502758,31.53846153846154,0.08740670885224282
64,2025-01-17T08:00:00,NOx,30.919501328448398,4806.045473090911,230.93006895640474,0.4490250372055409,1,24.166664079056886,32.63657189974236,458.1821658502758,40.38461538461539,0.05
64,2025-01-17T08:00:00,NOx,30.919501328448398,4806.045473090911,230.93006895640474,0.4490250372055409,1,24.166664079056886,32.63657189974236,458.1821658502758,49.23076923076923,0.05
64,2025-01-17T08:00:00,NOx,30.919501328448398,4806.045473090911,230.93006895640474,0.4490250372055409,1,24.166664079056886,32.63657189974236,458.1821658502758,58.07692307692308,0.05
64,2025-01-17T08:00:00,NOx,30.919501328448398,4806.045473090911,230.93006895640474,0.4490250372055409,1,24.166664079056886,32.63657189974236,458.1821658502758,66.92307692307693,0.05
64,2025-01-17T08:00:00,NOx,30.919501328448398,4806.045473090911,230.93006895640474,0.4490250372055409,1,24.166664079056886,32.63657189974236,458.1821658502758,75.76923076923077,0.05
64,2025-01-17T08:00:00,NOx,30.919501328448398,4806.045473090911,230.93006895640474,0.4490250372055409,1,24.166664079056886,32.63657189974236,458.1821658502758,84.61538461538461,0.05
64,2025-01-17T08:00:00,NOx,30.919501328448398,4806.045473090911,230.93006895640474,0.4490250372055409,1,24.166664079056886,32.63657189974236,458.1821658502758,93.46153846153847,0.05
64,2025-01-17T08:00:00,NOx,30.919501328448398,4806.045473090911,230.93006895640474,0.4490250372055409,1,24.166664079056886,32.63657189974236,458.1821658502758,102.30769230769232,0.05
64,2025-01-17T08:00:00,NOx,30.919501328448398,4806.045473090911,230.93006895640474,0.4490250372055409,1,24.166664079056886,32.63657189974236,458.1821658502758,111.15384615384616,0.05
64,2025-01-17T08:00:00,NOx,30.919501328448398,4806.045473090911,230.93006895640474,0.4490250372055409,1,24.166664079056886,32.63657189974236,458.1821658502758,120.0,0.05
65,2025-01-17T14:00:00,CO,41.46286765575026,2265.9717055255446,214.30511475681845,0.6590022489303577,1,25.38545682681937,39.15983575723316,619.9981722631244,5.0,10.411363693707466
65,2025-01-17T14:00:00,CO,41.46286765575026,2265.9717055255446,214.30511475681845,0.6590022489303577,1,25.38545682681937,39.15983575723316,619.9981722631244,13.846153846153847,0.05
65,2025-01-17T14:00:00,CO,41.46286765575026,2265.9717055255446,214.30511475681845,0.6590022489303577,1,25.38545682681937,39.15983575723316,619.9981722631244,22.692307692307693,0.05
65,2025-01-17T14:00:00,CO,41.46286765575026,2265.9717055255446,214.30511475681845,0.6590022489303577,1,25.38545682681937,39.15983575723316,619.9981722631244,31.53846153846154,0.05
65,2025-01-17T14:00:00,CO,41.46286765575026,2265.9717055255446,214.30511475681845,0.6590022489303577,1,25.38545682681937,39.15983575723316,619.9981722631244,40.38461538461539,0.05
65,2025-01-17T14:00:00,CO,41.46286765575026,2265.9717055255446,214.30511475681845,0.6590022489303577,1,25.38545682681937,39.15983575723316,619.9981722631244,49.23076923076923,0.05
65,2025-01-17T14:00:00,CO,41.46286765575026,2265.9717055255446,214.30511475681845,0.6590022489303577,1,25.38545682681937,39.15983575723316,619.9981722631244,58.07692307692308,0.05
65,2025-01-17T14:00:00,CO,41.46286765575026,2265.9717055255446,214.30511475681845,0.6590022489303577,1,25.38545682681937,,619.9981722631244,66.92307692307693,0.05
65,2025-01-17T14:00:00,CO,41.46286765575026,2265.9717055255446,214.30511475681845,0.6590022489303577,1,25.38545682681937,39.15983575723316,619.9981722631244,75.76923076923077,0.05
65,2025-01-17T14:00:00,CO,41.46286765575026,2265.9717055255446,214.30511475681845,0.6590022489303577,1,25.38545682681937,39.15983575723316,619.9981722631244,84.61538461538461,0.05
65,2025-01-17T14:00:00,CO,41.46286765575026,2265.9717055255446,214.30511475681845,0.6590022489303577,1,25.38545682681937,39.15983575723316,619.9981722631244,93.46153846153847,0.05
65,2025-01-17T14:00:00,CO,41.46286765575026,2265.9717055255446,214.30511475681845,0.6590022489303577,1,25.38545682681937,39.15983575723316,619.9981722631244,102.30769230769232,0.05
65,2025-01-17T14:00:00,CO,41.46286765575026,2265.9717055255446,214.30511475681845,0.6590022489303577,1,25.38545682681937,39.15983575723316,619.9981722631244,111.15384615384616,0.05
65,2025-01-17T14:00:00,CO,41.46286765575026,2265.9717055255446,214.30511475681845,0.6590022489303577,1,25.38545682681937,39.15983575723316,619.9981722631244,120.0,0.05
66,2025-01-17T20:00:00,NOx,71.63357195687811,10170.066059566161,75.63598337015021,0.5539898492424864,0,34.95673734447309,84.68945281725206,703.4131324541839,5.0,144.7385485360548
66,2025-01-17T20:00:00,NOx,71.63357195687811,10170.066059566161,75.63598337015021,0.5539898492424864,0,34.95673734447309,84.68945281725206,703.4131324541839,13.846153846153847,7.511511154880621
66,2025-01-17T20:00:00,NOx,71.63357195687811,10170.066059566161,75.63598337015021,0.5539898492424864,0,34.95673734447309,84.68945281725206,703.4131324541839,22.692307692307693,0.39732004106168317
66,2025-01-17T20:00:00,NOx,71.63357195687811,10170.066059566161,75.63598337015021,0.5539898492424864,0,34.95673734447309,84.68945281725206,703.4131324541839,31.53846153846154,0.05
66,2025-01-17T20:00:00,NOx,71.63357195687811,10170.066059566161,75.63598337015021,0.5539898492424864,0,34.95673734447309,84.68945281725206,703.4131324541839,40.38461538461539,0.05
66,2025-01-17T20:00:00,NOx,71.63357195687811,10170.066059566161,75.63598337015021,0.5539898492424864,0,34.95673734447309,84.68945281725206,703.4131324541839,49.23076923076923,0.05
66,2025-01-17T20:00:00,NOx,71.63357195687811,10170.066059566161,75.63598337015021,0.5539898492424864,0,34.95673734447309,84.68945281725206,703.4131324541839,58.07692307692308,0.05
66,2025-01-17T20:00:00,NOx,71.63357195687811,10170.066059566161,75.63598337015021,0.5539898492424864,0,34.95673734447309,84.68945281725206,703.4131324541839,66.92307692307693,0.05
66,2025-01-17T20:00:00,NOx,71.63357195687811,10170.066059566161,75.63598337015021,0.5539898492424864,0,34.95673734447309,84.68945281725206,703.4131324541839,75.76923076923077,0.05
66,2025-01-17T20:00:00,NOx,71.63357195687811,10170.066059566161,75.63598337015021,0.5539898492424864,0,34.95673734447309,84.68945281725206,703.4131324541839,84.61538461538461,0.05
66,2025-01-17T20:00:00,NOx,71.63357195687811,10170.066059566161,75.63598337015021,0.5539898492424864,0,34.95673734447309,84.68945281725206,703.4131324541839,93.46153846153847,0.05
66,2025-01-17T20:00:00,NOx,71.63357195687811,10170.066059566161,75.63598337015021,0.5539898492424864,0,34.95673734447309,84.68945281725206,703.4131324541839,102.30769230769232,0.05
66,2025-01-17T20:00:00,NOx,71.63357195687811,10170.066059566161,75.63598337015021,0.5539898492424864,0,34.95673734447309,84.68945281725206,703.4131324541839,111.15384615384616,0.05
66,2025-01-17T20:00:00,NOx,71.63357195687811,10170.066059566161,75.63598337015021,0.5539898492424864,0,34.95673734447309,84.68945281725206,703.4131324541839,120.0,0.05
67,2025-01-18T02:00:00,NOx,32.72748543239722,2765.1771616857836,371.03504463442886,0.6073608093363754,3,36.265703674039514,33.403324281369436,555.0585469853968,5.0,37.22782885417442
67,2025-01-18T02:00:00,NOx,32.72748543239722,2765.1771616857836,371.03504463442886,0.6073608093363754,3,36.265703674039514,33.403324281369436,555.0585469853968,13.846153846153847,0.3682438968705169
67,2025-01-18T02:00:00,NOx,32.72748543239722,2765.1771616857836,371.03504463442886,0.6073608093363754,3,36.265703674039514,33.403324281369436,555.0585469853968,22.692307692307693,0.05
67,2025-01-18T02:00:00,NOx,32.72748543239722,2765.1771616857836,371.03504463442886,0.6073608093363754,3,36.265703674039514,33.403324281369436,555.0585469853968,31.53846153846154,0.05
67,2025-01-18T02:00:00,NOx,32.72748543239722,2765.1771616857836,371.03504463442886,0.6073608093363754,3,36.265703674039514,33.403324281369436,555.0585469853968,40.38461538461539,0.05
67,2025-01-18T02:00:00,NOx,32.72748543239722,2765.1771616857836,371.03504463442886,0.6073608093363754,3,36.265703674039514,33.403324281369436,555.0585469853968,49.23076923076923,0.05
67,2025-01-18T02:00:00,NOx,32.72748543239722,2765.1771616857836,371.03504463442886,0.6073608093363754,3,36.265703674039514,33.403324281369436,555.0585469853968,58.07692307692308,0.05
67,2025-01-18T02:00:00,NOx,32.72748543239722,2765.1771616857836,371.03504463442886,0.6073608093363754,3,36.265703674039514,33.403324281369436,555.0585469853968,66.92307692307693,0.05
67,2025-01-18T02:00:00,NOx,32.72748543239722,2765.1771616857836,371.03504463442886,0.6073608093363754,3,36.265703674039514,33.403324281369436,555.0585469853968,75.76923076923077,0.05
67,2025-01-18T02:00:00,NOx,32.72748543239722,2765.1771616857836,371.03504463442886,0.6073608093363754,3,36.265703674039514,33.403324281369436,555.0585469853968,84.61538461538461,0.05
67,2025-01-18T02:00:00,NOx,32.72748543239722,2765.1771616857836,371.03504463442886,0.6073608093363754,3,36.265703674039514,33.403324281369436,555.0585469853968,93.46153846153847,0.05
67,2025-01-18T02:00:00,NOx,32.72748543239722,2765.1771616857836,371.03504463442886,0.6073608093363754,3,36.265703674039514,33.403324281369436,555.0585469853968,102.30769230769232,0.05
67,2025-01-18T02:00:00,NOx,32.72748543239722,2765.1771616857836,371.03504463442886,0.6073608093363754,3,36.265703674039514,33.403324281369436,555.0585469853968,111.15384615384616,0.05
67,2025-01-18T02:00:00,NOx,32.72748543239722,2765.1771616857836,371.03504463442886,0.6073608093363754,3,36.265703674039514,33.403324281369436,555.0585469853968,120.0,0.05
68,2025-01-18T08:00:00,SO2,16.17358546130354,3129.5784255347585,247.94414984457535,1.3434199942005753,3,25.90469307517789,69.82454803779318,322.3728383888348,5.0,56.684722534955036
68,2025-01-18T08:00:00,SO2,16.17358546130354,3129.5784255347585,247.94414984457535,1.3434199942005753,3,25.90469307517789,69.82454803779318,322.3728383888348,13.846153846153847,3.1267222922940965
68,2025-01-18T08:00:00,SO2,16.17358546130354,3129.5784255347585,247.94414984457535,1.3434199942005753,3,25.90469307517789,69.82454803779318,322.3728383888348,22.692307692307693,0.15342364620073712
68,2025-01-18T08:00:00,SO2,16.17358546130354,3129.5784255347585,247.94414984457535,1.3434199942005753,3,25.90469307517789,69.82454803779318,322.3728383888348,31.53846153846154,0.05
68,2025-01-18T08:00:00,SO2,16.17358546130354,3129.5784255347585,247.94414984457535,1.3434199942005753,3,25.90469307517789,69.82454803779318,322.3728383888348,40.38461538461539,0.05
68,2025-01-18T08:00:00,SO2,16.17358546130354,3129.5784255347585,247.94414984457535,1.3434199942005753,3,25.90469307517789,69.82454803779318,322.3728383888348,49.23076923076923,0.05
68,2025-01-18T08:00:00,SO2,16.17358546130354,3129.5784255347585,247.94414984457535,1.3434199942005753,3,25.90469307517789,69.82454803779318,322.3728383888348,58.07692307692308,0.05
68,2025-01-18T08:00:00,SO2,16.17358546130354,3129.5784255347585,247.94414984457535,1.3434199942005753,3,25.90469307517789,69.82454803779318,322.3728383888348,66.92307692307693,0.05
68,2025-01-18T08:00:00,SO2,16.17358546130354,3129.5784255347585,247.94414984457535,1.3434199942005753,3,25.90469307517789,69.82454803779318,322.3728383888348,75.76923076923077,0.05
68,2025-01-18T08:00:00,SO2,16.17358546130354,3129.5784255347585,247.94414984457535,1.3434199942005753,3,25.90469307517789,69.82454803779318,322.3728383888348,84.61538461538461,0.05
68,2025-01-18T08:00:00,SO2,16.17358546130354,3129.5784255347585,247.94414984457535,1.3434199942005753,3,25.90469307517789,69.82454803779318,322.3728383888348,93.46153846153847,0.05
68,2025-01-18T08:00:00,SO2,16.17358546130354,3129.5784255347585,247.94414984457535,1.3434199942005753,3,25.90469307517789,69.82454803779318,322.3728383888348,102.30769230769232,0.05
68,2025-01-18T08:00:00,SO2,16.17358546130354,3129.5784255347585,247.94414984457535,1.3434199942005753,3,25.90469307517789,69.82454803779318,322.3728383888348,111.15384615384616,0.05
68,2025-01-18T08:00:00,SO2,16.17358546130354,3129.5784255347585,247.94414984457535,1.3434199942005753,3,25.90469307517789,69.82454803779318,322.3728383888348,120.0,0.05
69,2025-01-18T14:00:00,NOx,33.66074690272784,2876.2030553878394,224.807806394408,0.6407301051358878,0,33.92120895251742,79.45629348342894,650.0676600191579,5.0,45.20626136571482
69,2025-01-18T14:00:00,NOx,33.66074690272784,2876.2030553878394,224.807806394408,0.6407301051358878,0,33.92120895251742,,650.0676600191579,13.846153846153847,0.42648356446340746
69,2025-01-18T14:00:00,NOx,33.66074690272784,2876.2030553878394,224.807806394408,0.6407301051358878,0,33.92120895251742,79.45629348342894,650.0676600191579,22.692307692307693,0.05
69,2025-01-18T14:00:00,NOx,33.66074690272784,2876.2030553878394,224.807806394408,0.6407301051358878,0,33.92120895251742,79.45629348342894,650.0676600191579,31.53846153846154,0.05
69,2025-01-18T14:00:00,NOx,33.66074690272784,2876.2030553878394,224.807806394408,0.6407301051358878,0,33.92120895251742,79.45629348342894,650.0676600191579,40.38461538461539,0.05
69,2025-01-18T14:00:00,NOx,33.66074690272784,2876.2030553878394,224.807806394408,0.6407301051358878,0,33.92120895251742,79.45629348342894,650.0676600191579,49.23076923076923,0.05
69,2025-01-18T14:00:00,NOx,33.66074690272784,2876.2030553878394,224.807806394408,0.6407301051358878,0,33.92120895251742,79.45629348342894,650.0676600191579,58.07692307692308,0.05
69,2025-01-18T14:00:00,NOx,33.66074690272784,2876.2030553878394,224.807806394408,0.6407301051358878,0,33.92120895251742,79.45629348342894,650.0676600191579,66.92307692307693,0.05
69,2025-01-18T14:00:00,NOx,33.66074690272784,2876.2030553878394,224.807806394408,0.6407301051358878,0,33.92120895251742,79.45629348342894,650.0676600191579,75.76923076923077,0.05
69,2025-01-18T14:00:00,NOx,33.66074690272784,2876.2030553878394,224.807806394408,0.6407301051358878,0,33.92120895251742,79.45629348342894,650.0676600191579,84.61538461538461,0.05
69,2025-01-18T14:00:00,NOx,33.66074690272784,2876.2030553878394,224.807806394408,0.6407301051358878,0,33.92120895251742,79.45629348342894,650.0676600191579,93.46153846153847,0.05
69,2025-01-18T14:00:00,NOx,33.66074690272784,2876.2030553878394,224.807806394408,0.6407301051358878,0,33.92120895251742,79.45629348342894,650.0676600191579,102.30769230769232,0.05
69,2025-01-18T14:00:00,NOx,33.66074690272784,2876.2030553878394,224.807806394408,0.6407301051358878,0,,79.45629348342894,650.0676600191579,111.15384615384616,0.05
69,2025-01-18T14:00:00,NOx,33.66074690272784,2876.2030553878394,224.807806394408,0.6407301051358878,0,33.92120895251742,79.45629348342894,650.0676600191579,120.0,0.05
70,2025-01-18T20:00:00,SO2,103.62512143859674,3349.8048441511983,51.22511523302424,1.421021778301488,2,30.37832762347052,70.5980130220438,137.50287646845135,5.0,0.05
70,2025-01-18T20:00:00,SO2,103.62512143859674,3349.8048441511983,51.22511523302424,1.421021778301488,2,30.37832762347052,70.5980130220438,137.50287646845135,13.846153846153847,
70,2025-01-18T20:00:00,SO2,103.62512143859674,3349.8048441511983,51.22511523302424,1.421021778301488,2,30.37832762347052,70.5980130220438,137.50287646845135,22.692307692307693,0.05
70,2025-01-18T20:00:00,SO2,103.62512143859674,3349.8048441511983,51.22511523302424,1.421021778301488,2,30.37832762347052,70.5980130220438,137.50287646845135,31.53846153846154,0.05
70,2025-01-18T20:00:00,SO2,103.62512143859674,3349.8048441511983,51.22511523302424,1.421021778301488,2,30.37832762347052,70.5980130220438,137.50287646845135,40.38461538461539,0.05
70,2025-01-18T20:00:00,SO2,103.62512143859674,3349.8048441511983,51.22511523302424,1.421021778301488,2,30.37832762347052,70.5980130220438,137.50287646845135,49.23076923076923,0.05
70,2025-01-18T20:00:00,SO2,103.62512143859674,3349.8048441511983,51.22511523302424,1.421021778301488,2,30.37832762347052,70.5980130220438,137.50287646845135,58.07692307692308,0.05
70,2025-01-18T20:00:00,SO2,103.62512143859674,3349.8048441511983,51.22511523302424,1.421021778301488,2,30.37832762347052,70.5980130220438,137.50287646845135,66.92307692307693,0.05
70,2025-01-18T20:00:00,SO2,103.62512143859674,3349.8048441511983,51.22511523302424,1.421021778301488,2,30.37832762347052,70.5980130220438,137.50287646845135,75.76923076923077,0.05
70,2025-01-18T20:00:00,SO2,103.62512143859674,3349.8048441511983,51.22511523302424,1.421021778301488,2,30.37832762347052,70.5980130220438,137.50287646845135,84.61538461538461,0.05
70,2025-01-18T20:00:00,SO2,103.62512143859674,3349.8048441511983,51.22511523302424,1.421021778301488,2,30.37832762347052,70.5980130220438,137.50287646845135,93.46153846153847,0.05
70,2025-01-18T20:00:00,SO2,103.62512143859674,3349.8048441511983,51.22511523302424,1.421021778301488,2,30.37832762347052,70.5980130220438,137.50287646845135,102.30769230769232,0.05
70,2025-01-18T20:00:00,SO2,103.62512143859674,3349.8048441511983,51.22511523302424,1.421021778301488,2,30.37832762347052,70.5980130220438,137.50287646845135,111.15384615384616,0.05
70,2025-01-18T20:00:00,SO2,103.62512143859674,3349.8048441511983,51.22511523302424,1.421021778301488,2,30.37832762347052,70.5980130220438,137.50287646845135,120.0,0.05
71,2025-01-19T02:00:00,NOx,110.62060503749845,3563.320598970078,339.33975143479296,1.1652620009358103,1,28.4618099855863,36.31181403244962,644.3765165228592,5.0,1.3522079118401202
71,2025-01-19T02:00:00,NOx,110.62060503749845,3563.320598970078,339.33975143479296,1.1652620009358103,1,28.4618099855863,36.31181403244962,644.3765165228592,13.846153846153847,0.05
71,2025-01-19T02:00:00,NOx,110.62060503749845,3563.320598970078,339.33975143479296,1.1652620009358103,1,28.4618099855863,36.31181403244962,644.3765165228592,22.692307692307693,0.05
71,2025-01-19T02:00:00,NOx,110.62060503749845,3563.320598970078,339.33975143479296,1.1652620009358103,1,28.4618099855863,36.31181403244962,644.3765165228592,31.53846153846154,0.05
71,2025-01-19T02:00:00,NOx,110.62060503749845,3563.320598970078,339.33975143479296,1.1652620009358103,1,28.4618099855863,36.31181403244962,644.3765165228592,40.38461538461539,0.05
71,2025-01-19T02:00:00,NOx,110.62060503749845,3563.320598970078,339.33975143479296,1.1652620009358103,1,28.4618099855863,36.31181403244962,644.3765165228592,49.23076923076923,0.05
71,2025-01-19T02:00:00,NOx,110.62060503749845,3563.320598970078,339.33975143479296,1.1652620009358103,1,28.4618099855863,36.31181403244962,644.3765165228592,58.07692307692308,0.05
71,2025-01-19T02:00:00,NOx,110.62060503749845,3563.320598970078,339.33975143479296,1.1652620009358103,1,28.4618099855863,36.31181403244962,644.3765165228592,66.92307692307693,0.05
71,2025-01-19T02:00:00,NOx,110.62060503749845,3563.320598970078,339.33975143479296,1.1652620009358103,1,28.4618099855863,36.31181403244962,644.3765165228592,75.76923076923077,0.05
71,2025-01-19T02:00:00,NOx,110.62060503749845,3563.320598970078,339.33975143479296,1.1652620009358103,1,28.4618099855863,36.31181403244962,644.3765165228592,84.61538461538461,0.05
71,2025-01-19T02:00:00,NOx,110.62060503749845,3563.320598970078,339.33975143479296,1.1652620009358103,1,28.4618099855863,36.31181403244962,644.3765165228592,93.46153846153847,0.05
71,2025-01-19T02:00:00,NOx,110.62060503749845,3563.320598970078,339.33975143479296,1.1652620009358103,1,28.4618099855863,36.31181403244962,644.3765165228592,102.30769230769232,0.05
71,2025-01-19T02:00:00,NOx,110.62060503749845,3563.320598970078,339.33975143479296,1.1652620009358103,1,28.4618099855863,36.31181403244962,644.3765165228592,111.15384615384616,0.05
71,2025-01-19T02:00:00,NOx,110.62060503749845,3563.320598970078,339.33975143479296,1.1652620009358103,1,28.4618099855863,36.31181403244962,644.3765165228592,120.0,0.05
72,2025-01-19T08:00:00,SO2,44.542598627562455,9426.162871623977,171.47974840997284,1.0685898342909725,1,34.5919081817141,26.467050452920894,207.31999727574774,5.0,63.9077497200873
72,2025-01-19T08:00:00,SO2,44.542598627562455,9426.162871623977,171.47974840997284,1.0685898342909725,1,34.5919081817141,26.467050452920894,207.31999727574774,13.846153846153847,9.752418273960044
72,2025-01-19T08:00:00,SO2,44.542598627562455,9426.162871623977,171.47974840997284,1.0685898342909725,1,34.5919081817141,26.467050452920894,207.31999727574774,22.692307692307693,1.1399725871616855
72,2025-01-19T08:00:00,SO2,44.542598627562455,9426.162871623977,171.47974840997284,1.0685898342909725,1,34.5919081817141,26.467050452920894,207.31999727574774,31.53846153846154,0.16827186141984116
72,2025-01-19T08:00:00,SO2,44.542598627562455,9426.162871623977,171.47974840997284,1.0685898342909725,1,34.5919081817141,26.467050452920894,207.31999727574774,40.38461538461539,0.05
72,2025-01-19T08:00:00,SO2,44.542598627562455,9426.162871623977,171.47974840997284,1.0685898342909725,1,34.5919081817141,,207.31999727574774,49.23076923076923,0.05
72,2025-01-19T08:00:00,SO2,44.542598627562455,9426.162871623977,171.47974840997284,1.0685898342909725,1,34.5919081817141,26.467050452920894,207.31999727574774,58.07692307692308,0.05
72,2025-01-19T08:00:00,SO2,44.542598627562455,9426.162871623977,171.47974840997284,1.0685898342909725,1,34.5919081817141,26.467050452920894,207.31999727574774,66.92307692307693,0.05
72,2025-01-19T08:00:00,SO2,44.542598627562455,9426.162871623977,171.47974840997284,1.0685898342909725,1,34.5919081817141,26.467050452920894,207.31999727574774,75.76923076923077,0.05
72,2025-01-19T08:00:00,SO2,44.542598627562455,9426.162871623977,171.47974840997284,1.0685898342909725,1,34.5919081817141,26.467050452920894,207.31999727574774,84.61538461538461,0.05
72,2025-01-19T08:00:00,SO2,44.542598627562455,9426.162871623977,171.47974840997284,1.0685898342909725,1,34.5919081817141,26.467050452920894,207.31999727574774,93.46153846153847,0.05
72,2025-01-19T08:00:00,SO2,44.542598627562455,9426.162871623977,171.47974840997284,1.0685898342909725,1,34.5919081817141,26.467050452920894,207.31999727574774,102.30769230769232,0.05
72,2025-01-19T08:00:00,SO2,44.542598627562455,9426.162871623977,171.47974840997284,1.0685898342909725,1,34.5919081817141,26.467050452920894,207.31999727574774,111.15384615384616,0.05
72,2025-01-19T08:00:00,SO2,44.542598627562455,9426.162871623977,171.47974840997284,1.0685898342909725,1,34.5919081817141,26.467050452920894,207.31999727574774,120.0,0.05
73,2025-01-19T14:00:00,NOx,38.53557224345795,3384.35861899283,41.41649606898571,1.5439956468668607,3,32.20033760109247,63.13362124061109,605.4359892481931,5.0,13.72638757620256
73,2025-01-19T14:00:00,NOx,38.53557224345795,3384.35861899283,41.41649606898571,1.5439956468668607,3,,63.13362124061109,605.4359892481931,13.846153846153847,0.05
73,2025-01-19T14:00:00,NOx,38.53557224345795,3384.35861899283,41.41649606898571,1.5439956468668607,3,32.20033760109247,63.13362124061109,605.4359892481931,22.692307692307693,0.05
73,2025-01-19T14:00:00,NOx,38.53557224345795,3384.35861899283,41.41649606898571,1.5439956468668607,3,32.20033760109247,63.13362124061109,605.4359892481931,31.53846153846154,0.05
73,2025-01-19T14:00:00,NOx,38.53557224345795,3384.35861899283,41.41649606898571,1.5439956468668607,3,32.20033760109247,63.13362124061109,605.4359892481931,40.38461538461539,0.05
73,2025-01-19T14:00:00,NOx,38.53557224345795,3384.35861899283,41.41649606898571,1.5439956468668607,3,32.20033760109247,63.13362124061109,605.4359892481931,49.23076923076923,0.05
73,2025-01-19T14:00:00,NOx,38.53557224345795,3384.35861899283,41.41649606898571,1.5439956468668607,3,32.20033760109247,63.13362124061109,605.4359892481931,58.07692307692308,0.05
73,2025-01-19T14:00:00,NOx,38.53557224345795,3384.35861899283,41.41649606898571,1.5439956468668607,3,32.20033760109247,63.13362124061109,605.4359892481931,66.92307692307693,0.05
73,2025-01-19T14:00:00,NOx,38.53557224345795,3384.35861899283,41.41649606898571,1.5439956468668607,3,32.20033760109247,63.13362124061109,605.4359892481931,75.76923076923077,0.05
73,2025-01-19T14:00:00,NOx,38.53557224345795,3384.35861899283,41.41649606898571,1.5439956468668607,3,32.20033760109247,63.13362124061109,605.4359892481931,84.61538461538461,0.05
73,2025-01-19T14:00:00,NOx,38.53557224345795,3384.35861899283,41.41649606898571,1.5439956468668607,3,32.20033760109247,63.13362124061109,605.4359892481931,93.46153846153847,0.05
73,2025-01-19T14:00:00,NOx,38.53557224345795,3384.35861899283,41.41649606898571,1.5439956468668607,3,32.20033760109247,63.13362124061109,605.4359892481931,102.30769230769232,0.05
73,2025-01-19T14:00:00,NOx,38.53557224345795,3384.35861899283,41.41649606898571,1.5439956468668607,3,32.20033760109247,63.13362124061109,605.4359892481931,111.15384615384616,0.05
73,2025-01-19T14:00:00,NOx,38.53557224345795,3384.35861899283,41.41649606898571,1.5439956468668607,3,32.20033760109247,63.13362124061109,605.4359892481931,120.0,0.05
74,2025-01-19T20:00:00,CO,21.720150232869706,2145.2390571355045,59.94790435763507,1.5862611434265794,0,20.650841619028274,74.6352757354442,480.9825647246368,5.0,26.431231092704195
74,2025-01-19T20:00:00,CO,21.720150232869706,2145.2390571355045,59.94790435763507,1.5862611434265794,0,20.650841619028274,74.6352757354442,480.9825647246368,13.846153846153847,0.15409427699738248
74,2025-01-19T20:00:00,CO,21.720150232869706,2145.2390571355045,59.94790435763507,1.5862611434265794,0,20.650841619028274,74.6352757354442,480.9825647246368,22.692307692307693,0.05
74,2025-01-19T20:00:00,CO,21.720150232869706,2145.2390571355045,59.94790435763507,1.5862611434265794,0,20.650841619028274,74.6352757354442,480.9825647246368,31.53846153846154,0.05
74,2025-01-19T20:00:00,CO,21.720150232869706,2145.2390571355045,59.94790435763507,1.5862611434265794,0,20.650841619028274,74.6352757354442,480.9825647246368,40.38461538461539,0.05
74,2025-01-19T20:00:00,CO,21.720150232869706,2145.2390571355045,59.94790435763507,1.5862611434265794,0,20.650841619028274,74.6352757354442,480.9825647246368,49.23076923076923,0.05
74,2025-01-19T20:00:00,CO,21.720150232869706,2145.2390571355045,59.94790435763507,1.5862611434265794,0,20.650841619028274,74.6352757354442,480.9825647246368,58.07692307692308,0.05
74,2025-01-19T20:00:00,CO,21.720150232869706,2145.2390571355045,59.94790435763507,1.5862611434265794,0,20.650841619028274,74.6352757354442,480.9825647246368,66.92307692307693,0.05
74,2025-01-19T20:00:00,CO,21.720150232869706,2145.2390571355045,59.94790435763507,1.5862611434265794,0,20.650841619028274,74.6352757354442,480.9825647246368,75.76923076923077,0.05
74,2025-01-19T20:00:00,CO,21.720150232869706,2145.2390571355045,59.94790435763507,1.5862611434265794,0,20.650841619028274,74.6352757354442,480.9825647246368,84.61538461538461,0.05
74,2025-01-19T20:00:00,CO,21.720150232869706,2145.2390571355045,59.94790435763507,1.5862611434265794,0,20.650841619028274,74.6352757354442,480.9825647246368,93.46153846153847,0.05
74,2025-01-19T20:00:00,CO,21.720150232869706,2145.2390571355045,59.94790435763507,1.5862611434265794,0,20.650841619028274,74.6352757354442,480.9825647246368,102.30769230769232,0.05
74,2025-01-19T20:00:00,CO,21.720150232869706,2145.2390571355045,59.94790435763507,1.5862611434265794,0,20.650841619028274,74.6352757354442,480.9825647246368,111.15384615384616,0.05
74,2025-01-19T20:00:00,CO,21.720150232869706,2145.2390571355045,59.94790435763507,1.5862611434265794,0,20.650841619028274,74.6352757354442,480.9825647246368,120.0,0.05
75,2025-01-20T02:00:00,CO,86.09338590663722,10391.78786334428,62.65276010851769,1.282782946990358,0,24.1533093275806,37.99734185104256,563.5651038642588,5.0,62.53315806623606
75,2025-01-20T02:00:00,CO,86.09338590663722,10391.78786334428,62.65276010851769,1.282782946990358,0,24.1533093275806,37.99734185104256,563.5651038642588,13.846153846153847,1.3807511015049871
75,2025-01-20T02:00:00,CO,86.09338590663722,10391.78786334428,62.65276010851769,1.282782946990358,0,24.1533093275806,37.99734185104256,563.5651038642588,22.692307692307693,0.05
75,2025-01-20T02:00:00,CO,86.09338590663722,10391.78786334428,62.65276010851769,1.282782946990358,0,24.1533093275806,37.99734185104256,563.5651038642588,31.53846153846154,0.05
75,2025-01-20T02:00:00,CO,86.09338590663722,10391.78786334428,62.65276010851769,1.282782946990358,0,24.1533093275806,37.99734185104256,563.5651038642588,40.38461538461539,0.05
75,2025-01-20T02:00:00,CO,86.09338590663722,10391.78786334428,62.65276010851769,1.282782946990358,0,24.1533093275806,37.99734185104256,563.5651038642588,49.23076923076923,0.05
75,2025-01-20T02:00:00,CO,86.09338590663722,10391.78786334428,62.65276010851769,1.282782946990358,0,24.1533093275806,37.99734185104256,563.5651038642588,58.07692307692308,0.05
75,2025-01-20T02:00:00,CO,86.09338590663722,10391.78786334428,62.65276010851769,1.282782946990358,0,24.1533093275806,37.99734185104256,563.5651038642588,66.92307692307693,0.05
75,2025-01-20T02:00:00,CO,86.09338590663722,10391.78786334428,62.65276010851769,1.282782946990358,0,24.1533093275806,37.99734185104256,563.5651038642588,75.76923076923077,0.05
75,2025-01-20T02:00:00,CO,86.09338590663722,10391.78786334428,62.65276010851769,1.282782946990358,0,24.1533093275806,37.99734185104256,563.5651038642588,84.61538461538461,0.05
75,2025-01-20T02:00:00,CO,86.09338590663722,10391.78786334428,62.65276010851769,1.282782946990358,0,24.1533093275806,37.99734185104256,563.5651038642588,93.46153846153847,0.05
75,2025-01-20T02:00:00,CO,86.09338590663722,10391.78786334428,62.65276010851769,1.282782946990358,0,24.1533093275806,37.99734185104256,563.5651038642588,102.30769230769232,0.05
75,2025-01-20T02:00:00,CO,86.09338590663722,10391.78786334428,62.65276010851769,1.282782946990358,0,24.1533093275806,37.99734185104256,563.5651038642588,111.15384615384616,0.05
75,2025-01-20T02:00:00,CO,86.09338590663722,10391.78786334428,62.65276010851769,1.282782946990358,0,24.1533093275806,37.99734185104256,563.5651038642588,120.0,0.05
76,2025-01-20T08:00:00,CO,36.01573621285556,5738.781476138011,342.02065014039454,0.5700338039292954,4,28.91596571478927,70.62530111107705,399.1425473360114,5.0,59.863256732474085
76,2025-01-20T08:00:00,CO,36.01573621285556,5738.781476138011,342.02065014039454,0.5700338039292954,4,28.91596571478927,70.62530111107705,399.1425473360114,13.846153846153847,1.7735962591314451
76,2025-01-20T08:00:00,CO,36.01573621285556,5738.781476138011,342.02065014039454,0.5700338039292954,4,28.91596571478927,70.62530111107705,399.1425473360114,22.692307692307693,0.05
76,2025-01-20T08:00:00,CO,36.01573621285556,5738.781476138011,342.02065014039454,0.5700338039292954,4,28.91596571478927,70.62530111107705,399.1425473360114,31.53846153846154,
76,2025-01-20T08:00:00,CO,36.01573621285556,5738.781476138011,342.02065014039454,0.5700338039292954,4,28.91596571478927,70.62530111107705,399.1425473360114,40.38461538461539,0.05
76,2025-01-20T08:00:00,CO,36.01573621285556,5738.781476138011,342.02065014039454,0.5700338039292954,4,28.91596571478927,70.62530111107705,399.1425473360114,49.23076923076923,0.05
76,2025-01-20T08:00:00,CO,36.01573621285556,5738.781476138011,342.02065014039454,0.5700338039292954,4,28.91596571478927,70.62530111107705,399.1425473360114,58.07692307692308,0.05
76,2025-01-20T08:00:00,CO,36.01573621285556,5738.781476138011,342.02065014039454,0.5700338039292954,4,28.91596571478927,70.62530111107705,399.1425473360114,66.92307692307693,0.05
76,2025-01-20T08:00:00,CO,36.01573621285556,5738.781476138011,342.02065014039454,0.5700338039292954,4,28.91596571478927,70.62530111107705,399.1425473360114,75.76923076923077,0.05
76,2025-01-20T08:00:00,CO,36.01573621285556,5738.781476138011,342.02065014039454,0.5700338039292954,4,28.91596571478927,70.62530111107705,399.1425473360114,84.61538461538461,0.05
76,2025-01-20T08:00:00,CO,36.01573621285556,5738.781476138011,342.02065014039454,0.5700338039292954,4,28.91596571478927,70.62530111107705,399.1425473360114,93.46153846153847,0.05
76,2025-01-20T08:00:00,CO,36.01573621285556,5738.781476138011,342.02065014039454,0.5700338039292954,4,28.91596571478927,70.62530111107705,399.1425473360114,102.30769230769232,0.05
76,2025-01-20T08:00:00,CO,36.01573621285556,5738.781476138011,342.02065014039454,0.5700338039292954,4,28.91596571478927,70.62530111107705,399.1425473360114,111.15384615384616,0.05
76,2025-01-20T08:00:00,CO,36.01573621285556,5738.781476138011,342.02065014039454,0.5700338039292954,4,28.91596571478927,70.62530111107705,399.1425473360114,120.0,0.05
77,2025-01-20T14:00:00,CO,35.42694126302514,1866.1004293741103,30.23861428875667,,4,33.38485162596443,69.00798656799014,64.43330673016615,5.0,0.1366744266667404
77,2025-01-20T14:00:00,CO,35.42694126302514,1866.1004293741103,30.23861428875667,0.8331266423506506,4,33.38485162596443,69.00798656799014,64.43330673016615,13.846153846153847,0.05
77,2025-01-20T14:00:00,CO,35.42694126302514,1866.1004293741103,30.23861428875667,0.8331266423506506,4,33.38485162596443,69.00798656799014,64.43330673016615,22.692307692307693,0.05
77,2025-01-20T14:00:00,CO,35.42694126302514,1866.1004293741103,30.23861428875667,0.8331266423506506,4,33.38485162596443,69.00798656799014,64.43330673016615,31.53846153846154,0.05
77,2025-01-20T14:00:00,CO,35.42694126302514,1866.1004293741103,30.23861428875667,0.8331266423506506,4,33.38485162596443,69.00798656799014,64.43330673016615,40.38461538461539,0.05
77,2025-01-20T14:00:00,CO,35.42694126302514,1866.1004293741103,30.23861428875667,0.8331266423506506,4,,69.00798656799014,64.43330673016615,49.23076923076923,0.05
77,2025-01-20T14:00:00,CO,35.42694126302514,1866.1004293741103,30.23861428875667,0.8331266423506506,4,33.38485162596443,69.00798656799014,64.43330673016615,58.07692307692308,0.05
77,2025-01-20T14:00:00,CO,35.42694126302514,1866.1004293741103,30.23861428875667,0.8331266423506506,4,33.38485162596443,69.00798656799014,64.43330673016615,66.92307692307693,0.05
77,2025-01-20T14:00:00,CO,35.42694126302514,1866.1004293741103,30.23861428875667,0.8331266423506506,4,33.38485162596443,69.00798656799014,64.43330673016615,75.76923076923077,0.05
77,2025-01-20T14:00:00,CO,35.42694126302514,1866.1004293741103,30.23861428875667,0.8331266423506506,4,33.38485162596443,69.00798656799014,64.43330673016615,84.61538461538461,0.05
77,2025-01-20T14:00:00,CO,35.42694126302514,1866.1004293741103,30.23861428875667,0.8331266423506506,4,33.38485162596443,69.00798656799014,64.43330673016615,93.46153846153847,0.05
77,2025-01-20T14:00:00,CO,35.42694126302514,1866.1004293741103,30.23861428875667,0.8331266423506506,4,33.38485162596443,69.00798656799014,64.43330673016615,102.30769230769232,0.05
77,2025-01-20T14:00:00,CO,35.42694126302514,1866.1004293741103,30.23861428875667,0.8331266423506506,4,33.38485162596443,69.00798656799014,64.43330673016615,111.15384615384616,0.05
77,2025-01-20T14:00:00,CO,35.42694126302514,1866.1004293741103,30.23861428875667,0.8331266423506506,4,33.38485162596443,69.00798656799014,64.43330673016615,120.0,0.05
78,2025-01-20T20:00:00,CO,42.98438066485312,3604.8505713971485,140.40595950710872,1.0363004010781596,3,37.80556174185509,56.60639388173846,525.6606798011521,5.0,27.55119014292376
78,2025-01-20T20:00:00,CO,42.98438066485312,3604.8505713971485,140.40595950710872,1.0363004010781596,3,37.80556174185509,56.60639388173846,525.6606798011521,13.846153846153847,0.1415737642959142
78,2025-01-20T20:00:00,CO,42.98438066485312,3604.8505713971485,140.40595950710872,1.0363004010781596,3,37.80556174185509,56.60639388173846,525.6606798011521,22.692307692307693,0.05
78,2025-01-20T20:00:00,CO,42.98438066485312,3604.8505713971485,140.40595950710872,1.0363004010781596,3,37.80556174185509,56.60639388173846,525.6606798011521,31.53846153846154,
78,2025-01-20T20:00:00,CO,42.98438066485312,3604.8505713971485,140.40595950710872,1.0363004010781596,3,37.80556174185509,56.60639388173846,525.6606798011521,40.38461538461539,0.05
78,2025-01-20T20:00:00,CO,42.98438066485312,3604.8505713971485,140.40595950710872,1.0363004010781596,3,37.80556174185509,56.60639388173846,525.6606798011521,49.23076923076923,0.05
78,2025-01-20T20:00:00,CO,42.98438066485312,3604.8505713971485,140.40595950710872,1.0363004010781596,3,37.80556174185509,56.60639388173846,525.6606798011521,58.07692307692308,0.05
78,2025-01-20T20:00:00,CO,42.98438066485312,3604.8505713971485,140.40595950710872,1.0363004010781596,3,37.80556174185509,56.60639388173846,525.6606798011521,66.92307692307693,0.05
78,2025-01-20T20:00:00,CO,42.98438066485312,3604.8505713971485,140.40595950710872,1.0363004010781596,3,37.80556174185509,56.60639388173846,525.6606798011521,75.76923076923077,0.05
78,2025-01-20T20:00:00,CO,42.98438066485312,3604.8505713971485,140.40595950710872,1.0363004010781596,3,37.80556174185509,56.60639388173846,525.6606798011521,84.61538461538461,0.05
78,2025-01-20T20:00:00,CO,42.98438066485312,3604.8505713971485,140.40595950710872,1.0363004010781596,3,37.80556174185509,56.60639388173846,525.6606798011521,93.46153846153847,0.05
78,2025-01-20T20:00:00,CO,42.98438066485312,3604.8505713971485,140.40595950710872,1.0363004010781596,3,37.80556174185509,56.60639388173846,525.6606798011521,102.30769230769232,0.05
78,2025-01-20T20:00:00,CO,42.98438066485312,3604.8505713971485,140.40595950710872,1.0363004010781596,3,37.80556174185509,,525.6606798011521,111.15384615384616,0.05
78,2025-01-20T20:00:00,CO,42.98438066485312,3604.8505713971485,140.40595950710872,1.0363004010781596,3,37.80556174185509,56.60639388173846,525.6606798011521,120.0,0.05
79,2025-01-21T02:00:00,NOx,80.76039023096106,5373.217853489475,344.65314607252384,0.7002924007457798,4,24.61353993892705,32.63355771350968,183.42127962197864,5.0,4.262536045981017
79,2025-01-21T02:00:00,NOx,80.76039023096106,5373.217853489475,344.65314607252384,0.7002924007457798,4,24.61353993892705,32.63355771350968,183.42127962197864,13.846153846153847,0.05
79,2025-01-21T02:00:00,NOx,80.76039023096106,5373.217853489475,344.65314607252384,0.7002924007457798,4,24.61353993892705,32.63355771350968,183.42127962197864,22.692307692307693,0.05
79,2025-01-21T02:00:00,NOx,80.76039023096106,5373.217853489475,344.65314607252384,0.7002924007457798,4,24.61353993892705,32.63355771350968,183.42127962197864,31.53846153846154,0.05
79,2025-01-21T02:00:00,NOx,80.76039023096106,5373.217853489475,344.65314607252384,0.7002924007457798,4,24.61353993892705,32.63355771350968,183.42127962197864,40.38461538461539,0.05
79,2025-01-21T02:00:00,NOx,80.76039023096106,5373.217853489475,344.65314607252384,0.7002924007457798,4,24.61353993892705,32.63355771350968,183.42127962197864,49.23076923076923,0.05
79,2025-01-21T02:00:00,NOx,80.76039023096106,5373.217853489475,344.65314607252384,0.7002924007457798,4,24.61353993892705,32.63355771350968,183.42127962197864,58.07692307692308,0.05
79,2025-01-21T02:00:00,NOx,80.76039023096106,5373.217853489475,344.65314607252384,0.7002924007457798,4,24.61353993892705,32.63355771350968,183.42127962197864,66.92307692307693,0.05
79,2025-01-21T02:00:00,NOx,80.76039023096106,5373.217853489475,344.65314607252384,0.7002924007457798,4,24.61353993892705,32.63355771350968,183.42127962197864,75.76923076923077,0.05
79,2025-01-21T02:00:00,NOx,80.76039023096106,5373.217853489475,344.65314607252384,0.7002924007457798,4,24.61353993892705,32.63355771350968,183.42127962197864,84.61538461538461,0.05
79,2025-01-21T02:00:00,NOx,80.76039023096106,5373.217853489475,344.65314607252384,0.7002924007457798,4,24.61353993892705,32.63355771350968,183.42127962197864,93.46153846153847,0.05
79,2025-01-21T02:00:00,NOx,80.76039023096106,5373.217853489475,344.65314607252384,0.7002924007457798,4,24.61353993892705,32.63355771350968,183.42127962197864,102.30769230769232,0.05
79,2025-01-21T02:00:00,NOx,80.76039023096106,5373.217853489475,344.65314607252384,0.7002924007457798,4,24.61353993892705,32.63355771350968,183.42127962197864,111.15384615384616,0.05
79,2025-01-21T02:00:00,NOx,80.76039023096106,5373.217853489475,344.65314607252384,,4,24.61353993892705,32.63355771350968,183.42127962197864,120.0,0.05
80,2025-01-21T08:00:00,CO,77.50916420110642,5780.505913720352,215.99763891739906,0.34692614218606194,2,35.86104969506505,25.661000043053708,175.73917352980948,5.0,4.971316247760578
80,2025-01-21T08:00:00,CO,77.50916420110642,5780.505913720352,215.99763891739906,0.34692614218606194,2,35.86104969506505,25.661000043053708,175.73917352980948,13.846153846153847,0.05
80,2025-01-21T08:00:00,CO,77.50916420110642,5780.505913720352,215.99763891739906,0.34692614218606194,2,35.86104969506505,25.661000043053708,175.73917352980948,22.692307692307693,0.05
80,2025-01-21T08:00:00,CO,77.50916420110642,5780.505913720352,215.99763891739906,0.34692614218606194,2,35.86104969506505,25.661000043053708,175.73917352980948,31.53846153846154,0.05
80,2025-01-21T08:00:00,CO,77.50916420110642,5780.505913720352,215.99763891739906,0.34692614218606194,2,35.86104969506505,25.661000043053708,175.73917352980948,40.38461538461539,0.05
80,2025-01-21T08:00:00,CO,77.50916420110642,5780.505913720352,215.99763891739906,0.34692614218606194,2,35.86104969506505,25.661000043053708,175.73917352980948,49.23076923076923,0.05
80,2025-01-21T08:00:00,CO,77.50916420110642,5780.505913720352,215.99763891739906,0.34692614218606194,2,35.86104969506505,25.661000043053708,175.73917352980948,58.07692307692308,0.05
80,2025-01-21T08:00:00,CO,77.50916420110642,5780.505913720352,215.99763891739906,0.34692614218606194,2,35.86104969506505,25.661000043053708,175.73917352980948,66.92307692307693,0.05
80,2025-01-21T08:00:00,CO,77.50916420110642,5780.505913720352,215.99763891739906,0.34692614218606194,2,35.86104969506505,25.661000043053708,175.73917352980948,75.76923076923077,0.05
80,2025-01-21T08:00:00,CO,77.50916420110642,5780.505913720352,215.99763891739906,0.34692614218606194,2,35.86104969506505,25.661000043053708,175.73917352980948,84.61538461538461,0.05
80,2025-01-21T08:00:00,CO,77.50916420110642,5780.505913720352,215.99763891739906,0.34692614218606194,2,35.86104969506505,25.661000043053708,175.73917352980948,93.46153846153847,0.05
80,2025-01-21T08:00:00,CO,77.50916420110642,5780.505913720352,215.99763891739906,0.34692614218606194,2,35.86104969506505,25.661000043053708,175.73917352980948,102.30769230769232,0.05
80,2025-01-21T08:00:00,CO,77.50916420110642,5780.505913720352,215.99763891739906,0.34692614218606194,2,35.86104969506505,,175.73917352980948,111.15384615384616,0.05
80,2025-01-21T08:00:00,CO,77.50916420110642,5780.505913720352,215.99763891739906,0.34692614218606194,2,35.86104969506505,25.661000043053708,175.73917352980948,120.0,0.05
81,2025-01-21T14:00:00,NOx,13.991282710520931,5718.799347906469,300.48394860894473,1.0740455473853148,4,33.53296871777432,73.63118293958786,580.8964238987347,5.0,248.9563562524184
81,2025-01-21T14:00:00,NOx,13.991282710520931,5718.799347906469,300.48394860894473,1.0740455473853148,4,33.53296871777432,73.63118293958786,580.8964238987347,13.846153846153847,60.46327950170355
81,2025-01-21T14:00:00,NOx,13.991282710520931,5718.799347906469,300.48394860894473,1.0740455473853148,4,33.53296871777432,73.63118293958786,580.8964238987347,22.692307692307693,13.783691878539804
81,2025-01-21T14:00:00,NOx,13.991282710520931,5718.799347906469,300.48394860894473,1.0740455473853148,4,33.53296871777432,73.63118293958786,580.8964238987347,31.53846153846154,4.082386186585611
81,2025-01-21T14:00:00,NOx,13.991282710520931,5718.799347906469,300.48394860894473,1.0740455473853148,4,33.53296871777432,73.63118293958786,580.8964238987347,40.38461538461539,0.9960032280330732
81,2025-01-21T14:00:00,NOx,13.991282710520931,5718.799347906469,300.48394860894473,1.0740455473853148,4,33.53296871777432,73.63118293958786,580.8964238987347,49.23076923076923,0.22913874591242359
81,2025-01-21T14:00:00,NOx,13.991282710520931,5718.799347906469,300.48394860894473,1.0740455473853148,4,33.53296871777432,73.63118293958786,580.8964238987347,58.07692307692308,0.06788567154656179
81,2025-01-21T14:00:00,NOx,13.991282710520931,5718.799347906469,300.48394860894473,1.0740455473853148,4,33.53296871777432,73.63118293958786,580.8964238987347,66.92307692307693,0.05
81,2025-01-21T14:00:00,NOx,13.991282710520931,5718.799347906469,300.48394860894473,1.0740455473853148,4,33.53296871777432,73.63118293958786,580.8964238987347,75.76923076923077,0.05
81,2025-01-21T14:00:00,NOx,13.991282710520931,5718.799347906469,300.48394860894473,1.0740455473853148,4,33.53296871777432,73.63118293958786,580.8964238987347,84.61538461538461,0.05
81,2025-01-21T14:00:00,NOx,13.991282710520931,5718.799347906469,300.48394860894473,1.0740455473853148,4,33.53296871777432,73.63118293958786,580.8964238987347,93.46153846153847,0.05
81,2025-01-21T14:00:00,NOx,13.991282710520931,5718.799347906469,300.48394860894473,1.0740455473853148,4,33.53296871777432,73.63118293958786,580.8964238987347,102.30769230769232,0.05
81,2025-01-21T14:00:00,NOx,13.991282710520931,5718.799347906469,300.48394860894473,1.0740455473853148,4,33.53296871777432,73.63118293958786,580.8964238987347,111.15384615384616,0.05
81,2025-01-21T14:00:00,NOx,13.991282710520931,5718.799347906469,300.48394860894473,1.0740455473853148,4,33.53296871777432,73.63118293958786,580.8964238987347,120.0,0.05
82,2025-01-21T20:00:00,SO2,13.301601205719923,9345.816123899578,437.48466047933425,1.472967995404001,1,29.006470113952787,29.689368393123296,685.8397903318274,5.0,361.98749069718946
82,2025-01-21T20:00:00,SO2,13.301601205719923,9345.816123899578,437.48466047933425,1.472967995404001,1,29.006470113952787,29.689368393123296,685.8397903318274,13.846153846153847,228.68722141546522
82,2025-01-21T20:00:00,SO2,13.301601205719923,9345.816123899578,437.48466047933425,1.472967995404001,1,29.006470113952787,29.689368393123296,685.8397903318274,22.692307692307693,131.93193000583034
82,2025-01-21T20:00:00,SO2,13.301601205719923,9345.816123899578,437.48466047933425,1.472967995404001,1,29.006470113952787,29.689368393123296,685.8397903318274,31.53846153846154,61.108594173416144
82,2025-01-21T20:00:00,SO2,13.301601205719923,9345.816123899578,437.48466047933425,1.472967995404001,1,29.006470113952787,29.689368393123296,685.8397903318274,40.38461538461539,28.46802724266022
82,2025-01-21T20:00:00,SO2,13.301601205719923,9345.816123899578,437.48466047933425,1.472967995404001,1,29.006470113952787,29.689368393123296,685.8397903318274,49.23076923076923,15.002580670505381
82,2025-01-21T20:00:00,SO2,13.301601205719923,9345.816123899578,437.48466047933425,1.472967995404001,1,29.006470113952787,29.689368393123296,685.8397903318274,58.07692307692308,8.993906919990017
82,2025-01-21T20:00:00,SO2,13.301601205719923,9345.816123899578,437.48466047933425,1.472967995404001,1,29.006470113952787,29.689368393123296,685.8397903318274,66.92307692307693,3.651991905597715
82,2025-01-21T20:00:00,SO2,13.301601205719923,9345.816123899578,437.48466047933425,1.472967995404001,1,29.006470113952787,29.689368393123296,685.8397903318274,75.76923076923077,2.3648331163003697
82,2025-01-21T20:00:00,SO2,13.301601205719923,9345.816123899578,437.48466047933425,1.472967995404001,1,,29.689368393123296,685.8397903318274,84.61538461538461,1.1094058872469619
82,2025-01-21T20:00:00,SO2,13.301601205719923,9345.816123899578,437.48466047933425,1.472967995404001,1,29.006470113952787,29.689368393123296,685.8397903318274,93.46153846153847,0.5183108741108212
82,2025-01-21T20:00:00,SO2,13.301601205719923,9345.816123899578,437.48466047933425,1.472967995404001,1,29.006470113952787,29.689368393123296,685.8397903318274,102.30769230769232,0.2781272478495805
82,2025-01-21T20:00:00,SO2,13.301601205719923,9345.816123899578,437.48466047933425,1.472967995404001,1,29.006470113952787,29.689368393123296,685.8397903318274,111.15384615384616,0.1372736820918293
82,2025-01-21T20:00:00,SO2,13.301601205719923,9345.816123899578,437.48466047933425,1.472967995404001,1,29.006470113952787,29.689368393123296,685.8397903318274,120.0,0.08086795148443905
83,2025-01-22T02:00:00,CO,35.714595957825864,5995.92960443256,425.8787281320219,1.2410975667772395,4,22.304874963582996,76.57366800513388,327.43239748735766,5.0,68.74582695614447
83,2025-01-22T02:00:00,CO,35.714595957825864,5995.92960443256,425.8787281320219,1.2410975667772395,4,22.304874963582996,76.57366800513388,327.43239748735766,13.846153846153847,4.638886690615554
83,2025-01-22T02:00:00,CO,35.714595957825864,5995.92960443256,425.8787281320219,1.2410975667772395,4,22.304874963582996,76.57366800513388,327.43239748735766,22.692307692307693,0.3060742520425757
83,2025-01-22T02:00:00,CO,35.714595957825864,5995.92960443256,425.8787281320219,1.2410975667772395,4,22.304874963582996,76.57366800513388,327.43239748735766,31.53846153846154,0.05
83,2025-01-22T02:00:00,CO,35.714595957825864,5995.92960443256,425.8787281320219,1.2410975667772395,4,22.304874963582996,76.57366800513388,327.43239748735766,40.38461538461539,0.05
83,2025-01-22T02:00:00,CO,35.714595957825864,5995.92960443256,425.8787281320219,1.2410975667772395,4,22.304874963582996,76.57366800513388,327.43239748735766,49.23076923076923,0.05
83,2025-01-22T02:00:00,CO,35.714595957825864,5995.92960443256,425.8787281320219,1.2410975667772395,4,22.304874963582996,76.57366800513388,327.43239748735766,58.07692307692308,0.05
83,2025-01-22T02:00:00,CO,35.714595957825864,5995.92960443256,425.8787281320219,1.2410975667772395,4,22.304874963582996,76.57366800513388,327.43239748735766,66.92307692307693,0.05
83,2025-01-22T02:00:00,CO,35.714595957825864,5995.92960443256,425.8787281320219,1.2410975667772395,4,22.304874963582996,76.57366800513388,327.43239748735766,75.76923076923077,0.05
83,2025-01-22T02:00:00,CO,35.714595957825864,5995.92960443256,425.8787281320219,1.2410975667772395,4,22.304874963582996,76.57366800513388,327.43239748735766,84.61538461538461,0.05
83,2025-01-22T02:00:00,CO,35.714595957825864,5995.92960443256,425.8787281320219,1.2410975667772395,4,22.304874963582996,76.57366800513388,327.43239748735766,93.46153846153847,0.05
83,2025-01-22T02:00:00,CO,35.714595957825864,5995.92960443256,425.8787281320219,1.2410975667772395,4,22.304874963582996,76.57366800513388,327.43239748735766,102.30769230769232,0.05
83,2025-01-22T02:00:00,CO,35.714595957825864,5995.92960443256,425.8787281320219,1.2410975667772395,4,22.304874963582996,76.57366800513388,327.43239748735766,111.15384615384616,0.05
83,2025-01-22T02:00:00,CO,35.714595957825864,5995.92960443256,425.8787281320219,1.2410975667772395,4,22.304874963582996,76.57366800513388,327.43239748735766,120.0,0.05
84,2025-01-22T08:00:00,CO,103.33553526987299,6624.805417328666,383.9474268987183,0.8526258143940079,4,31.015891794354737,31.953931919154964,712.6706710523686,5.0,11.896452652073325
84,2025-01-22T08:00:00,CO,103.33553526987299,6624.805417328666,383.9474268987183,0.8526258143940079,4,31.015891794354737,31.953931919154964,712.6706710523686,13.846153846153847,0.05
84,2025-01-22T08:00:00,CO,103.33553526987299,6624.805417328666,383.9474268987183,0.8526258143940079,4,31.015891794354737,,712.6706710523686,22.692307692307693,0.05
84,2025-01-22T08:00:00,CO,103.33553526987299,6624.805417328666,383.9474268987183,0.8526258143940079,4,31.015891794354737,31.953931919154964,712.6706710523686,31.53846153846154,0.05
84,2025-01-22T08:00:00,CO,103.33553526987299,6624.805417328666,383.9474268987183,0.8526258143940079,4,31.015891794354737,31.953931919154964,712.6706710523686,40.38461538461539,0.05
84,2025-01-22T08:00:00,CO,103.33553526987299,6624.805417328666,383.9474268987183,0.8526258143940079,4,31.015891794354737,31.953931919154964,712.6706710523686,49.23076923076923,0.05
84,2025-01-22T08:00:00,CO,103.33553526987299,6624.805417328666,383.9474268987183,0.8526258143940079,4,31.015891794354737,31.953931919154964,712.6706710523686,58.07692307692308,0.05
84,2025-01-22T08:00:00,CO,103.33553526987299,6624.805417328666,383.9474268987183,0.8526258143940079,4,31.015891794354737,31.953931919154964,712.6706710523686,66.92307692307693,0.05
84,2025-01-22T08:00:00,CO,103.33553526987299,6624.805417328666,383.9474268987183,0.8526258143940079,4,31.015891794354737,31.953931919154964,712.6706710523686,75.76923076923077,0.05
84,2025-01-22T08:00:00,CO,103.33553526987299,6624.805417328666,383.9474268987183,0.8526258143940079,4,31.015891794354737,31.953931919154964,712.6706710523686,84.61538461538461,0.05
84,2025-01-22T08:00:00,CO,103.33553526987299,6624.805417328666,383.9474268987183,0.8526258143940079,4,31.015891794354737,31.953931919154964,712.6706710523686,93.46153846153847,0.05
84,2025-01-22T08:00:00,CO,103.33553526987299,6624.805417328666,383.9474268987183,0.8526258143940079,4,31.015891794354737,31.953931919154964,712.6706710523686,102.30769230769232,0.05
84,2025-01-22T08:00:00,CO,103.33553526987299,6624.805417328666,383.9474268987183,0.8526258143940079,4,31.015891794354737,31.953931919154964,712.6706710523686,111.15384615384616,0.05
84,2025-01-22T08:00:00,CO,103.33553526987299,6624.805417328666,383.9474268987183,0.8526258143940079,4,31.015891794354737,31.953931919154964,712.6706710523686,120.0,0.05
85,2025-01-22T14:00:00,CO,13.487954371757436,3580.895576315279,221.74987565750192,0.7819971651274309,4,34.20605110546933,47.67025865156944,443.13529649834,5.0,151.74990840417402
85,2025-01-22T14:00:00,CO,13.487954371757436,3580.895576315279,221.74987565750192,0.7819971651274309,4,34.20605110546933,47.67025865156944,443.13529649834,13.846153846153847,24.20776274418429
85,2025-01-22T14:00:00,CO,13.487954371757436,3580.895576315279,221.74987565750192,0.7819971651274309,4,34.20605110546933,47.67025865156944,443.13529649834,22.692307692307693,3.5352213790087386
85,2025-01-22T14:00:00,CO,13.487954371757436,3580.895576315279,221.74987565750192,0.7819971651274309,4,34.20605110546933,47.67025865156944,443.13529649834,31.53846153846154,0.546280493647802
85,2025-01-22T14:00:00,CO,13.487954371757436,3580.895576315279,221.74987565750192,0.7819971651274309,4,34.20605110546933,47.67025865156944,443.13529649834,40.38461538461539,0.08166634840582451
85,2025-01-22T14:00:00,CO,13.487954371757436,3580.895576315279,221.74987565750192,0.7819971651274309,4,,47.67025865156944,443.13529649834,49.23076923076923,
85,2025-01-22T14:00:00,CO,13.487954371757436,3580.895576315279,221.74987565750192,0.7819971651274309,4,34.20605110546933,,443.13529649834,58.07692307692308,0.05
85,2025-01-22T14:00:00,CO,13.487954371757436,3580.895576315279,221.74987565750192,0.7819971651274309,4,34.20605110546933,47.67025865156944,443.13529649834,66.92307692307693,0.05
85,2025-01-22T14:00:00,CO,13.487954371757436,3580.895576315279,221.74987565750192,0.7819971651274309,4,34.20605110546933,47.67025865156944,443.13529649834,75.76923076923077,0.05
85,2025-01-22T14:00:00,CO,13.487954371757436,3580.895576315279,221.74987565750192,0.7819971651274309,4,34.20605110546933,47.67025865156944,443.13529649834,84.61538461538461,0.05
85,2025-01-22T14:00:00,CO,13.487954371757436,3580.895576315279,221.74987565750192,0.7819971651274309,4,34.20605110546933,47.67025865156944,443.13529649834,93.46153846153847,0.05
85,2025-01-22T14:00:00,CO,13.487954371757436,3580.895576315279,221.74987565750192,0.7819971651274309,4,34.20605110546933,47.67025865156944,443.13529649834,102.30769230769232,0.05
85,2025-01-22T14:00:00,CO,13.487954371757436,3580.895576315279,221.74987565750192,0.7819971651274309,4,34.20605110546933,47.67025865156944,443.13529649834,111.15384615384616,0.05
85,2025-01-22T14:00:00,CO,13.487954371757436,3580.895576315279,221.74987565750192,0.7819971651274309,4,34.20605110546933,47.67025865156944,443.13529649834,120.0,0.05
86,2025-01-22T20:00:00,SO2,16.57338031186012,5783.30292350247,259.73487078285166,0.44810336483033086,3,37.752948955129234,25.973827380548286,383.90602795853187,5.0,175.02215671545892
86,2025-01-22T20:00:00,SO2,16.57338031186012,5783.30292350247,259.73487078285166,0.44810336483033086,3,37.752948955129234,25.973827380548286,383.90602795853187,13.846153846153847,34.763655775313865
86,2025-01-22T20:00:00,SO2,16.57338031186012,5783.30292350247,259.73487078285166,0.44810336483033086,3,37.752948955129234,25.973827380548286,383.90602795853187,22.692307692307693,9.999175191003415
86,2025-01-22T20:00:00,SO2,16.57338031186012,5783.30292350247,259.73487078285166,0.44810336483033086,3,37.752948955129234,25.973827380548286,383.90602795853187,31.53846153846154,2.127119779856773
86,2025-01-22T20:00:00,SO2,16.57338031186012,5783.30292350247,259.73487078285166,0.44810336483033086,3,37.752948955129234,25.973827380548286,383.90602795853187,40.38461538461539,0.46530509598710773
86,2025-01-22T20:00:00,SO2,16.57338031186012,5783.30292350247,259.73487078285166,0.44810336483033086,3,37.752948955129234,25.973827380548286,383.90602795853187,49.23076923076923,0.11973654727569281
86,2025-01-22T20:00:00,SO2,16.57338031186012,5783.30292350247,259.73487078285166,0.44810336483033086,3,37.752948955129234,25.973827380548286,383.90602795853187,58.07692307692308,0.05
86,2025-01-22T20:00:00,SO2,16.57338031186012,5783.30292350247,259.73487078285166,0.44810336483033086,3,37.752948955129234,25.973827380548286,383.90602795853187,66.92307692307693,0.05
86,2025-01-22T20:00:00,SO2,16.57338031186012,5783.30292350247,259.73487078285166,0.44810336483033086,3,37.752948955129234,25.973827380548286,383.90602795853187,75.76923076923077,0.05
86,2025-01-22T20:00:00,SO2,16.57338031186012,5783.30292350247,259.73487078285166,0.44810336483033086,3,37.752948955129234,25.973827380548286,383.90602795853187,84.61538461538461,0.05
86,2025-01-22T20:00:00,SO2,16.57338031186012,5783.30292350247,259.73487078285166,0.44810336483033086,3,37.752948955129234,25.973827380548286,383.90602795853187,93.46153846153847,0.05
86,2025-01-22T20:00:00,SO2,16.57338031186012,5783.30292350247,259.73487078285166,0.44810336483033086,3,37.752948955129234,25.973827380548286,383.90602795853187,102.30769230769232,0.05
86,2025-01-22T20:00:00,SO2,16.57338031186012,5783.30292350247,259.73487078285166,0.44810336483033086,3,37.752948955129234,25.973827380548286,383.90602795853187,111.15384615384616,0.05
86,2025-01-22T20:00:00,SO2,16.57338031186012,5783.30292350247,259.73487078285166,0.44810336483033086,3,37.752948955129234,25.973827380548286,383.90602795853187,120.0,0.05
87,2025-01-23T02:00:00,NOx,104.82932551540712,5820.42637100193,147.38469689947965,1.4048917406141403,1,25.79778937745218,56.843397463614046,782.1605704755107,5.0,6.265299504060149
87,2025-01-23T02:00:00,NOx,104.82932551540712,5820.42637100193,147.38469689947965,1.4048917406141403,1,25.79778937745218,,782.1605704755107,13.846153846153847,0.05
87,2025-01-23T02:00:00,NOx,104.82932551540712,5820.42637100193,147.38469689947965,1.4048917406141403,1,25.79778937745218,56.843397463614046,782.1605704755107,22.692307692307693,0.05
87,2025-01-23T02:00:00,NOx,104.82932551540712,5820.42637100193,147.38469689947965,1.4048917406141403,1,25.79778937745218,56.843397463614046,782.1605704755107,31.53846153846154,0.05
87,2025-01-23T02:00:00,NOx,104.82932551540712,5820.42637100193,147.38469689947965,1.4048917406141403,1,,56.843397463614046,782.1605704755107,40.38461538461539,0.05
87,2025-01-23T02:00:00,NOx,104.82932551540712,5820.42637100193,147.38469689947965,1.4048917406141403,1,25.79778937745218,56.843397463614046,782.1605704755107,49.23076923076923,0.05
87,2025-01-23T02:00:00,NOx,104.82932551540712,5820.42637100193,147.38469689947965,1.4048917406141403,1,25.79778937745218,56.843397463614046,782.1605704755107,58.07692307692308,0.05
87,2025-01-23T02:00:00,NOx,104.82932551540712,5820.42637100193,147.38469689947965,1.4048917406141403,1,25.79778937745218,56.843397463614046,782.1605704755107,66.92307692307693,0.05
87,2025-01-23T02:00:00,NOx,104.82932551540712,5820.42637100193,147.38469689947965,1.4048917406141403,1,25.79778937745218,56.843397463614046,782.1605704755107,75.76923076923077,0.05
87,2025-01-23T02:00:00,NOx,104.82932551540712,5820.42637100193,147.38469689947965,1.4048917406141403,1,25.79778937745218,56.843397463614046,782.1605704755107,84.61538461538461,0.05
87,2025-01-23T02:00:00,NOx,104.82932551540712,5820.42637100193,147.38469689947965,1.4048917406141403,1,,56.843397463614046,782.1605704755107,93.46153846153847,0.05
87,2025-01-23T02:00:00,NOx,104.82932551540712,5820.42637100193,147.38469689947965,1.4048917406141403,1,25.79778937745218,56.843397463614046,782.1605704755107,102.30769230769232,0.05
87,2025-01-23T02:00:00,NOx,104.82932551540712,5820.42637100193,147.38469689947965,1.4048917406141403,1,25.79778937745218,56.843397463614046,782.1605704755107,111.15384615384616,0.05
87,2025-01-23T02:00:00,NOx,104.82932551540712,5820.42637100193,147.38469689947965,1.4048917406141403,1,25.79778937745218,56.843397463614046,782.1605704755107,120.0,0.05
88,2025-01-23T08:00:00,NOx,35.09372869802376,10881.022315209246,173.91312433412907,0.30262215967538253,2,,39.307986622944554,607.8042632424324,5.0,277.4419527030133
88,2025-01-23T08:00:00,NOx,35.09372869802376,10881.022315209246,173.91312433412907,0.30262215967538253,2,20.478761088817556,39.307986622944554,607.8042632424324,13.846153846153847,58.65205534241798
88,2025-01-23T08:00:00,NOx,35.09372869802376,10881.022315209246,173.91312433412907,0.30262215967538253,2,20.478761088817556,39.307986622944554,607.8042632424324,22.692307692307693,12.028047735544563
88,2025-01-23T08:00:00,NOx,35.09372869802376,10881.022315209246,173.91312433412907,0.30262215967538253,2,20.478761088817556,39.307986622944554,607.8042632424324,31.53846153846154,3.0835873950984247
88,2025-01-23T08:00:00,NOx,35.09372869802376,10881.022315209246,173.91312433412907,0.30262215967538253,2,20.478761088817556,39.307986622944554,607.8042632424324,40.38461538461539,
88,2025-01-23T08:00:00,NOx,35.09372869802376,10881.022315209246,173.91312433412907,0.30262215967538253,2,20.478761088817556,39.307986622944554,607.8042632424324,49.23076923076923,0.15200345125519651
88,2025-01-23T08:00:00,NOx,35.09372869802376,10881.022315209246,173.91312433412907,0.30262215967538253,2,20.478761088817556,39.307986622944554,607.8042632424324,58.07692307692308,0.05
88,2025-01-23T08:00:00,NOx,35.09372869802376,10881.022315209246,173.91312433412907,0.30262215967538253,2,20.478761088817556,39.307986622944554,607.8042632424324,66.92307692307693,0.05
88,2025-01-23T08:00:00,NOx,35.09372869802376,10881.022315209246,173.91312433412907,0.30262215967538253,2,20.478761088817556,39.307986622944554,607.8042632424324,75.76923076923077,0.05
88,2025-01-23T08:00:00,NOx,35.09372869802376,10881.022315209246,173.91312433412907,0.30262215967538253,2,20.478761088817556,39.307986622944554,607.8042632424324,84.61538461538461,0.05
88,2025-01-23T08:00:00,NOx,35.09372869802376,10881.022315209246,173.91312433412907,0.30262215967538253,2,20.478761088817556,39.307986622944554,607.8042632424324,93.46153846153847,0.05
88,2025-01-23T08:00:00,NOx,35.09372869802376,10881.022315209246,173.91312433412907,0.30262215967538253,2,20.478761088817556,39.307986622944554,607.8042632424324,102.30769230769232,0.05
88,2025-01-23T08:00:00,NOx,35.09372869802376,10881.022315209246,173.91312433412907,0.30262215967538253,2,20.478761088817556,39.307986622944554,607.8042632424324,111.15384615384616,0.05
88,2025-01-23T08:00:00,NOx,35.09372869802376,10881.022315209246,173.91312433412907,0.30262215967538253,2,20.478761088817556,39.307986622944554,607.8042632424324,120.0,0.05
89,2025-01-23T14:00:00,CO,16.272502506140714,2012.393744518399,130.90455827744952,0.6197733276181611,2,18.656199989954573,41.76128873162375,186.63571973504642,5.0,20.410302348855065
89,2025-01-23T14:00:00,CO,16.272502506140714,2012.393744518399,130.90455827744952,0.6197733276181611,2,18.656199989954573,41.76128873162375,186.63571973504642,13.846153846153847,0.35101639366693627
89,2025-01-23T14:00:00,CO,16.272502506140714,2012.393744518399,130.90455827744952,0.6197733276181611,2,18.656199989954573,41.76128873162375,186.63571973504642,22.692307692307693,0.05
89,2025-01-23T14:00:00,CO,16.272502506140714,2012.393744518399,130.90455827744952,0.6197733276181611,2,18.656199989954573,41.76128873162375,186.63571973504642,31.53846153846154,0.05
89,2025-01-23T14:00:00,CO,16.272502506140714,2012.393744518399,130.90455827744952,0.6197733276181611,2,18.656199989954573,41.76128873162375,186.63571973504642,40.38461538461539,0.05
89,2025-01-23T14:00:00,CO,16.272502506140714,2012.393744518399,130.90455827744952,0.6197733276181611,2,18.656199989954573,41.76128873162375,186.63571973504642,49.23076923076923,0.05
89,2025-01-23T14:00:00,CO,16.272502506140714,2012.393744518399,130.90455827744952,0.6197733276181611,2,18.656199989954573,41.76128873162375,186.63571973504642,58.07692307692308,0.05
89,2025-01-23T14:00:00,CO,16.272502506140714,2012.393744518399,130.90455827744952,0.6197733276181611,2,18.656199989954573,41.76128873162375,186.63571973504642,66.92307692307693,0.05
89,2025-01-23T14:00:00,CO,16.272502506140714,2012.393744518399,130.90455827744952,0.6197733276181611,2,18.656199989954573,41.76128873162375,186.63571973504642,75.76923076923077,0.05
89,2025-01-23T14:00:00,CO,16.272502506140714,2012.393744518399,130.90455827744952,0.6197733276181611,2,18.656199989954573,41.76128873162375,186.63571973504642,84.61538461538461,0.05
89,2025-01-23T14:00:00,CO,16.272502506140714,2012.393744518399,130.90455827744952,0.6197733276181611,2,18.656199989954573,41.76128873162375,186.63571973504642,93.46153846153847,0.05
89,2025-01-23T14:00:00,CO,16.272502506140714,2012.393744518399,130.90455827744952,0.6197733276181611,2,18.656199989954573,41.76128873162375,186.63571973504642,102.30769230769232,0.05
89,2025-01-23T14:00:00,CO,16.272502506140714,2012.393744518399,130.90455827744952,0.6197733276181611,2,18.656199989954573,41.76128873162375,186.63571973504642,111.15384615384616,0.05
89,2025-01-23T14:00:00,CO,16.272502506140714,2012.393744518399,130.90455827744952,0.6197733276181611,2,18.656199989954573,41.76128873162375,186.63571973504642,120.0,0.05
90,2025-01-23T20:00:00,SO2,108.71449433726352,5664.711580123312,352.087738605023,1.3386382838744362,3,36.584844880123,30.66049015837933,795.6445761640949,5.0,2.866874355599064
90,2025-01-23T20:00:00,SO2,108.71449433726352,5664.711580123312,352.087738605023,1.3386382838744362,3,36.584844880123,30.66049015837933,795.6445761640949,13.846153846153847,0.05
90,2025-01-23T20:00:00,SO2,108.71449433726352,5664.711580123312,352.087738605023,1.3386382838744362,3,36.584844880123,30.66049015837933,795.6445761640949,22.692307692307693,0.05
90,2025-01-23T20:00:00,SO2,108.71449433726352,5664.711580123312,352.087738605023,1.3386382838744362,3,36.584844880123,30.66049015837933,795.6445761640949,31.53846153846154,0.05
90,2025-01-23T20:00:00,SO2,108.71449433726352,5664.711580123312,352.087738605023,1.3386382838744362,3,36.584844880123,30.66049015837933,795.6445761640949,40.38461538461539,0.05
90,2025-01-23T20:00:00,SO2,108.71449433726352,5664.711580123312,352.087738605023,1.3386382838744362,3,36.584844880123,30.66049015837933,795.6445761640949,49.23076923076923,0.05
90,2025-01-23T20:00:00,SO2,108.71449433726352,5664.711580123312,352.087738605023,1.3386382838744362,3,36.584844880123,30.66049015837933,795.6445761640949,58.07692307692308,0.05
90,2025-01-23T20:00:00,SO2,108.71449433726352,5664.711580123312,352.087738605023,1.3386382838744362,3,36.584844880123,30.66049015837933,795.6445761640949,66.92307692307693,0.05
90,2025-01-23T20:00:00,SO2,108.71449433726352,5664.711580123312,352.087738605023,1.3386382838744362,3,36.584844880123,30.66049015837933,795.6445761640949,75.76923076923077,0.05
90,2025-01-23T20:00:00,SO2,108.71449433726352,5664.711580123312,352.087738605023,1.3386382838744362,3,36.584844880123,30.66049015837933,795.6445761640949,84.61538461538461,0.05
90,2025-01-23T20:00:00,SO2,108.71449433726352,5664.711580123312,352.087738605023,1.3386382838744362,3,36.584844880123,30.66049015837933,795.6445761640949,93.46153846153847,0.05
90,2025-01-23T20:00:00,SO2,108.71449433726352,5664.711580123312,352.087738605023,1.3386382838744362,3,36.584844880123,30.66049015837933,795.6445761640949,102.30769230769232,0.05
90,2025-01-23T20:00:00,SO2,108.71449433726352,5664.711580123312,352.087738605023,1.3386382838744362,3,36.584844880123,30.66049015837933,795.6445761640949,111.15384615384616,0.05
90,2025-01-23T20:00:00,SO2,108.71449433726352,5664.711580123312,352.087738605023,1.3386382838744362,3,36.584844880123,30.66049015837933,795.6445761640949,120.0,0.05
91,2025-01-24T02:00:00,CO,106.97646721666999,3827.8188699095576,405.37211406083424,0.8250608024973465,1,24.55615441387972,55.150722960108766,357.4848976357581,5.0,0.7692274768228111
91,2025-01-24T02:00:00,CO,106.97646721666999,3827.8188699095576,405.37211406083424,0.8250608024973465,1,24.55615441387972,55.150722960108766,357.4848976357581,13.846153846153847,0.05
91,2025-01-24T02:00:00,CO,106.97646721666999,3827.8188699095576,405.37211406083424,0.8250608024973465,1,24.55615441387972,55.150722960108766,357.4848976357581,22.692307692307693,
91,2025-01-24T02:00:00,CO,106.97646721666999,3827.8188699095576,405.37211406083424,0.8250608024973465,1,24.55615441387972,55.150722960108766,357.4848976357581,31.53846153846154,0.05
91,2025-01-24T02:00:00,CO,106.97646721666999,3827.8188699095576,405.37211406083424,0.8250608024973465,1,24.55615441387972,55.150722960108766,357.4848976357581,40.38461538461539,0.05
91,2025-01-24T02:00:00,CO,106.97646721666999,3827.8188699095576,405.37211406083424,0.8250608024973465,1,24.55615441387972,55.150722960108766,357.4848976357581,49.23076923076923,0.05
91,2025-01-24T02:00:00,CO,106.97646721666999,3827.8188699095576,405.37211406083424,0.8250608024973465,1,24.55615441387972,55.150722960108766,357.4848976357581,58.07692307692308,0.05
91,2025-01-24T02:00:00,CO,106.97646721666999,3827.8188699095576,405.37211406083424,0.8250608024973465,1,24.55615441387972,55.150722960108766,357.4848976357581,66.92307692307693,0.05
91,2025-01-24T02:00:00,CO,106.97646721666999,3827.8188699095576,405.37211406083424,0.8250608024973465,1,24.55615441387972,55.150722960108766,357.4848976357581,75.76923076923077,0.05
91,2025-01-24T02:00:00,CO,106.97646721666999,3827.8188699095576,405.37211406083424,0.8250608024973465,1,24.55615441387972,55.150722960108766,357.4848976357581,84.61538461538461,0.05
91,2025-01-24T02:00:00,CO,106.97646721666999,3827.8188699095576,405.37211406083424,0.8250608024973465,1,24.55615441387972,55.150722960108766,357.4848976357581,93.46153846153847,0.05
91,2025-01-24T02:00:00,CO,106.97646721666999,3827.8188699095576,405.37211406083424,0.8250608024973465,1,,55.150722960108766,357.4848976357581,102.30769230769232,0.05
91,2025-01-24T02:00:00,CO,106.97646721666999,3827.8188699095576,405.37211406083424,0.8250608024973465,1,24.55615441387972,55.150722960108766,357.4848976357581,111.15384615384616,0.05
91,2025-01-24T02:00:00,CO,106.97646721666999,3827.8188699095576,405.37211406083424,0.8250608024973465,1,24.55615441387972,55.150722960108766,357.4848976357581,120.0,0.05
92,2025-01-24T08:00:00,SO2,75.08951211179595,3750.6323207973446,420.43156824301195,0.40550117197425195,1,32.42081109333451,28.530912239945906,494.37058523671476,5.0,5.656541591198359
92,2025-01-24T08:00:00,SO2,75.08951211179595,3750.6323207973446,420.43156824301195,0.40550117197425195,1,32.42081109333451,28.530912239945906,494.37058523671476,13.846153846153847,0.05
92,2025-01-24T08:00:00,SO2,75.08951211179595,3750.6323207973446,420.43156824301195,0.40550117197425195,1,32.42081109333451,28.530912239945906,494.37058523671476,22.692307692307693,0.05
92,2025-01-24T08:00:00,SO2,75.08951211179595,3750.6323207973446,420.43156824301195,0.40550117197425195,1,32.42081109333451,28.530912239945906,494.37058523671476,31.53846153846154,0.05
92,2025-01-24T08:00:00,SO2,75.08951211179595,3750.6323207973446,420.43156824301195,0.40550117197425195,1,32.42081109333451,28.530912239945906,494.37058523671476,40.38461538461539,0.05
92,2025-01-24T08:00:00,SO2,75.08951211179595,3750.6323207973446,420.43156824301195,0.40550117197425195,1,32.42081109333451,28.530912239945906,494.37058523671476,49.23076923076923,0.05
92,2025-01-24T08:00:00,SO2,75.08951211179595,3750.6323207973446,420.43156824301195,0.40550117197425195,1,32.42081109333451,28.530912239945906,494.37058523671476,58.07692307692308,0.05
92,2025-01-24T08:00:00,SO2,75.08951211179595,3750.6323207973446,420.43156824301195,0.40550117197425195,1,32.42081109333451,28.530912239945906,494.37058523671476,66.92307692307693,0.05
92,2025-01-24T08:00:00,SO2,75.08951211179595,3750.6323207973446,420.43156824301195,0.40550117197425195,1,32.42081109333451,28.530912239945906,494.37058523671476,75.76923076923077,0.05
92,2025-01-24T08:00:00,SO2,75.08951211179595,3750.6323207973446,420.43156824301195,0.40550117197425195,1,32.42081109333451,28.530912239945906,494.37058523671476,84.61538461538461,0.05
92,2025-01-24T08:00:00,SO2,75.08951211179595,3750.6323207973446,420.43156824301195,0.40550117197425195,1,32.42081109333451,28.530912239945906,494.37058523671476,93.46153846153847,0.05
92,2025-01-24T08:00:00,SO2,75.08951211179595,3750.6323207973446,420.43156824301195,0.40550117197425195,1,32.42081109333451,28.530912239945906,494.37058523671476,102.30769230769232,0.05
92,2025-01-24T08:00:00,SO2,75.08951211179595,3750.6323207973446,420.43156824301195,0.40550117197425195,1,32.42081109333451,28.530912239945906,494.37058523671476,111.15384615384616,0.05
92,2025-01-24T08:00:00,SO2,75.08951211179595,3750.6323207973446,420.43156824301195,0.40550117197425195,1,32.42081109333451,28.530912239945906,494.37058523671476,120.0,0.05
93,2025-01-24T14:00:00,SO2,61.17802911589662,10572.35559046318,232.59792194422806,1.4951828120371045,2,19.755187655431012,31.84115148007306,746.5204626704104,5.0,146.1274789899074
93,2025-01-24T14:00:00,SO2,61.17802911589662,10572.35559046318,232.59792194422806,1.4951828120371045,2,19.755187655431012,31.84115148007306,746.5204626704104,13.846153846153847,8.706340645052602
93,2025-01-24T14:00:00,SO2,61.17802911589662,10572.35559046318,232.59792194422806,,2,19.755187655431012,31.84115148007306,746.5204626704104,22.692307692307693,0.5188780359148096
93,2025-01-24T14:00:00,SO2,61.17802911589662,10572.35559046318,232.59792194422806,1.4951828120371045,2,19.755187655431012,31.84115148007306,746.5204626704104,31.53846153846154,0.05
93,2025-01-24T14:00:00,SO2,61.17802911589662,10572.35559046318,232.59792194422806,1.4951828120371045,2,19.755187655431012,31.84115148007306,746.5204626704104,40.38461538461539,0.05
93,2025-01-24T14:00:00,SO2,61.17802911589662,10572.35559046318,232.59792194422806,1.4951828120371045,2,19.755187655431012,31.84115148007306,746.5204626704104,49.23076923076923,0.05
93,2025-01-24T14:00:00,SO2,61.17802911589662,10572.35559046318,232.59792194422806,1.4951828120371045,2,19.755187655431012,31.84115148007306,746.5204626704104,58.07692307692308,0.05
93,2025-01-24T14:00:00,SO2,61.17802911589662,10572.35559046318,232.59792194422806,1.4951828120371045,2,19.755187655431012,31.84115148007306,746.5204626704104,66.92307692307693,0.05
93,2025-01-24T14:00:00,SO2,61.17802911589662,10572.35559046318,232.59792194422806,1.4951828120371045,2,19.755187655431012,31.84115148007306,746.5204626704104,75.76923076923077,0.05
93,2025-01-24T14:00:00,SO2,61.17802911589662,10572.35559046318,232.59792194422806,1.4951828120371045,2,19.755187655431012,31.84115148007306,746.5204626704104,84.61538461538461,0.05
93,2025-01-24T14:00:00,SO2,61.17802911589662,10572.35559046318,232.59792194422806,1.4951828120371045,2,19.755187655431012,31.84115148007306,746.5204626704104,93.46153846153847,0.05
93,2025-01-24T14:00:00,SO2,61.17802911589662,10572.35559046318,232.59792194422806,1.4951828120371045,2,19.755187655431012,31.84115148007306,746.5204626704104,102.30769230769232,0.05
93,2025-01-24T14:00:00,SO2,61.17802911589662,10572.35559046318,232.59792194422806,1.4951828120371045,2,19.755187655431012,31.84115148007306,746.5204626704104,111.15384615384616,0.05
93,2025-01-24T14:00:00,SO2,61.17802911589662,10572.35559046318,232.59792194422806,1.4951828120371045,2,19.755187655431012,31.84115148007306,746.5204626704104,120.0,0.05
94,2025-01-24T20:00:00,SO2,92.8395624244543,10614.193009888952,87.31763269869458,0.6822173080053737,4,28.74345296653637,42.81210913044485,86.07936406394789,5.0,6.473404857249764
94,2025-01-24T20:00:00,SO2,92.8395624244543,10614.193009888952,87.31763269869458,0.6822173080053737,4,28.74345296653637,42.81210913044485,86.07936406394789,13.846153846153847,0.06686742153037675
94,2025-01-24T20:00:00,SO2,92.8395624244543,10614.193009888952,87.31763269869458,0.6822173080053737,4,28.74345296653637,42.81210913044485,86.07936406394789,22.692307692307693,0.05
94,2025-01-24T20:00:00,SO2,92.8395624244543,10614.193009888952,87.31763269869458,0.6822173080053737,4,28.74345296653637,42.81210913044485,86.07936406394789,31.53846153846154,0.05
94,2025-01-24T20:00:00,SO2,92.8395624244543,10614.193009888952,87.31763269869458,0.6822173080053737,4,28.74345296653637,42.81210913044485,86.07936406394789,40.38461538461539,0.05
94,2025-01-24T20:00:00,SO2,92.8395624244543,10614.193009888952,87.31763269869458,0.6822173080053737,4,28.74345296653637,42.81210913044485,86.07936406394789,49.23076923076923,0.05
94,2025-01-24T20:00:00,SO2,92.8395624244543,10614.193009888952,87.31763269869458,0.6822173080053737,4,28.74345296653637,42.81210913044485,86.07936406394789,58.07692307692308,0.05
94,2025-01-24T20:00:00,SO2,92.8395624244543,10614.193009888952,87.31763269869458,0.6822173080053737,4,28.74345296653637,42.81210913044485,86.07936406394789,66.92307692307693,0.05
94,2025-01-24T20:00:00,SO2,92.8395624244543,10614.193009888952,87.31763269869458,0.6822173080053737,4,28.74345296653637,42.81210913044485,86.07936406394789,75.76923076923077,
94,2025-01-24T20:00:00,SO2,92.8395624244543,10614.193009888952,87.31763269869458,0.6822173080053737,4,28.74345296653637,42.81210913044485,86.07936406394789,84.61538461538461,0.05
94,2025-01-24T20:00:00,SO2,92.8395624244543,10614.193009888952,87.31763269869458,0.6822173080053737,4,28.74345296653637,42.81210913044485,86.07936406394789,93.46153846153847,0.05
94,2025-01-24T20:00:00,SO2,92.8395624244543,10614.193009888952,87.31763269869458,0.6822173080053737,4,28.74345296653637,42.81210913044485,86.07936406394789,102.30769230769232,0.05
94,2025-01-24T20:00:00,SO2,92.8395624244543,10614.193009888952,87.31763269869458,0.6822173080053737,4,28.74345296653637,42.81210913044485,86.07936406394789,111.15384615384616,0.05
94,2025-01-24T20:00:00,SO2,92.8395624244543,10614.193009888952,87.31763269869458,0.6822173080053737,4,,42.81210913044485,86.07936406394789,120.0,0.05
95,2025-01-25T02:00:00,NOx,18.34161761821617,5605.907360455677,323.293731304807,1.58206108180507,1,27.16752582323025,30.56712724760437,467.12697278177956,5.0,198.43527838913795
95,2025-01-25T02:00:00,NOx,18.34161761821617,5605.907360455677,323.293731304807,1.58206108180507,1,27.16752582323025,30.56712724760437,467.12697278177956,13.846153846153847,43.18023855335837
95,2025-01-25T02:00:00,NOx,18.34161761821617,5605.907360455677,323.293731304807,1.58206108180507,1,27.16752582323025,30.56712724760437,467.12697278177956,22.692307692307693,9.057741350003008
95,2025-01-25T02:00:00,NOx,18.34161761821617,5605.907360455677,323.293731304807,1.58206108180507,1,27.16752582323025,30.56712724760437,467.12697278177956,31.53846153846154,1.8480578414524047
95,2025-01-25T02:00:00,NOx,18.34161761821617,5605.907360455677,323.293731304807,1.58206108180507,1,27.16752582323025,30.56712724760437,467.12697278177956,40.38461538461539,0.4638205975265028
95,2025-01-25T02:00:00,NOx,18.34161761821617,5605.907360455677,323.293731304807,1.58206108180507,1,27.16752582323025,30.56712724760437,467.12697278177956,49.23076923076923,0.09485701118469221
95,2025-01-25T02:00:00,NOx,18.34161761821617,5605.907360455677,323.293731304807,1.58206108180507,1,27.16752582323025,30.56712724760437,467.12697278177956,58.07692307692308,0.05
95,2025-01-25T02:00:00,NOx,18.34161761821617,5605.907360455677,323.293731304807,1.58206108180507,1,27.16752582323025,30.56712724760437,467.12697278177956,66.92307692307693,0.05
95,2025-01-25T02:00:00,NOx,18.34161761821617,5605.907360455677,323.293731304807,1.58206108180507,1,27.16752582323025,30.56712724760437,467.12697278177956,75.76923076923077,0.05
95,2025-01-25T02:00:00,NOx,18.34161761821617,5605.907360455677,323.293731304807,,1,27.16752582323025,30.56712724760437,467.12697278177956,84.61538461538461,0.05
95,2025-01-25T02:00:00,NOx,18.34161761821617,5605.907360455677,323.293731304807,1.58206108180507,1,27.16752582323025,30.56712724760437,467.12697278177956,93.46153846153847,0.05
95,2025-01-25T02:00:00,NOx,18.34161761821617,5605.907360455677,323.293731304807,1.58206108180507,1,27.16752582323025,30.56712724760437,467.12697278177956,102.30769230769232,0.05
95,2025-01-25T02:00:00,NOx,18.34161761821617,5605.907360455677,323.293731304807,1.58206108180507,1,27.16752582323025,30.56712724760437,467.12697278177956,111.15384615384616,0.05
95,2025-01-25T02:00:00,NOx,18.34161761821617,5605.907360455677,323.293731304807,1.58206108180507,1,27.16752582323025,30.56712724760437,467.12697278177956,120.0,0.05
96,2025-01-25T08:00:00,CO,32.31525663710594,4597.064610302057,325.5866317068943,0.5258853860357124,3,35.76057516455102,70.85262097480701,191.84414730018077,5.0,36.96154305737946
96,2025-01-25T08:00:00,CO,32.31525663710594,4597.064610302057,325.5866317068943,0.5258853860357124,3,35.76057516455102,70.85262097480701,191.84414730018077,13.846153846153847,1.567760640668915
96,2025-01-25T08:00:00,CO,32.31525663710594,4597.064610302057,325.5866317068943,0.5258853860357124,3,35.76057516455102,70.85262097480701,191.84414730018077,22.692307692307693,0.07225158530607882
96,2025-01-25T08:00:00,CO,32.31525663710594,4597.064610302057,325.5866317068943,0.5258853860357124,3,35.76057516455102,70.85262097480701,191.84414730018077,31.53846153846154,0.05
96,2025-01-25T08:00:00,CO,32.31525663710594,4597.064610302057,325.5866317068943,0.5258853860357124,3,35.76057516455102,70.85262097480701,191.84414730018077,40.38461538461539,0.05
96,2025-01-25T08:00:00,CO,32.31525663710594,4597.064610302057,325.5866317068943,0.5258853860357124,3,35.76057516455102,70.85262097480701,191.84414730018077,49.23076923076923,0.05
96,2025-01-25T08:00:00,CO,32.31525663710594,4597.064610302057,325.5866317068943,0.5258853860357124,3,35.76057516455102,,191.84414730018077,58.07692307692308,0.05
96,2025-01-25T08:00:00,CO,32.31525663710594,4597.064610302057,325.5866317068943,0.5258853860357124,3,35.76057516455102,70.85262097480701,191.84414730018077,66.92307692307693,0.05
96,2025-01-25T08:00:00,CO,32.31525663710594,4597.064610302057,325.5866317068943,0.5258853860357124,3,35.76057516455102,,191.84414730018077,75.76923076923077,0.05
96,2025-01-25T08:00:00,CO,32.31525663710594,4597.064610302057,325.5866317068943,0.5258853860357124,3,,70.85262097480701,191.84414730018077,84.61538461538461,0.05
96,2025-01-25T08:00:00,CO,32.31525663710594,4597.064610302057,325.5866317068943,0.5258853860357124,3,35.76057516455102,70.85262097480701,191.84414730018077,93.46153846153847,0.05
96,2025-01-25T08:00:00,CO,32.31525663710594,4597.064610302057,325.5866317068943,0.5258853860357124,3,35.76057516455102,70.85262097480701,191.84414730018077,102.30769230769232,0.05
96,2025-01-25T08:00:00,CO,32.31525663710594,4597.064610302057,325.5866317068943,0.5258853860357124,3,35.76057516455102,70.85262097480701,191.84414730018077,111.15384615384616,0.05
96,2025-01-25T08:00:00,CO,32.31525663710594,4597.064610302057,325.5866317068943,0.5258853860357124,3,35.76057516455102,70.85262097480701,191.84414730018077,120.0,0.05
97,2025-01-25T14:00:00,CO,47.06151604791604,6643.19919888141,211.08340199926832,,0,35.962401610021885,84.70056503942862,99.84490031101701,5.0,18.134653316051555
97,2025-01-25T14:00:00,CO,47.06151604791604,6643.19919888141,211.08340199926832,1.0575266380550459,0,35.962401610021885,84.70056503942862,99.84490031101701,13.846153846153847,0.9424466020488967
97,2025-01-25T14:00:00,CO,47.06151604791604,6643.19919888141,211.08340199926832,1.0575266380550459,0,35.962401610021885,84.70056503942862,99.84490031101701,22.692307692307693,0.05
97,2025-01-25T14:00:00,CO,47.06151604791604,6643.19919888141,211.08340199926832,1.0575266380550459,0,35.962401610021885,84.70056503942862,99.84490031101701,31.53846153846154,0.05
97,2025-01-25T14:00:00,CO,47.06151604791604,6643.19919888141,211.08340199926832,1.0575266380550459,0,35.962401610021885,84.70056503942862,99.84490031101701,40.38461538461539,0.05
97,2025-01-25T14:00:00,CO,47.06151604791604,6643.19919888141,211.08340199926832,1.0575266380550459,0,35.962401610021885,84.70056503942862,99.84490031101701,49.23076923076923,0.05
97,2025-01-25T14:00:00,CO,47.06151604791604,6643.19919888141,211.08340199926832,1.0575266380550459,0,35.962401610021885,84.70056503942862,99.84490031101701,58.07692307692308,0.05
97,2025-01-25T14:00:00,CO,47.06151604791604,6643.19919888141,211.08340199926832,1.0575266380550459,0,35.962401610021885,84.70056503942862,99.84490031101701,66.92307692307693,0.05
97,2025-01-25T14:00:00,CO,47.06151604791604,6643.19919888141,211.08340199926832,1.0575266380550459,0,35.962401610021885,84.70056503942862,99.84490031101701,75.76923076923077,0.05
97,2025-01-25T14:00:00,CO,47.06151604791604,6643.19919888141,211.08340199926832,1.0575266380550459,0,35.962401610021885,84.70056503942862,99.84490031101701,84.61538461538461,0.05
97,2025-01-25T14:00:00,CO,47.06151604791604,6643.19919888141,211.08340199926832,1.0575266380550459,0,35.962401610021885,84.70056503942862,99.84490031101701,93.46153846153847,0.05
97,2025-01-25T14:00:00,CO,47.06151604791604,6643.19919888141,211.08340199926832,1.0575266380550459,0,35.962401610021885,84.70056503942862,99.84490031101701,102.30769230769232,0.05
97,2025-01-25T14:00:00,CO,47.06151604791604,6643.19919888141,211.08340199926832,1.0575266380550459,0,35.962401610021885,84.70056503942862,99.84490031101701,111.15384615384616,0.05
97,2025-01-25T14:00:00,CO,47.06151604791604,6643.19919888141,211.08340199926832,1.0575266380550459,0,35.962401610021885,84.70056503942862,99.84490031101701,120.0,
98,2025-01-25T20:00:00,CO,73.95319222993658,6377.580856883355,273.7840848251948,0.7585926255815381,1,20.771611028849257,50.70355875048794,564.2190048175062,5.0,33.52289185720751
98,2025-01-25T20:00:00,CO,73.95319222993658,6377.580856883355,273.7840848251948,0.7585926255815381,1,20.771611028849257,50.70355875048794,564.2190048175062,13.846153846153847,0.1685117648266283
98,2025-01-25T20:00:00,CO,73.95319222993658,6377.580856883355,273.7840848251948,0.7585926255815381,1,20.771611028849257,50.70355875048794,564.2190048175062,22.692307692307693,0.05
98,2025-01-25T20:00:00,CO,73.95319222993658,6377.580856883355,273.7840848251948,0.7585926255815381,1,20.771611028849257,50.70355875048794,564.2190048175062,31.53846153846154,0.05
98,2025-01-25T20:00:00,CO,73.95319222993658,6377.580856883355,273.7840848251948,0.7585926255815381,1,20.771611028849257,50.70355875048794,564.2190048175062,40.38461538461539,0.05
98,2025-01-25T20:00:00,CO,73.95319222993658,6377.580856883355,273.7840848251948,0.7585926255815381,1,20.771611028849257,50.70355875048794,564.2190048175062,49.23076923076923,0.05
98,2025-01-25T20:00:00,CO,73.95319222993658,6377.580856883355,273.7840848251948,0.7585926255815381,1,20.771611028849257,50.70355875048794,564.2190048175062,58.07692307692308,0.05
98,2025-01-25T20:00:00,CO,73.95319222993658,6377.580856883355,273.7840848251948,0.7585926255815381,1,20.771611028849257,50.70355875048794,564.2190048175062,66.92307692307693,0.05
98,2025-01-25T20:00:00,CO,73.95319222993658,6377.580856883355,273.7840848251948,0.7585926255815381,1,20.771611028849257,50.70355875048794,564.2190048175062,75.76923076923077,0.05
98,2025-01-25T20:00:00,CO,73.95319222993658,6377.580856883355,273.7840848251948,0.7585926255815381,1,20.771611028849257,50.70355875048794,564.2190048175062,84.61538461538461,0.05
98,2025-01-25T20:00:00,CO,73.95319222993658,6377.580856883355,273.7840848251948,0.7585926255815381,1,20.771611028849257,50.70355875048794,564.2190048175062,93.46153846153847,0.05
98,2025-01-25T20:00:00,CO,73.95319222993658,6377.580856883355,273.7840848251948,0.7585926255815381,1,20.771611028849257,50.70355875048794,564.2190048175062,102.30769230769232,0.05
98,2025-01-25T20:00:00,CO,73.95319222993658,6377.580856883355,273.7840848251948,0.7585926255815381,1,20.771611028849257,50.70355875048794,564.2190048175062,111.15384615384616,0.05
98,2025-01-25T20:00:00,CO,73.95319222993658,6377.580856883355,273.7840848251948,0.7585926255815381,1,20.771611028849257,50.70355875048794,564.2190048175062,120.0,0.05
99,2025-01-26T02:00:00,SO2,37.347976817604746,6940.661160011713,209.02256533562382,1.323959460408613,4,27.777966029413413,55.03965043967618,791.7098740199258,5.0,142.55879435639946
99,2025-01-26T02:00:00,SO2,37.347976817604746,6940.661160011713,209.02256533562382,1.323959460408613,4,27.777966029413413,55.03965043967618,791.7098740199258,13.846153846153847,5.934074513575265
99,2025-01-26T02:00:00,SO2,37.347976817604746,6940.661160011713,209.02256533562382,1.323959460408613,4,27.777966029413413,55.03965043967618,791.7098740199258,22.692307692307693,0.27750231777439005
99,2025-01-26T02:00:00,SO2,37.347976817604746,6940.661160011713,209.02256533562382,1.323959460408613,4,27.777966029413413,55.03965043967618,791.7098740199258,31.53846153846154,0.05
99,2025-01-26T02:00:00,SO2,37.347976817604746,6940.661160011713,209.02256533562382,1.323959460408613,4,27.777966029413413,55.03965043967618,791.7098740199258,40.38461538461539,0.05
99,2025-01-26T02:00:00,SO2,37.347976817604746,6940.661160011713,209.02256533562382,1.323959460408613,4,27.777966029413413,,791.7098740199258,49.23076923076923,0.05
99,2025-01-26T02:00:00,SO2,37.347976817604746,6940.661160011713,209.02256533562382,1.323959460408613,4,27.777966029413413,55.03965043967618,791.7098740199258,58.07692307692308,0.05
99,2025-01-26T02:00:00,SO2,37.347976817604746,6940.661160011713,209.02256533562382,1.323959460408613,4,27.777966029413413,55.03965043967618,791.7098740199258,66.92307692307693,0.05
99,2025-01-26T02:00:00,SO2,37.347976817604746,6940.661160011713,209.02256533562382,1.323959460408613,4,27.777966029413413,55.03965043967618,791.7098740199258,75.76923076923077,0.05
99,2025-01-26T02:00:00,SO2,37.347976817604746,6940.661160011713,209.02256533562382,1.323959460408613,4,27.777966029413413,55.03965043967618,791.7098740199258,84.61538461538461,0.05
99,2025-01-26T02:00:00,SO2,37.347976817604746,6940.661160011713,209.02256533562382,1.323959460408613,4,27.777966029413413,55.03965043967618,791.7098740199258,93.46153846153847,0.05
99,2025-01-26T02:00:00,SO2,37.347976817604746,6940.661160011713,209.02256533562382,1.323959460408613,4,27.777966029413413,55.03965043967618,791.7098740199258,102.30769230769232,0.05
99,2025-01-26T02:00:00,SO2,37.347976817604746,6940.661160011713,209.02256533562382,1.323959460408613,4,27.777966029413413,55.03965043967618,791.7098740199258,111.15384615384616,0.05
99,2025-01-26T02:00:00,SO2,37.347976817604746,6940.661160011713,209.02256533562382,1.323959460408613,4,27.777966029413413,55.03965043967618,791.7098740199258,120.0,0.05
100,2025-01-26T08:00:00,CO,28.19367961687855,10567.568182440027,282.89014457003947,0.4306116745517049,2,34.95332935995947,39.252140323135535,154.45645169632058,5.0,79.29015231128525
100,2025-01-26T08:00:00,CO,28.19367961687855,10567.568182440027,282.89014457003947,0.4306116745517049,2,34.95332935995947,39.252140323135535,154.45645169632058,13.846153846153847,26.611959807443494
100,2025-01-26T08:00:00,CO,28.19367961687855,10567.568182440027,282.89014457003947,0.4306116745517049,2,34.95332935995947,39.252140323135535,154.45645169632058,22.692307692307693,10.00571531008902
100,2025-01-26T08:00:00,CO,28.19367961687855,10567.568182440027,282.89014457003947,0.4306116745517049,2,34.95332935995947,39.252140323135535,154.45645169632058,31.53846153846154,2.9201645202547932
100,2025-01-26T08:00:00,CO,28.19367961687855,10567.568182440027,282.89014457003947,0.4306116745517049,2,34.95332935995947,39.252140323135535,154.45645169632058,40.38461538461539,0.9579998526713943
100,2025-01-26T08:00:00,CO,28.19367961687855,10567.568182440027,282.89014457003947,0.4306116745517049,2,34.95332935995947,39.252140323135535,154.45645169632058,49.23076923076923,0.3068688943934106
100,2025-01-26T08:00:00,CO,28.19367961687855,10567.568182440027,282.89014457003947,0.4306116745517049,2,34.95332935995947,39.252140323135535,154.45645169632058,58.07692307692308,
100,2025-01-26T08:00:00,CO,28.19367961687855,10567.568182440027,282.89014457003947,0.4306116745517049,2,34.95332935995947,39.252140323135535,154.45645169632058,66.92307692307693,0.05
100,2025-01-26T08:00:00,CO,28.19367961687855,10567.568182440027,282.89014457003947,0.4306116745517049,2,34.95332935995947,39.252140323135535,154.45645169632058,75.76923076923077,0.05
100,2025-01-26T08:00:00,CO,28.19367961687855,10567.568182440027,282.89014457003947,0.4306116745517049,2,34.95332935995947,39.252140323135535,154.45645169632058,84.61538461538461,0.05
100,2025-01-26T08:00:00,CO,28.19367961687855,10567.568182440027,282.89014457003947,0.4306116745517049,2,34.95332935995947,,154.45645169632058,93.46153846153847,0.05
100,2025-01-26T08:00:00,CO,28.19367961687855,10567.568182440027,282.89014457003947,0.4306116745517049,2,34.95332935995947,39.252140323135535,154.45645169632058,102.30769230769232,0.05
100,2025-01-26T08:00:00,CO,28.19367961687855,10567.568182440027,282.89014457003947,0.4306116745517049,2,34.95332935995947,,154.45645169632058,111.15384615384616,0.05
100,2025-01-26T08:00:00,CO,28.19367961687855,10567.568182440027,282.89014457003947,0.4306116745517049,2,34.95332935995947,39.252140323135535,154.45645169632058,120.0,0.05
101,2025-01-26T14:00:00,CO,71.96760694920606,7480.185112835062,362.753751611569,1.2666489193876882,3,,73.34636190053808,227.9229831403778,5.0,16.21633347384894
101,2025-01-26T14:00:00,CO,71.96760694920606,7480.185112835062,362.753751611569,1.2666489193876882,3,35.85082989590174,73.34636190053808,227.9229831403778,13.846153846153847,0.15361445522080303
101,2025-01-26T14:00:00,CO,71.96760694920606,7480.185112835062,362.753751611569,1.2666489193876882,3,35.85082989590174,73.34636190053808,227.9229831403778,22.692307692307693,0.05
101,2025-01-26T14:00:00,CO,71.96760694920606,7480.185112835062,362.753751611569,1.2666489193876882,3,35.85082989590174,73.34636190053808,227.9229831403778,31.53846153846154,0.05
101,2025-01-26T14:00:00,CO,71.96760694920606,7480.185112835062,362.753751611569,1.2666489193876882,3,,73.34636190053808,227.9229831403778,40.38461538461539,0.05
101,2025-01-26T14:00:00,CO,71.96760694920606,7480.185112835062,362.753751611569,1.2666489193876882,3,35.85082989590174,73.34636190053808,227.9229831403778,49.23076923076923,0.05
101,2025-01-26T14:00:00,CO,71.96760694920606,7480.185112835062,362.753751611569,1.2666489193876882,3,35.85082989590174,73.34636190053808,227.9229831403778,58.07692307692308,0.05
101,2025-01-26T14:00:00,CO,71.96760694920606,7480.185112835062,362.753751611569,1.2666489193876882,3,35.85082989590174,73.34636190053808,227.9229831403778,66.92307692307693,0.05
101,2025-01-26T14:00:00,CO,71.96760694920606,7480.185112835062,362.753751611569,1.2666489193876882,3,35.85082989590174,73.34636190053808,227.9229831403778,75.76923076923077,0.05
101,2025-01-26T14:00:00,CO,71.96760694920606,7480.185112835062,362.753751611569,1.2666489193876882,3,35.85082989590174,73.34636190053808,227.9229831403778,84.61538461538461,0.05
101,2025-01-26T14:00:00,CO,71.96760694920606,7480.185112835062,362.753751611569,1.2666489193876882,3,35.85082989590174,73.34636190053808,227.9229831403778,93.46153846153847,0.05
101,2025-01-26T14:00:00,CO,71.96760694920606,7480.185112835062,362.753751611569,1.2666489193876882,3,35.85082989590174,73.34636190053808,227.9229831403778,102.30769230769232,0.05
101,2025-01-26T14:00:00,CO,71.96760694920606,7480.185112835062,362.753751611569,1.2666489193876882,3,35.85082989590174,73.34636190053808,227.9229831403778,111.15384615384616,0.05
101,2025-01-26T14:00:00,CO,71.96760694920606,7480.185112835062,362.753751611569,1.2666489193876882,3,35.85082989590174,73.34636190053808,227.9229831403778,120.0,0.05
102,2025-01-26T20:00:00,CO,94.65469218537275,1885.6668680403136,408.11680183847193,1.2296963104754233,0,31.83694122571306,62.897712530279065,615.5855688823382,5.0,0.05
102,2025-01-26T20:00:00,CO,94.65469218537275,1885.6668680403136,408.11680183847193,1.2296963104754233,0,31.83694122571306,62.897712530279065,615.5855688823382,13.846153846153847,0.05
102,2025-01-26T20:00:00,CO,94.65469218537275,1885.6668680403136,408.11680183847193,1.2296963104754233,0,31.83694122571306,62.897712530279065,615.5855688823382,22.692307692307693,0.05
102,2025-01-26T20:00:00,CO,94.65469218537275,1885.6668680403136,408.11680183847193,1.2296963104754233,0,31.83694122571306,62.897712530279065,615.5855688823382,31.53846153846154,0.05
102,2025-01-26T20:00:00,CO,94.65469218537275,1885.6668680403136,408.11680183847193,1.2296963104754233,0,31.83694122571306,62.897712530279065,615.5855688823382,40.38461538461539,0.05
102,2025-01-26T20:00:00,CO,94.65469218537275,1885.6668680403136,408.11680183847193,1.2296963104754233,0,31.83694122571306,62.897712530279065,615.5855688823382,49.23076923076923,0.05
102,2025-01-26T20:00:00,CO,94.65469218537275,1885.6668680403136,408.11680183847193,1.2296963104754233,0,31.83694122571306,62.897712530279065,615.5855688823382,58.07692307692308,0.05
102,2025-01-26T20:00:00,CO,94.65469218537275,1885.6668680403136,408.11680183847193,1.2296963104754233,0,31.83694122571306,62.897712530279065,615.5855688823382,66.92307692307693,0.05
102,2025-01-26T20:00:00,CO,94.65469218537275,1885.6668680403136,408.11680183847193,1.2296963104754233,0,31.83694122571306,62.897712530279065,615.5855688823382,75.76923076923077,0.05
102,2025-01-26T20:00:00,CO,94.65469218537275,1885.6668680403136,408.11680183847193,1.2296963104754233,0,31.83694122571306,62.897712530279065,615.5855688823382,84.61538461538461,0.05
102,2025-01-26T20:00:00,CO,94.65469218537275,1885.6668680403136,408.11680183847193,1.2296963104754233,0,31.83694122571306,62.897712530279065,615.5855688823382,93.46153846153847,
102,2025-01-26T20:00:00,CO,94.65469218537275,1885.6668680403136,408.11680183847193,1.2296963104754233,0,31.83694122571306,62.897712530279065,615.5855688823382,102.30769230769232,0.05
102,2025-01-26T20:00:00,CO,94.65469218537275,1885.6668680403136,408.11680183847193,1.2296963104754233,0,31.83694122571306,62.897712530279065,615.5855688823382,111.15384615384616,0.05
102,2025-01-26T20:00:00,CO,94.65469218537275,1885.6668680403136,408.11680183847193,1.2296963104754233,0,31.83694122571306,62.897712530279065,615.5855688823382,120.0,0.05
103,2025-01-27T02:00:00,NOx,17.299997154221487,5327.896310901028,274.85087006753554,1.0400083242616995,0,31.146679235367472,68.21296174015983,527.575874539051,5.0,247.53719437077135
103,2025-01-27T02:00:00,NOx,17.299997154221487,5327.896310901028,274.85087006753554,1.0400083242616995,0,31.146679235367472,68.21296174015983,527.575874539051,13.846153846153847,68.73113865458487
103,2025-01-27T02:00:00,NOx,17.299997154221487,5327.896310901028,274.85087006753554,1.0400083242616995,0,31.146679235367472,68.21296174015983,527.575874539051,22.692307692307693,24.11201311265774
103,2025-01-27T02:00:00,NOx,17.299997154221487,5327.896310901028,274.85087006753554,1.0400083242616995,0,31.146679235367472,68.21296174015983,527.575874539051,31.53846153846154,6.814982345700472
103,2025-01-27T02:00:00,NOx,17.299997154221487,5327.896310901028,274.85087006753554,1.0400083242616995,0,31.146679235367472,68.21296174015983,527.575874539051,40.38461538461539,1.691539762464679
103,2025-01-27T02:00:00,NOx,17.299997154221487,5327.896310901028,274.85087006753554,1.0400083242616995,0,31.146679235367472,68.21296174015983,527.575874539051,49.23076923076923,0.5947960732886214
103,2025-01-27T02:00:00,NOx,17.299997154221487,5327.896310901028,274.85087006753554,1.0400083242616995,0,31.146679235367472,68.21296174015983,527.575874539051,58.07692307692308,0.17163863347887645
103,2025-01-27T02:00:00,NOx,17.299997154221487,5327.896310901028,274.85087006753554,1.0400083242616995,0,31.146679235367472,68.21296174015983,527.575874539051,66.92307692307693,0.06199826271100085
103,2025-01-27T02:00:00,NOx,17.299997154221487,5327.896310901028,274.85087006753554,1.0400083242616995,0,,68.21296174015983,527.575874539051,75.76923076923077,
103,2025-01-27T02:00:00,NOx,17.299997154221487,5327.896310901028,274.85087006753554,1.0400083242616995,0,31.146679235367472,68.21296174015983,527.575874539051,84.61538461538461,0.05
103,2025-01-27T02:00:00,NOx,17.299997154221487,5327.896310901028,274.85087006753554,1.0400083242616995,0,31.146679235367472,68.21296174015983,527.575874539051,93.46153846153847,0.05
103,2025-01-27T02:00:00,NOx,17.299997154221487,5327.896310901028,274.85087006753554,1.0400083242616995,0,31.146679235367472,68.21296174015983,527.575874539051,102.30769230769232,0.05
103,2025-01-27T02:00:00,NOx,17.299997154221487,5327.896310901028,274.85087006753554,1.0400083242616995,0,31.146679235367472,68.21296174015983,527.575874539051,111.15384615384616,0.05
103,2025-01-27T02:00:00,NOx,17.299997154221487,5327.896310901028,274.85087006753554,1.0400083242616995,0,,68.21296174015983,527.575874539051,120.0,0.05
104,2025-01-27T08:00:00,CO,105.32370221205731,8901.187706832152,248.2965370722541,0.7471137214353007,1,20.860148026527703,36.58151137236224,323.7714928765928,5.0,21.631911635094898
104,2025-01-27T08:00:00,CO,105.32370221205731,8901.187706832152,248.2965370722541,0.7471137214353007,1,20.860148026527703,36.58151137236224,323.7714928765928,13.846153846153847,0.20057101932086574
104,2025-01-27T08:00:00,CO,105.32370221205731,8901.187706832152,248.2965370722541,0.7471137214353007,1,20.860148026527703,36.58151137236224,323.7714928765928,22.692307692307693,0.05
104,2025-01-27T08:00:00,CO,105.32370221205731,8901.187706832152,248.2965370722541,0.7471137214353007,1,20.860148026527703,36.58151137236224,323.7714928765928,31.53846153846154,0.05
104,2025-01-27T08:00:00,CO,105.32370221205731,8901.187706832152,248.2965370722541,0.7471137214353007,1,20.860148026527703,36.58151137236224,323.7714928765928,40.38461538461539,0.05
104,2025-01-27T08:00:00,CO,105.32370221205731,8901.187706832152,248.2965370722541,0.7471137214353007,1,20.860148026527703,36.58151137236224,323.7714928765928,49.23076923076923,0.05
104,2025-01-27T08:00:00,CO,105.32370221205731,8901.187706832152,248.2965370722541,0.7471137214353007,1,20.860148026527703,36.58151137236224,323.7714928765928,58.07692307692308,0.05
104,2025-01-27T08:00:00,CO,105.32370221205731,8901.187706832152,248.2965370722541,0.7471137214353007,1,20.860148026527703,36.58151137236224,323.7714928765928,66.92307692307693,0.05
104,2025-01-27T08:00:00,CO,105.32370221205731,8901.187706832152,248.2965370722541,0.7471137214353007,1,20.860148026527703,36.58151137236224,323.7714928765928,75.76923076923077,0.05
104,2025-01-27T08:00:00,CO,105.32370221205731,8901.187706832152,248.2965370722541,0.7471137214353007,1,20.860148026527703,36.58151137236224,323.7714928765928,84.61538461538461,0.05
104,2025-01-27T08:00:00,CO,105.32370221205731,8901.187706832152,248.2965370722541,0.7471137214353007,1,20.860148026527703,,323.7714928765928,93.46153846153847,0.05
104,2025-01-27T08:00:00,CO,105.32370221205731,8901.187706832152,248.2965370722541,0.7471137214353007,1,20.860148026527703,36.58151137236224,323.7714928765928,102.30769230769232,0.05
104,2025-01-27T08:00:00,CO,105.32370221205731,8901.187706832152,248.2965370722541,0.7471137214353007,1,20.860148026527703,36.58151137236224,323.7714928765928,111.15384615384616,0.05
104,2025-01-27T08:00:00,CO,105.32370221205731,8901.187706832152,248.2965370722541,0.7471137214353007,1,20.860148026527703,36.58151137236224,323.7714928765928,120.0,0.05
105,2025-01-27T14:00:00,NOx,34.86803909982149,9977.848462099937,239.41201612469308,0.2957350234424513,0,31.660299128979958,82.02977618816237,670.1543726627702,5.0,331.80584415531604
105,2025-01-27T14:00:00,NOx,34.86803909982149,9977.848462099937,239.41201612469308,0.2957350234424513,0,31.660299128979958,82.02977618816237,670.1543726627702,13.846153846153847,109.29194013661856
105,2025-01-27T14:00:00,NOx,34.86803909982149,9977.848462099937,239.41201612469308,0.2957350234424513,0,31.660299128979958,82.02977618816237,670.1543726627702,22.692307692307693,29.887825884094696
105,2025-01-27T14:00:00,NOx,34.86803909982149,9977.848462099937,239.41201612469308,0.2957350234424513,0,31.660299128979958,82.02977618816237,670.1543726627702,31.53846153846154,9.458045253234792
105,2025-01-27T14:00:00,NOx,34.86803909982149,9977.848462099937,239.41201612469308,0.2957350234424513,0,31.660299128979958,82.02977618816237,670.1543726627702,40.38461538461539,3.009308030441722
105,2025-01-27T14:00:00,NOx,34.86803909982149,9977.848462099937,239.41201612469308,0.2957350234424513,0,31.660299128979958,82.02977618816237,670.1543726627702,49.23076923076923,0.9856409780335756
105,2025-01-27T14:00:00,NOx,34.86803909982149,9977.848462099937,239.41201612469308,0.2957350234424513,0,31.660299128979958,82.02977618816237,670.1543726627702,58.07692307692308,0.2654333254978446
105,2025-01-27T14:00:00,NOx,34.86803909982149,9977.848462099937,239.41201612469308,0.2957350234424513,0,31.660299128979958,82.02977618816237,670.1543726627702,66.92307692307693,0.07266028374754836
105,2025-01-27T14:00:00,NOx,34.86803909982149,9977.848462099937,239.41201612469308,0.2957350234424513,0,31.660299128979958,82.02977618816237,670.1543726627702,75.76923076923077,0.05
105,2025-01-27T14:00:00,NOx,34.86803909982149,9977.848462099937,239.41201612469308,0.2957350234424513,0,31.660299128979958,82.02977618816237,670.1543726627702,84.61538461538461,0.05
105,2025-01-27T14:00:00,NOx,34.86803909982149,9977.848462099937,239.41201612469308,0.2957350234424513,0,31.660299128979958,82.02977618816237,670.1543726627702,93.46153846153847,0.05
105,2025-01-27T14:00:00,NOx,34.86803909982149,9977.848462099937,239.41201612469308,0.2957350234424513,0,31.660299128979958,82.02977618816237,670.1543726627702,102.30769230769232,0.05
105,2025-01-27T14:00:00,NOx,34.86803909982149,9977.848462099937,239.41201612469308,0.2957350234424513,0,31.660299128979958,,670.1543726627702,111.15384615384616,0.05
105,2025-01-27T14:00:00,NOx,34.86803909982149,9977.848462099937,239.41201612469308,0.2957350234424513,0,31.660299128979958,82.02977618816237,670.1543726627702,120.0,0.05
106,2025-01-27T20:00:00,CO,29.626321949521007,7109.141907017177,184.5991738185785,1.0953150358846335,1,21.019862628701354,79.80601958878384,725.8923752414182,5.0,265.6516431611876
106,2025-01-27T20:00:00,CO,29.626321949521007,7109.141907017177,184.5991738185785,1.0953150358846335,1,21.019862628701354,79.80601958878384,725.8923752414182,13.846153846153847,39.16096763298934
106,2025-01-27T20:00:00,CO,29.626321949521007,7109.141907017177,184.5991738185785,1.0953150358846335,1,21.019862628701354,79.80601958878384,725.8923752414182,22.692307692307693,7.598627576932749
106,2025-01-27T20:00:00,CO,29.626321949521007,7109.141907017177,184.5991738185785,1.0953150358846335,1,21.019862628701354,79.80601958878384,725.8923752414182,31.53846153846154,
106,2025-01-27T20:00:00,CO,29.626321949521007,7109.141907017177,184.5991738185785,1.0953150358846335,1,21.019862628701354,79.80601958878384,725.8923752414182,40.38461538461539,0.20882542949672203
106,2025-01-27T20:00:00,CO,29.626321949521007,7109.141907017177,184.5991738185785,1.0953150358846335,1,21.019862628701354,79.80601958878384,725.8923752414182,49.23076923076923,0.05
106,2025-01-27T20:00:00,CO,29.626321949521007,7109.141907017177,184.5991738185785,1.0953150358846335,1,21.019862628701354,79.80601958878384,725.8923752414182,58.07692307692308,0.05
106,2025-01-27T20:00:00,CO,29.626321949521007,7109.141907017177,184.5991738185785,1.0953150358846335,1,21.019862628701354,79.80601958878384,725.8923752414182,66.92307692307693,0.05
106,2025-01-27T20:00:00,CO,29.626321949521007,7109.141907017177,184.5991738185785,1.0953150358846335,1,21.019862628701354,79.80601958878384,725.8923752414182,75.76923076923077,0.05
106,2025-01-27T20:00:00,CO,29.626321949521007,7109.141907017177,184.5991738185785,1.0953150358846335,1,21.019862628701354,79.80601958878384,725.8923752414182,84.61538461538461,0.05
106,2025-01-27T20:00:00,CO,29.626321949521007,7109.141907017177,184.5991738185785,1.0953150358846335,1,21.019862628701354,79.80601958878384,725.8923752414182,93.46153846153847,0.05
106,2025-01-27T20:00:00,CO,29.626321949521007,7109.141907017177,184.5991738185785,1.0953150358846335,1,21.019862628701354,79.80601958878384,725.8923752414182,102.30769230769232,0.05
106,2025-01-27T20:00:00,CO,29.626321949521007,7109.141907017177,184.5991738185785,1.0953150358846335,1,21.019862628701354,79.80601958878384,725.8923752414182,111.15384615384616,0.05
106,2025-01-27T20:00:00,CO,29.626321949521007,7109.141907017177,184.5991738185785,1.0953150358846335,1,21.019862628701354,79.80601958878384,725.8923752414182,120.0,0.05
107,2025-01-28T02:00:00,CO,68.97484644569573,5003.115164567134,437.37139088091965,0.48345186548535746,4,24.39331135254174,42.63762825547426,452.9149739393273,5.0,6.461434169051628
107,2025-01-28T02:00:00,CO,68.97484644569573,5003.115164567134,437.37139088091965,0.48345186548535746,4,24.39331135254174,42.63762825547426,452.9149739393273,13.846153846153847,0.05
107,2025-01-28T02:00:00,CO,68.97484644569573,5003.115164567134,437.37139088091965,0.48345186548535746,4,24.39331135254174,42.63762825547426,452.9149739393273,22.692307692307693,0.05
107,2025-01-28T02:00:00,CO,68.97484644569573,5003.115164567134,437.37139088091965,0.48345186548535746,4,24.39331135254174,42.63762825547426,452.9149739393273,31.53846153846154,0.05
107,2025-01-28T02:00:00,CO,68.97484644569573,5003.115164567134,437.37139088091965,0.48345186548535746,4,24.39331135254174,42.63762825547426,452.9149739393273,40.38461538461539,0.05
107,2025-01-28T02:00:00,CO,68.97484644569573,5003.115164567134,437.37139088091965,0.48345186548535746,4,24.39331135254174,42.63762825547426,452.9149739393273,49.23076923076923,0.05
107,2025-01-28T02:00:00,CO,68.97484644569573,5003.115164567134,437.37139088091965,0.48345186548535746,4,24.39331135254174,42.63762825547426,452.9149739393273,58.07692307692308,0.05
107,2025-01-28T02:00:00,CO,68.97484644569573,5003.115164567134,437.37139088091965,0.48345186548535746,4,24.39331135254174,42.63762825547426,452.9149739393273,66.92307692307693,0.05
107,2025-01-28T02:00:00,CO,68.97484644569573,5003.115164567134,437.37139088091965,0.48345186548535746,4,24.39331135254174,42.63762825547426,452.9149739393273,75.76923076923077,0.05
107,2025-01-28T02:00:00,CO,68.97484644569573,5003.115164567134,437.37139088091965,0.48345186548535746,4,24.39331135254174,42.63762825547426,452.9149739393273,84.61538461538461,0.05
107,2025-01-28T02:00:00,CO,68.97484644569573,5003.115164567134,437.37139088091965,0.48345186548535746,4,24.39331135254174,42.63762825547426,452.9149739393273,93.46153846153847,0.05
107,2025-01-28T02:00:00,CO,68.97484644569573,5003.115164567134,437.37139088091965,0.48345186548535746,4,24.39331135254174,42.63762825547426,452.9149739393273,102.30769230769232,0.05
107,2025-01-28T02:00:00,CO,68.97484644569573,5003.115164567134,437.37139088091965,0.48345186548535746,4,24.39331135254174,42.63762825547426,452.9149739393273,111.15384615384616,0.05
107,2025-01-28T02:00:00,CO,68.97484644569573,5003.115164567134,437.37139088091965,0.48345186548535746,4,24.39331135254174,42.63762825547426,452.9149739393273,120.0,0.05
108,2025-01-28T08:00:00,CO,22.79480042364741,8135.954351056398,448.13322582602603,0.2713343728704498,3,33.02017505765116,74.60648968083272,454.3557249292065,5.0,269.5826961617109
108,2025-01-28T08:00:00,CO,22.79480042364741,8135.954351056398,448.13322582602603,0.2713343728704498,3,33.02017505765116,74.60648968083272,454.3557249292065,13.846153846153847,122.84475735226285
108,2025-01-28T08:00:00,CO,22.79480042364741,8135.954351056398,448.13322582602603,0.2713343728704498,3,33.02017505765116,74.60648968083272,454.3557249292065,22.692307692307693,44.516657718630405
108,2025-01-28T08:00:00,CO,22.79480042364741,8135.954351056398,448.13322582602603,0.2713343728704498,3,33.02017505765116,74.60648968083272,454.3557249292065,31.53846153846154,16.344689388723136
108,2025-01-28T08:00:00,CO,22.79480042364741,8135.954351056398,448.13322582602603,0.2713343728704498,3,33.02017505765116,74.60648968083272,454.3557249292065,40.38461538461539,8.291718131177252
108,2025-01-28T08:00:00,CO,22.79480042364741,8135.954351056398,448.13322582602603,0.2713343728704498,3,33.02017505765116,74.60648968083272,454.3557249292065,49.23076923076923,3.149526778714839
108,2025-01-28T08:00:00,CO,22.79480042364741,8135.954351056398,448.13322582602603,0.2713343728704498,3,33.02017505765116,74.60648968083272,454.3557249292065,58.07692307692308,1.2242949962166978
108,2025-01-28T08:00:00,CO,22.79480042364741,8135.954351056398,448.13322582602603,0.2713343728704498,3,33.02017505765116,74.60648968083272,454.3557249292065,66.92307692307693,0.4884529099141694
108,2025-01-28T08:00:00,CO,22.79480042364741,8135.954351056398,448.13322582602603,0.2713343728704498,3,33.02017505765116,74.60648968083272,454.3557249292065,75.76923076923077,0.21618831119068296
108,2025-01-28T08:00:00,CO,22.79480042364741,8135.954351056398,448.13322582602603,0.2713343728704498,3,33.02017505765116,74.60648968083272,454.3557249292065,84.61538461538461,0.07980777805215815
108,2025-01-28T08:00:00,CO,22.79480042364741,8135.954351056398,448.13322582602603,0.2713343728704498,3,33.02017505765116,74.60648968083272,454.3557249292065,93.46153846153847,0.05
108,2025-01-28T08:00:00,CO,22.79480042364741,8135.954351056398,448.13322582602603,0.2713343728704498,3,33.02017505765116,74.60648968083272,454.3557249292065,102.30769230769232,0.05
108,2025-01-28T08:00:00,CO,22.79480042364741,8135.954351056398,448.13322582602603,0.2713343728704498,3,33.02017505765116,74.60648968083272,454.3557249292065,111.15384615384616,0.05
108,2025-01-28T08:00:00,CO,22.79480042364741,8135.954351056398,448.13322582602603,0.2713343728704498,3,33.02017505765116,74.60648968083272,454.3557249292065,120.0,0.05
109,2025-01-28T14:00:00,NOx,25.436321982464577,4108.376900750327,413.59368466955755,0.3697915655606504,2,26.13711678781653,81.55027715400888,762.5052795168092,5.0,183.54496253619178
109,2025-01-28T14:00:00,NOx,25.436321982464577,4108.376900750327,413.59368466955755,0.3697915655606504,2,26.13711678781653,81.55027715400888,762.5052795168092,13.846153846153847,16.875152200134576
109,2025-01-28T14:00:00,NOx,25.436321982464577,4108.376900750327,413.59368466955755,0.3697915655606504,2,26.13711678781653,81.55027715400888,762.5052795168092,22.692307692307693,1.3329682127455484
109,2025-01-28T14:00:00,NOx,25.436321982464577,4108.376900750327,413.59368466955755,0.3697915655606504,2,26.13711678781653,81.55027715400888,762.5052795168092,31.53846153846154,0.1083511265309103
109,2025-01-28T14:00:00,NOx,25.436321982464577,4108.376900750327,413.59368466955755,0.3697915655606504,2,26.13711678781653,81.55027715400888,762.5052795168092,40.38461538461539,0.05
109,2025-01-28T14:00:00,NOx,25.436321982464577,4108.376900750327,413.59368466955755,0.3697915655606504,2,26.13711678781653,81.55027715400888,762.5052795168092,49.23076923076923,0.05
109,2025-01-28T14:00:00,NOx,25.436321982464577,4108.376900750327,413.59368466955755,0.3697915655606504,2,26.13711678781653,81.55027715400888,762.5052795168092,58.07692307692308,0.05
109,2025-01-28T14:00:00,NOx,25.436321982464577,4108.376900750327,413.59368466955755,0.3697915655606504,2,26.13711678781653,81.55027715400888,762.5052795168092,66.92307692307693,0.05
109,2025-01-28T14:00:00,NOx,25.436321982464577,4108.376900750327,413.59368466955755,0.3697915655606504,2,26.13711678781653,81.55027715400888,762.5052795168092,75.76923076923077,0.05
109,2025-01-28T14:00:00,NOx,25.436321982464577,4108.376900750327,413.59368466955755,0.3697915655606504,2,26.13711678781653,81.55027715400888,762.5052795168092,84.61538461538461,0.05
109,2025-01-28T14:00:00,NOx,25.436321982464577,4108.376900750327,413.59368466955755,0.3697915655606504,2,26.13711678781653,81.55027715400888,762.5052795168092,93.46153846153847,0.05
109,2025-01-28T14:00:00,NOx,25.436321982464577,4108.376900750327,413.59368466955755,0.3697915655606504,2,26.13711678781653,81.55027715400888,762.5052795168092,102.30769230769232,0.05
109,2025-01-28T14:00:00,NOx,25.436321982464577,4108.376900750327,413.59368466955755,0.3697915655606504,2,26.13711678781653,81.55027715400888,762.5052795168092,111.15384615384616,0.05
109,2025-01-28T14:00:00,NOx,25.436321982464577,4108.376900750327,413.59368466955755,0.3697915655606504,2,26.13711678781653,81.55027715400888,762.5052795168092,120.0,0.05
110,2025-01-28T20:00:00,NOx,33.32806160123404,10441.925087435131,375.68839895873424,1.4679020523521518,1,37.19192524118989,38.70017389791556,748.1864610044398,5.0,375.0474724266596
110,2025-01-28T20:00:00,NOx,33.32806160123404,10441.925087435131,375.68839895873424,1.4679020523521518,1,37.19192524118989,38.70017389791556,748.1864610044398,13.846153846153847,109.45675921599614
110,2025-01-28T20:00:00,NOx,33.32806160123404,10441.925087435131,375.68839895873424,1.4679020523521518,1,37.19192524118989,38.70017389791556,748.1864610044398,22.692307692307693,25.906326108371022
110,2025-01-28T20:00:00,NOx,33.32806160123404,10441.925087435131,375.68839895873424,1.4679020523521518,1,37.19192524118989,38.70017389791556,748.1864610044398,31.53846153846154,9.003661169002509
110,2025-01-28T20:00:00,NOx,33.32806160123404,10441.925087435131,375.68839895873424,1.4679020523521518,1,37.19192524118989,38.70017389791556,748.1864610044398,40.38461538461539,2.938035549945116
110,2025-01-28T20:00:00,NOx,33.32806160123404,10441.925087435131,375.68839895873424,1.4679020523521518,1,37.19192524118989,38.70017389791556,748.1864610044398,49.23076923076923,0.7486345352868803
110,2025-01-28T20:00:00,NOx,33.32806160123404,10441.925087435131,375.68839895873424,1.4679020523521518,1,37.19192524118989,38.70017389791556,748.1864610044398,58.07692307692308,0.2280694490975329
110,2025-01-28T20:00:00,NOx,33.32806160123404,10441.925087435131,375.68839895873424,1.4679020523521518,1,37.19192524118989,38.70017389791556,748.1864610044398,66.92307692307693,0.05930232241937152
110,2025-01-28T20:00:00,NOx,33.32806160123404,10441.925087435131,375.68839895873424,1.4679020523521518,1,37.19192524118989,38.70017389791556,748.1864610044398,75.76923076923077,0.05
110,2025-01-28T20:00:00,NOx,33.32806160123404,10441.925087435131,375.68839895873424,1.4679020523521518,1,37.19192524118989,38.70017389791556,748.1864610044398,84.61538461538461,0.05
110,2025-01-28T20:00:00,NOx,33.32806160123404,10441.925087435131,375.68839895873424,1.4679020523521518,1,37.19192524118989,38.70017389791556,748.1864610044398,93.46153846153847,0.05
110,2025-01-28T20:00:00,NOx,33.32806160123404,10441.925087435131,375.68839895873424,1.4679020523521518,1,37.19192524118989,38.70017389791556,748.1864610044398,102.30769230769232,0.05
110,2025-01-28T20:00:00,NOx,33.32806160123404,10441.925087435131,375.68839895873424,1.4679020523521518,1,37.19192524118989,38.70017389791556,748.1864610044398,111.15384615384616,0.05
110,2025-01-28T20:00:00,NOx,33.32806160123404,10441.925087435131,375.68839895873424,1.4679020523521518,1,37.19192524118989,38.70017389791556,748.1864610044398,120.0,0.05
111,2025-01-29T02:00:00,CO,89.3952577265498,9311.832128756909,271.44499765164835,1.4149506061890185,4,23.821007049013,77.8970332745718,594.3519492954712,5.0,27.86831480560308
111,2025-01-29T02:00:00,CO,89.3952577265498,9311.832128756909,271.44499765164835,1.4149506061890185,4,23.821007049013,77.8970332745718,594.3519492954712,13.846153846153847,0.10651949813118167
111,2025-01-29T02:00:00,CO,89.3952577265498,9311.832128756909,271.44499765164835,1.4149506061890185,4,23.821007049013,77.8970332745718,594.3519492954712,22.692307692307693,0.05
111,2025-01-29T02:00:00,CO,89.3952577265498,9311.832128756909,271.44499765164835,1.4149506061890185,4,23.821007049013,77.8970332745718,594.3519492954712,31.53846153846154,0.05
111,2025-01-29T02:00:00,CO,89.3952577265498,9311.832128756909,271.44499765164835,1.4149506061890185,4,23.821007049013,77.8970332745718,594.3519492954712,40.38461538461539,0.05
111,2025-01-29T02:00:00,CO,89.3952577265498,9311.832128756909,271.44499765164835,1.4149506061890185,4,23.821007049013,77.8970332745718,594.3519492954712,49.23076923076923,0.05
111,2025-01-29T02:00:00,CO,89.3952577265498,9311.832128756909,271.44499765164835,1.4149506061890185,4,23.821007049013,77.8970332745718,594.3519492954712,58.07692307692308,0.05
111,2025-01-29T02:00:00,CO,89.3952577265498,9311.832128756909,271.44499765164835,1.4149506061890185,4,23.821007049013,77.8970332745718,594.3519492954712,66.92307692307693,0.05
111,2025-01-29T02:00:00,CO,89.3952577265498,9311.832128756909,271.44499765164835,1.4149506061890185,4,23.821007049013,77.8970332745718,594.3519492954712,75.76923076923077,0.05
111,2025-01-29T02:00:00,CO,89.3952577265498,9311.832128756909,271.44499765164835,1.4149506061890185,4,23.821007049013,77.8970332745718,594.3519492954712,84.61538461538461,0.05
111,2025-01-29T02:00:00,CO,89.3952577265498,9311.832128756909,271.44499765164835,1.4149506061890185,4,23.821007049013,77.8970332745718,594.3519492954712,93.46153846153847,0.05
111,2025-01-29T02:00:00,CO,89.3952577265498,9311.832128756909,271.44499765164835,1.4149506061890185,4,23.821007049013,77.8970332745718,594.3519492954712,102.30769230769232,0.05
111,2025-01-29T02:00:00,CO,89.3952577265498,9311.832128756909,271.44499765164835,1.4149506061890185,4,23.821007049013,77.8970332745718,594.3519492954712,111.15384615384616,0.05
111,2025-01-29T02:00:00,CO,89.3952577265498,9311.832128756909,271.44499765164835,1.4149506061890185,4,23.821007049013,77.8970332745718,594.3519492954712,120.0,0.05
112,2025-01-29T08:00:00,CO,38.565949964586984,6306.035744131489,368.4431237672614,1.4584715589945485,3,29.49641462480231,53.036402073540074,506.85420635839955,5.0,95.5389398488765
112,2025-01-29T08:00:00,CO,38.565949964586984,6306.035744131489,368.4431237672614,1.4584715589945485,3,29.49641462480231,53.036402073540074,506.85420635839955,13.846153846153847,4.7354098304701795
112,2025-01-29T08:00:00,CO,38.565949964586984,6306.035744131489,368.4431237672614,1.4584715589945485,3,29.49641462480231,53.036402073540074,506.85420635839955,22.692307692307693,0.2784355958145139
112,2025-01-29T08:00:00,CO,38.565949964586984,6306.035744131489,368.4431237672614,1.4584715589945485,3,29.49641462480231,53.036402073540074,506.85420635839955,31.53846153846154,0.05
112,2025-01-29T08:00:00,CO,38.565949964586984,6306.035744131489,368.4431237672614,1.4584715589945485,3,29.49641462480231,53.036402073540074,506.85420635839955,40.38461538461539,0.05
112,2025-01-29T08:00:00,CO,38.565949964586984,6306.035744131489,368.4431237672614,1.4584715589945485,3,29.49641462480231,53.036402073540074,506.85420635839955,49.23076923076923,0.05
112,2025-01-29T08:00:00,CO,38.565949964586984,6306.035744131489,368.4431237672614,1.4584715589945485,3,29.49641462480231,53.036402073540074,506.85420635839955,58.07692307692308,0.05
112,2025-01-29T08:00:00,CO,38.565949964586984,6306.035744131489,368.4431237672614,1.4584715589945485,3,29.49641462480231,53.036402073540074,506.85420635839955,66.92307692307693,0.05
112,2025-01-29T08:00:00,CO,38.565949964586984,6306.035744131489,368.4431237672614,1.4584715589945485,3,29.49641462480231,53.036402073540074,506.85420635839955,75.76923076923077,0.05
112,2025-01-29T08:00:00,CO,38.565949964586984,6306.035744131489,368.4431237672614,1.4584715589945485,3,29.49641462480231,53.036402073540074,506.85420635839955,84.61538461538461,0.05
112,2025-01-29T08:00:00,CO,38.565949964586984,6306.035744131489,368.4431237672614,1.4584715589945485,3,29.49641462480231,53.036402073540074,506.85420635839955,93.46153846153847,0.05
112,2025-01-29T08:00:00,CO,38.565949964586984,6306.035744131489,368.4431237672614,1.4584715589945485,3,29.49641462480231,53.036402073540074,506.85420635839955,102.30769230769232,0.05
112,2025-01-29T08:00:00,CO,38.565949964586984,6306.035744131489,368.4431237672614,1.4584715589945485,3,29.49641462480231,53.036402073540074,506.85420635839955,111.15384615384616,0.05
112,2025-01-29T08:00:00,CO,38.565949964586984,6306.035744131489,368.4431237672614,1.4584715589945485,3,29.49641462480231,53.036402073540074,506.85420635839955,120.0,0.05
113,2025-01-29T14:00:00,CO,84.51158061068745,3657.3961478455,244.68038064057612,1.5306727316868594,0,25.626150769128692,77.54430915779247,790.0778817149599,5.0,1.173932262144933
113,2025-01-29T14:00:00,CO,84.51158061068745,3657.3961478455,244.68038064057612,1.5306727316868594,0,25.626150769128692,77.54430915779247,790.0778817149599,13.846153846153847,0.05
113,2025-01-29T14:00:00,CO,84.51158061068745,3657.3961478455,244.68038064057612,1.5306727316868594,0,25.626150769128692,77.54430915779247,790.0778817149599,22.692307692307693,0.05
113,2025-01-29T14:00:00,CO,84.51158061068745,3657.3961478455,244.68038064057612,1.5306727316868594,0,25.626150769128692,77.54430915779247,790.0778817149599,31.53846153846154,0.05
113,2025-01-29T14:00:00,CO,84.51158061068745,3657.3961478455,244.68038064057612,1.5306727316868594,0,25.626150769128692,77.54430915779247,790.0778817149599,40.38461538461539,0.05
113,2025-01-29T14:00:00,CO,84.51158061068745,3657.3961478455,244.68038064057612,1.5306727316868594,0,25.626150769128692,77.54430915779247,790.0778817149599,49.23076923076923,0.05
113,2025-01-29T14:00:00,CO,84.51158061068745,3657.3961478455,244.68038064057612,1.5306727316868594,0,25.626150769128692,77.54430915779247,790.0778817149599,58.07692307692308,0.05
113,2025-01-29T14:00:00,CO,84.51158061068745,3657.3961478455,244.68038064057612,1.5306727316868594,0,25.626150769128692,77.54430915779247,790.0778817149599,66.92307692307693,0.05
113,2025-01-29T14:00:00,CO,84.51158061068745,3657.3961478455,244.68038064057612,1.5306727316868594,0,25.626150769128692,77.54430915779247,790.0778817149599,75.76923076923077,0.05
113,2025-01-29T14:00:00,CO,84.51158061068745,3657.3961478455,244.68038064057612,1.5306727316868594,0,,77.54430915779247,790.0778817149599,84.61538461538461,0.05
113,2025-01-29T14:00:00,CO,84.51158061068745,3657.3961478455,244.68038064057612,1.5306727316868594,0,25.626150769128692,77.54430915779247,790.0778817149599,93.46153846153847,0.05
113,2025-01-29T14:00:00,CO,84.51158061068745,3657.3961478455,244.68038064057612,1.5306727316868594,0,25.626150769128692,,790.0778817149599,102.30769230769232,0.05
113,2025-01-29T14:00:00,CO,84.51158061068745,3657.3961478455,244.68038064057612,1.5306727316868594,0,25.626150769128692,77.54430915779247,790.0778817149599,111.15384615384616,0.05
113,2025-01-29T14:00:00,CO,84.51158061068745,3657.3961478455,244.68038064057612,1.5306727316868594,0,25.626150769128692,77.54430915779247,790.0778817149599,120.0,0.05
114,2025-01-29T20:00:00,CO,38.964400924853265,2362.3870971765273,391.4366932149255,0.555636679555301,1,37.817449560044096,25.728454055322615,462.92942878820355,5.0,16.622683746416218
114,2025-01-29T20:00:00,CO,38.964400924853265,2362.3870971765273,391.4366932149255,0.555636679555301,1,37.817449560044096,25.728454055322615,462.92942878820355,13.846153846153847,0.05
114,2025-01-29T20:00:00,CO,38.964400924853265,2362.3870971765273,391.4366932149255,0.555636679555301,1,37.817449560044096,25.728454055322615,462.92942878820355,22.692307692307693,0.05
114,2025-01-29T20:00:00,CO,38.964400924853265,2362.3870971765273,391.4366932149255,0.555636679555301,1,37.817449560044096,25.728454055322615,462.92942878820355,31.53846153846154,0.05
114,2025-01-29T20:00:00,CO,38.964400924853265,2362.3870971765273,391.4366932149255,0.555636679555301,1,37.817449560044096,25.728454055322615,462.92942878820355,40.38461538461539,0.05
114,2025-01-29T20:00:00,CO,38.964400924853265,2362.3870971765273,391.4366932149255,0.555636679555301,1,37.817449560044096,25.728454055322615,462.92942878820355,49.23076923076923,0.05
114,2025-01-29T20:00:00,CO,38.964400924853265,2362.3870971765273,391.4366932149255,0.555636679555301,1,37.817449560044096,25.728454055322615,462.92942878820355,58.07692307692308,0.05
114,2025-01-29T20:00:00,CO,38.964400924853265,2362.3870971765273,391.4366932149255,0.555636679555301,1,37.817449560044096,25.728454055322615,462.92942878820355,66.92307692307693,0.05
114,2025-01-29T20:00:00,CO,38.964400924853265,2362.3870971765273,391.4366932149255,0.555636679555301,1,37.817449560044096,25.728454055322615,462.92942878820355,75.76923076923077,0.05
114,2025-01-29T20:00:00,CO,38.964400924853265,2362.3870971765273,391.4366932149255,0.555636679555301,1,37.817449560044096,25.728454055322615,462.92942878820355,84.61538461538461,0.05
114,2025-01-29T20:00:00,CO,38.964400924853265,2362.3870971765273,391.4366932149255,0.555636679555301,1,37.817449560044096,25.728454055322615,462.92942878820355,93.46153846153847,0.05
114,2025-01-29T20:00:00,CO,38.964400924853265,2362.3870971765273,391.4366932149255,0.555636679555301,1,37.817449560044096,25.728454055322615,462.92942878820355,102.30769230769232,0.05
114,2025-01-29T20:00:00,CO,38.964400924853265,2362.3870971765273,391.4366932149255,0.555636679555301,1,37.817449560044096,25.728454055322615,462.92942878820355,111.15384615384616,0.05
114,2025-01-29T20:00:00,CO,38.964400924853265,2362.3870971765273,391.4366932149255,,1,37.817449560044096,25.728454055322615,462.92942878820355,120.0,0.05
115,2025-01-30T02:00:00,NOx,31.604495675846923,6731.802698746219,326.8122869515549,1.026648186048478,2,19.862186617170618,75.66451684993439,172.983156490491,5.0,57.70370420026586
115,2025-01-30T02:00:00,NOx,31.604495675846923,6731.802698746219,326.8122869515549,1.026648186048478,2,19.862186617170618,75.66451684993439,172.983156490491,13.846153846153847,6.321217386389001
115,2025-01-30T02:00:00,NOx,31.604495675846923,6731.802698746219,326.8122869515549,1.026648186048478,2,19.862186617170618,75.66451684993439,172.983156490491,22.692307692307693,0.7380113184453301
115,2025-01-30T02:00:00,NOx,31.604495675846923,6731.802698746219,326.8122869515549,1.026648186048478,2,19.862186617170618,75.66451684993439,172.983156490491,31.53846153846154,0.10603072213439863
115,2025-01-30T02:00:00,NOx,31.604495675846923,6731.802698746219,326.8122869515549,1.026648186048478,2,19.862186617170618,75.66451684993439,172.983156490491,40.38461538461539,0.05
115,2025-01-30T02:00:00,NOx,31.604495675846923,6731.802698746219,326.8122869515549,1.026648186048478,2,19.862186617170618,75.66451684993439,172.983156490491,49.23076923076923,0.05
115,2025-01-30T02:00:00,NOx,31.604495675846923,6731.802698746219,326.8122869515549,1.026648186048478,2,19.862186617170618,75.66451684993439,172.983156490491,58.07692307692308,0.05
115,2025-01-30T02:00:00,NOx,31.604495675846923,6731.802698746219,326.8122869515549,1.026648186048478,2,19.862186617170618,75.66451684993439,172.983156490491,66.92307692307693,0.05
115,2025-01-30T02:00:00,NOx,31.604495675846923,6731.802698746219,326.8122869515549,1.026648186048478,2,19.862186617170618,75.66451684993439,172.983156490491,75.76923076923077,0.05
115,2025-01-30T02:00:00,NOx,31.604495675846923,6731.802698746219,326.8122869515549,1.026648186048478,2,19.862186617170618,75.66451684993439,172.983156490491,84.61538461538461,0.05
115,2025-01-30T02:00:00,NOx,31.604495675846923,6731.802698746219,326.8122869515549,1.026648186048478,2,19.862186617170618,75.66451684993439,172.983156490491,93.46153846153847,0.05
115,2025-01-30T02:00:00,NOx,31.604495675846923,6731.802698746219,326.8122869515549,1.026648186048478,2,19.862186617170618,75.66451684993439,172.983156490491,102.30769230769232,0.05
115,2025-01-30T02:00:00,NOx,31.604495675846923,6731.802698746219,326.8122869515549,1.026648186048478,2,19.862186617170618,75.66451684993439,172.983156490491,111.15384615384616,0.05
115,2025-01-30T02:00:00,NOx,31.604495675846923,6731.802698746219,326.8122869515549,1.026648186048478,2,19.862186617170618,75.66451684993439,172.983156490491,120.0,0.05
116,2025-01-30T08:00:00,NOx,68.71006920124529,8111.216914302728,416.02605911797417,0.38570470191255635,2,19.449099471917435,81.68831031664232,378.40175415953485,5.0,64.82320945401632
116,2025-01-30T08:00:00,NOx,68.71006920124529,8111.216914302728,416.02605911797417,0.38570470191255635,2,19.449099471917435,81.68831031664232,378.40175415953485,13.846153846153847,2.0197303393906623
116,2025-01-30T08:00:00,NOx,68.71006920124529,8111.216914302728,416.02605911797417,0.38570470191255635,2,19.449099471917435,81.68831031664232,378.40175415953485,22.692307692307693,0.11187311409922317
116,2025-01-30T08:00:00,NOx,68.71006920124529,8111.216914302728,416.02605911797417,0.38570470191255635,2,19.449099471917435,81.68831031664232,378.40175415953485,31.53846153846154,0.05
116,2025-01-30T08:00:00,NOx,68.71006920124529,8111.216914302728,416.02605911797417,0.38570470191255635,2,19.449099471917435,81.68831031664232,378.40175415953485,40.38461538461539,0.05
116,2025-01-30T08:00:00,NOx,68.71006920124529,8111.216914302728,416.02605911797417,0.38570470191255635,2,19.449099471917435,81.68831031664232,378.40175415953485,49.23076923076923,0.05
116,2025-01-30T08:00:00,NOx,68.71006920124529,8111.216914302728,416.02605911797417,0.38570470191255635,2,19.449099471917435,81.68831031664232,378.40175415953485,58.07692307692308,0.05
116,2025-01-30T08:00:00,NOx,68.71006920124529,8111.216914302728,416.02605911797417,0.38570470191255635,2,19.449099471917435,81.68831031664232,378.40175415953485,66.92307692307693,0.05
116,2025-01-30T08:00:00,NOx,68.71006920124529,8111.216914302728,416.02605911797417,0.38570470191255635,2,19.449099471917435,81.68831031664232,378.40175415953485,75.76923076923077,0.05
116,2025-01-30T08:00:00,NOx,68.71006920124529,8111.216914302728,416.02605911797417,0.38570470191255635,2,19.449099471917435,81.68831031664232,378.40175415953485,84.61538461538461,0.05
116,2025-01-30T08:00:00,NOx,68.71006920124529,8111.216914302728,416.02605911797417,0.38570470191255635,2,19.449099471917435,81.68831031664232,378.40175415953485,93.46153846153847,0.05
116,2025-01-30T08:00:00,NOx,68.71006920124529,8111.216914302728,416.02605911797417,0.38570470191255635,2,19.449099471917435,,378.40175415953485,102.30769230769232,0.05
116,2025-01-30T08:00:00,NOx,68.71006920124529,8111.216914302728,416.02605911797417,0.38570470191255635,2,19.449099471917435,81.68831031664232,378.40175415953485,111.15384615384616,0.05
116,2025-01-30T08:00:00,NOx,68.71006920124529,8111.216914302728,416.02605911797417,0.38570470191255635,2,19.449099471917435,81.68831031664232,378.40175415953485,120.0,0.05
117,2025-01-30T14:00:00,NOx,49.95237195115011,3226.2945079057713,320.59173893647926,1.1772469137847303,1,28.783365847139954,81.09746901195106,332.91481589548016,5.0,3.47996494149706
117,2025-01-30T14:00:00,NOx,49.95237195115011,3226.2945079057713,320.59173893647926,1.1772469137847303,1,28.783365847139954,81.09746901195106,332.91481589548016,13.846153846153847,0.05
117,2025-01-30T14:00:00,NOx,49.95237195115011,3226.2945079057713,320.59173893647926,1.1772469137847303,1,28.783365847139954,81.09746901195106,332.91481589548016,22.692307692307693,0.05
117,2025-01-30T14:00:00,NOx,49.95237195115011,3226.2945079057713,320.59173893647926,1.1772469137847303,1,28.783365847139954,81.09746901195106,332.91481589548016,31.53846153846154,0.05
117,2025-01-30T14:00:00,NOx,49.95237195115011,3226.2945079057713,320.59173893647926,1.1772469137847303,1,28.783365847139954,81.09746901195106,332.91481589548016,40.38461538461539,0.05
117,2025-01-30T14:00:00,NOx,49.95237195115011,3226.2945079057713,320.59173893647926,1.1772469137847303,1,28.783365847139954,81.09746901195106,332.91481589548016,49.23076923076923,0.05
117,2025-01-30T14:00:00,NOx,49.95237195115011,3226.2945079057713,320.59173893647926,,1,28.783365847139954,81.09746901195106,332.91481589548016,58.07692307692308,0.05
117,2025-01-30T14:00:00,NOx,49.95237195115011,3226.2945079057713,320.59173893647926,1.1772469137847303,1,28.783365847139954,81.09746901195106,332.91481589548016,66.92307692307693,0.05
117,2025-01-30T14:00:00,NOx,49.95237195115011,3226.2945079057713,320.59173893647926,1.1772469137847303,1,28.783365847139954,81.09746901195106,332.91481589548016,75.76923076923077,0.05
117,2025-01-30T14:00:00,NOx,49.95237195115011,3226.2945079057713,320.59173893647926,1.1772469137847303,1,28.783365847139954,81.09746901195106,332.91481589548016,84.61538461538461,0.05
117,2025-01-30T14:00:00,NOx,49.95237195115011,3226.2945079057713,320.59173893647926,1.1772469137847303,1,28.783365847139954,81.09746901195106,332.91481589548016,93.46153846153847,0.05
117,2025-01-30T14:00:00,NOx,49.95237195115011,3226.2945079057713,320.59173893647926,1.1772469137847303,1,28.783365847139954,81.09746901195106,332.91481589548016,102.30769230769232,0.05
117,2025-01-30T14:00:00,NOx,49.95237195115011,3226.2945079057713,320.59173893647926,1.1772469137847303,1,28.783365847139954,81.09746901195106,332.91481589548016,111.15384615384616,0.05
117,2025-01-30T14:00:00,NOx,49.95237195115011,3226.2945079057713,320.59173893647926,1.1772469137847303,1,28.783365847139954,81.09746901195106,332.91481589548016,120.0,0.05
118,2025-01-30T20:00:00,CO,47.508230421019626,8987.5345792622,107.19941202897023,0.47376647823717594,0,35.46479872707762,66.61032546136363,70.35931386939613,5.0,19.53350054724938
118,2025-01-30T20:00:00,CO,47.508230421019626,8987.5345792622,107.19941202897023,0.47376647823717594,0,35.46479872707762,66.61032546136363,70.35931386939613,13.846153846153847,2.7038960630154443
118,2025-01-30T20:00:00,CO,47.508230421019626,8987.5345792622,107.19941202897023,0.47376647823717594,0,35.46479872707762,66.61032546136363,70.35931386939613,22.692307692307693,0.35493399028704997
118,2025-01-30T20:00:00,CO,47.508230421019626,8987.5345792622,107.19941202897023,0.47376647823717594,0,35.46479872707762,66.61032546136363,70.35931386939613,31.53846153846154,0.05
118,2025-01-30T20:00:00,CO,47.508230421019626,8987.5345792622,107.19941202897023,0.47376647823717594,0,35.46479872707762,66.61032546136363,70.35931386939613,40.38461538461539,0.05
118,2025-01-30T20:00:00,CO,47.508230421019626,8987.5345792622,107.19941202897023,0.47376647823717594,0,35.46479872707762,66.61032546136363,70.35931386939613,49.23076923076923,0.05
118,2025-01-30T20:00:00,CO,47.508230421019626,8987.5345792622,107.19941202897023,,0,35.46479872707762,66.61032546136363,70.35931386939613,58.07692307692308,0.05
118,2025-01-30T20:00:00,CO,47.508230421019626,8987.5345792622,107.19941202897023,0.47376647823717594,0,35.46479872707762,66.61032546136363,70.35931386939613,66.92307692307693,0.05
118,2025-01-30T20:00:00,CO,47.508230421019626,8987.5345792622,107.19941202897023,0.47376647823717594,0,35.46479872707762,66.61032546136363,70.35931386939613,75.76923076923077,0.05
118,2025-01-30T20:00:00,CO,47.508230421019626,8987.5345792622,107.19941202897023,0.47376647823717594,0,35.46479872707762,66.61032546136363,70.35931386939613,84.61538461538461,0.05
118,2025-01-30T20:00:00,CO,47.508230421019626,8987.5345792622,107.19941202897023,0.47376647823717594,0,35.46479872707762,66.61032546136363,70.35931386939613,93.46153846153847,0.05
118,2025-01-30T20:00:00,CO,47.508230421019626,8987.5345792622,107.19941202897023,0.47376647823717594,0,35.46479872707762,66.61032546136363,70.35931386939613,102.30769230769232,0.05
118,2025-01-30T20:00:00,CO,47.508230421019626,8987.5345792622,107.19941202897023,0.47376647823717594,0,35.46479872707762,66.61032546136363,70.35931386939613,111.15384615384616,0.05
118,2025-01-30T20:00:00,CO,47.508230421019626,8987.5345792622,107.19941202897023,0.47376647823717594,0,35.46479872707762,66.61032546136363,70.35931386939613,120.0,0.05
119,2025-01-31T02:00:00,NOx,35.971036272582495,5853.611294561376,224.37555388304972,1.3656542424631575,0,31.67689368668153,63.590052612403305,533.8688411480916,5.0,149.6591770371298
119,2025-01-31T02:00:00,NOx,35.971036272582495,5853.611294561376,224.37555388304972,1.3656542424631575,0,31.67689368668153,63.590052612403305,533.8688411480916,13.846153846153847,9.700030127881575
119,2025-01-31T02:00:00,NOx,35.971036272582495,5853.611294561376,224.37555388304972,1.3656542424631575,0,31.67689368668153,63.590052612403305,533.8688411480916,22.692307692307693,0.6718816020644787
119,2025-01-31T02:00:00,NOx,35.971036272582495,5853.611294561376,224.37555388304972,1.3656542424631575,0,31.67689368668153,63.590052612403305,533.8688411480916,31.53846153846154,0.054378851680217284
119,2025-01-31T02:00:00,NOx,35.971036272582495,5853.611294561376,224.37555388304972,1.3656542424631575,0,31.67689368668153,63.590052612403305,533.8688411480916,40.38461538461539,0.05
119,2025-01-31T02:00:00,NOx,35.971036272582495,5853.611294561376,224.37555388304972,1.3656542424631575,0,31.67689368668153,63.590052612403305,533.8688411480916,49.23076923076923,0.05
119,2025-01-31T02:00:00,NOx,35.971036272582495,5853.611294561376,224.37555388304972,1.3656542424631575,0,31.67689368668153,63.590052612403305,533.8688411480916,58.07692307692308,0.05
119,2025-01-31T02:00:00,NOx,35.971036272582495,5853.611294561376,224.37555388304972,1.3656542424631575,0,31.67689368668153,63.590052612403305,533.8688411480916,66.92307692307693,0.05
119,2025-01-31T02:00:00,NOx,35.971036272582495,5853.611294561376,224.37555388304972,1.3656542424631575,0,31.67689368668153,63.590052612403305,533.8688411480916,75.76923076923077,0.05
119,2025-01-31T02:00:00,NOx,35.971036272582495,5853.611294561376,224.37555388304972,1.3656542424631575,0,31.67689368668153,63.590052612403305,533.8688411480916,84.61538461538461,0.05
119,2025-01-31T02:00:00,NOx,35.971036272582495,5853.611294561376,224.37555388304972,1.3656542424631575,0,31.67689368668153,63.590052612403305,533.8688411480916,93.46153846153847,0.05
119,2025-01-31T02:00:00,NOx,35.971036272582495,5853.611294561376,224.37555388304972,1.3656542424631575,0,31.67689368668153,63.590052612403305,533.8688411480916,102.30769230769232,0.05
119,2025-01-31T02:00:00,NOx,35.971036272582495,5853.611294561376,224.37555388304972,1.3656542424631575,0,31.67689368668153,63.590052612403305,533.8688411480916,111.15384615384616,0.05
119,2025-01-31T02:00:00,NOx,35.971036272582495,5853.611294561376,224.37555388304972,1.3656542424631575,0,31.67689368668153,63.590052612403305,533.8688411480916,120.0,0.05
120,2025-01-31T08:00:00,SO2,46.65038476150025,9290.005566087764,424.60883312740816,1.1421720644984792,4,32.9557944629333,52.47384218508313,354.964726042187,5.0,94.2285559482661
120,2025-01-31T08:00:00,SO2,46.65038476150025,9290.005566087764,424.60883312740816,1.1421720644984792,4,32.9557944629333,52.47384218508313,354.964726042187,13.846153846153847,7.638006128716708
120,2025-01-31T08:00:00,SO2,46.65038476150025,9290.005566087764,424.60883312740816,1.1421720644984792,4,32.9557944629333,52.47384218508313,354.964726042187,22.692307692307693,0.699025354091838
120,2025-01-31T08:00:00,SO2,46.65038476150025,9290.005566087764,424.60883312740816,1.1421720644984792,4,32.9557944629333,52.47384218508313,354.964726042187,31.53846153846154,0.06793486096793021
120,2025-01-31T08:00:00,SO2,46.65038476150025,9290.005566087764,424.60883312740816,1.1421720644984792,4,32.9557944629333,52.47384218508313,354.964726042187,40.38461538461539,0.05
120,2025-01-31T08:00:00,SO2,46.65038476150025,9290.005566087764,424.60883312740816,1.1421720644984792,4,32.9557944629333,,354.964726042187,49.23076923076923,0.05
120,2025-01-31T08:00:00,SO2,46.65038476150025,9290.005566087764,424.60883312740816,1.1421720644984792,4,32.9557944629333,52.47384218508313,354.964726042187,58.07692307692308,0.05
120,2025-01-31T08:00:00,SO2,46.65038476150025,9290.005566087764,424.60883312740816,1.1421720644984792,4,32.9557944629333,52.47384218508313,354.964726042187,66.92307692307693,0.05
120,2025-01-31T08:00:00,SO2,46.65038476150025,9290.005566087764,424.60883312740816,1.1421720644984792,4,32.9557944629333,52.47384218508313,354.964726042187,75.76923076923077,0.05
120,2025-01-31T08:00:00,SO2,46.65038476150025,9290.005566087764,424.60883312740816,1.1421720644984792,4,32.9557944629333,52.47384218508313,354.964726042187,84.61538461538461,0.05
120,2025-01-31T08:00:00,SO2,46.65038476150025,9290.005566087764,424.60883312740816,1.1421720644984792,4,32.9557944629333,52.47384218508313,354.964726042187,93.46153846153847,0.05
120,2025-01-31T08:00:00,SO2,46.65038476150025,9290.005566087764,424.60883312740816,1.1421720644984792,4,32.9557944629333,52.47384218508313,354.964726042187,102.30769230769232,0.05
120,2025-01-31T08:00:00,SO2,46.65038476150025,9290.005566087764,424.60883312740816,1.1421720644984792,4,32.9557944629333,52.47384218508313,354.964726042187,111.15384615384616,0.05
120,2025-01-31T08:00:00,SO2,46.65038476150025,9290.005566087764,424.60883312740816,1.1421720644984792,4,32.9557944629333,52.47384218508313,354.964726042187,120.0,0.05
121,2025-01-31T14:00:00,CO,69.13625449680015,811.0879319755244,97.98513146407113,0.3763146205718809,2,28.993467985254874,44.74449222407619,456.78227938638577,5.0,0.05
121,2025-01-31T14:00:00,CO,69.13625449680015,811.0879319755244,97.98513146407113,0.3763146205718809,2,28.993467985254874,44.74449222407619,456.78227938638577,13.846153846153847,0.05
121,2025-01-31T14:00:00,CO,69.13625449680015,811.0879319755244,97.98513146407113,0.3763146205718809,2,28.993467985254874,44.74449222407619,456.78227938638577,22.692307692307693,0.05
121,2025-01-31T14:00:00,CO,69.13625449680015,811.0879319755244,97.98513146407113,0.3763146205718809,2,28.993467985254874,44.74449222407619,456.78227938638577,31.53846153846154,0.05
121,2025-01-31T14:00:00,CO,69.13625449680015,811.0879319755244,97.98513146407113,0.3763146205718809,2,28.993467985254874,44.74449222407619,456.78227938638577,40.38461538461539,0.05
121,2025-01-31T14:00:00,CO,69.13625449680015,811.0879319755244,97.98513146407113,0.3763146205718809,2,28.993467985254874,44.74449222407619,456.78227938638577,49.23076923076923,0.05
121,2025-01-31T14:00:00,CO,69.13625449680015,811.0879319755244,97.98513146407113,0.3763146205718809,2,28.993467985254874,44.74449222407619,456.78227938638577,58.07692307692308,0.05
121,2025-01-31T14:00:00,CO,69.13625449680015,811.0879319755244,97.98513146407113,0.3763146205718809,2,28.993467985254874,44.74449222407619,456.78227938638577,66.92307692307693,0.05
121,2025-01-31T14:00:00,CO,69.13625449680015,811.0879319755244,97.98513146407113,0.3763146205718809,2,28.993467985254874,44.74449222407619,456.78227938638577,75.76923076923077,0.05
121,2025-01-31T14:00:00,CO,69.13625449680015,811.0879319755244,97.98513146407113,0.3763146205718809,2,,44.74449222407619,456.78227938638577,84.61538461538461,0.05
121,2025-01-31T14:00:00,CO,69.13625449680015,811.0879319755244,97.98513146407113,0.3763146205718809,2,28.993467985254874,44.74449222407619,456.78227938638577,93.46153846153847,0.05
121,2025-01-31T14:00:00,CO,69.13625449680015,811.0879319755244,97.98513146407113,0.3763146205718809,2,28.993467985254874,44.74449222407619,456.78227938638577,102.30769230769232,0.05
121,2025-01-31T14:00:00,CO,69.13625449680015,811.0879319755244,97.98513146407113,0.3763146205718809,2,28.993467985254874,44.74449222407619,456.78227938638577,111.15384615384616,0.05
121,2025-01-31T14:00:00,CO,69.13625449680015,811.0879319755244,97.98513146407113,0.3763146205718809,2,28.993467985254874,44.74449222407619,456.78227938638577,120.0,0.05
122,2025-01-31T20:00:00,CO,112.57427947578196,2471.350558530872,448.7689846520223,0.7618188324735905,3,37.358134629667205,28.456063022738487,741.3769158231448,5.0,0.05
122,2025-01-31T20:00:00,CO,112.57427947578196,2471.350558530872,448.7689846520223,0.7618188324735905,3,,28.456063022738487,741.3769158231448,13.846153846153847,0.05
122,2025-01-31T20:00:00,CO,112.57427947578196,2471.350558530872,448.7689846520223,0.7618188324735905,3,37.358134629667205,28.456063022738487,741.3769158231448,22.692307692307693,0.05
122,2025-01-31T20:00:00,CO,112.57427947578196,2471.350558530872,448.7689846520223,0.7618188324735905,3,37.358134629667205,28.456063022738487,741.3769158231448,31.53846153846154,0.05
122,2025-01-31T20:00:00,CO,112.57427947578196,2471.350558530872,448.7689846520223,0.7618188324735905,3,37.358134629667205,28.456063022738487,741.3769158231448,40.38461538461539,0.05
122,2025-01-31T20:00:00,CO,112.57427947578196,2471.350558530872,448.7689846520223,0.7618188324735905,3,37.358134629667205,28.456063022738487,741.3769158231448,49.23076923076923,0.05
122,2025-01-31T20:00:00,CO,112.57427947578196,2471.350558530872,448.7689846520223,0.7618188324735905,3,37.358134629667205,28.456063022738487,741.3769158231448,58.07692307692308,0.05
122,2025-01-31T20:00:00,CO,112.57427947578196,2471.350558530872,448.7689846520223,0.7618188324735905,3,37.358134629667205,28.456063022738487,741.3769158231448,66.92307692307693,0.05
122,2025-01-31T20:00:00,CO,112.57427947578196,2471.350558530872,448.7689846520223,0.7618188324735905,3,37.358134629667205,28.456063022738487,741.3769158231448,75.76923076923077,0.05
122,2025-01-31T20:00:00,CO,112.57427947578196,2471.350558530872,448.7689846520223,0.7618188324735905,3,37.358134629667205,28.456063022738487,741.3769158231448,84.61538461538461,0.05
122,2025-01-31T20:00:00,CO,112.57427947578196,2471.350558530872,448.7689846520223,0.7618188324735905,3,37.358134629667205,28.456063022738487,741.3769158231448,93.46153846153847,0.05
122,2025-01-31T20:00:00,CO,112.57427947578196,2471.350558530872,448.7689846520223,0.7618188324735905,3,37.358134629667205,28.456063022738487,741.3769158231448,102.30769230769232,0.05
122,2025-01-31T20:00:00,CO,112.57427947578196,2471.350558530872,448.7689846520223,0.7618188324735905,3,37.358134629667205,28.456063022738487,741.3769158231448,111.15384615384616,0.05
122,2025-01-31T20:00:00,CO,112.57427947578196,2471.350558530872,448.7689846520223,0.7618188324735905,3,37.358134629667205,28.456063022738487,741.3769158231448,120.0,0.05
123,2025-02-01T02:00:00,CO,75.69731825643277,8460.801159883827,277.0214662079095,0.7429993490784408,3,31.94564591973278,60.657665680829226,197.804250791379,5.0,12.738670867552692
123,2025-02-01T02:00:00,CO,75.69731825643277,8460.801159883827,277.0214662079095,0.7429993490784408,3,31.94564591973278,60.657665680829226,197.804250791379,13.846153846153847,0.10180808360700463
123,2025-02-01T02:00:00,CO,75.69731825643277,8460.801159883827,277.0214662079095,0.7429993490784408,3,31.94564591973278,60.657665680829226,197.804250791379,22.692307692307693,0.05
123,2025-02-01T02:00:00,CO,75.69731825643277,8460.801159883827,277.0214662079095,0.7429993490784408,3,31.94564591973278,60.657665680829226,197.804250791379,31.53846153846154,0.05
123,2025-02-01T02:00:00,CO,75.69731825643277,8460.801159883827,277.0214662079095,0.7429993490784408,3,31.94564591973278,60.657665680829226,197.804250791379,40.38461538461539,0.05
123,2025-02-01T02:00:00,CO,75.69731825643277,8460.801159883827,277.0214662079095,0.7429993490784408,3,31.94564591973278,60.657665680829226,197.804250791379,49.23076923076923,0.05
123,2025-02-01T02:00:00,CO,75.69731825643277,8460.801159883827,277.0214662079095,0.7429993490784408,3,31.94564591973278,60.657665680829226,197.804250791379,58.07692307692308,0.05
123,2025-02-01T02:00:00,CO,75.69731825643277,8460.801159883827,277.0214662079095,0.7429993490784408,3,,60.657665680829226,197.804250791379,66.92307692307693,0.05
123,2025-02-01T02:00:00,CO,75.69731825643277,8460.801159883827,277.0214662079095,0.7429993490784408,3,31.94564591973278,60.657665680829226,197.804250791379,75.76923076923077,0.05
123,2025-02-01T02:00:00,CO,75.69731825643277,8460.801159883827,277.0214662079095,0.7429993490784408,3,31.94564591973278,60.657665680829226,197.804250791379,84.61538461538461,0.05
123,2025-02-01T02:00:00,CO,75.69731825643277,8460.801159883827,277.0214662079095,0.7429993490784408,3,31.94564591973278,60.657665680829226,197.804250791379,93.46153846153847,0.05
123,2025-02-01T02:00:00,CO,75.69731825643277,8460.801159883827,277.0214662079095,0.7429993490784408,3,31.94564591973278,60.657665680829226,197.804250791379,102.30769230769232,0.05
123,2025-02-01T02:00:00,CO,75.69731825643277,8460.801159883827,277.0214662079095,0.7429993490784408,3,31.94564591973278,60.657665680829226,197.804250791379,111.15384615384616,0.05
123,2025-02-01T02:00:00,CO,75.69731825643277,8460.801159883827,277.0214662079095,0.7429993490784408,3,31.94564591973278,60.657665680829226,197.804250791379,120.0,0.05
124,2025-02-01T08:00:00,NOx,115.4308880656657,10603.298216889503,94.50270411805775,1.2985297130715419,0,36.26762213124203,56.0727145401147,295.6496269230971,5.0,14.544838957605869
124,2025-02-01T08:00:00,NOx,115.4308880656657,10603.298216889503,94.50270411805775,1.2985297130715419,0,36.26762213124203,56.0727145401147,295.6496269230971,13.846153846153847,0.06820857028640487
124,2025-02-01T08:00:00,NOx,115.4308880656657,10603.298216889503,94.50270411805775,1.2985297130715419,0,36.26762213124203,56.0727145401147,295.6496269230971,22.692307692307693,0.05
124,2025-02-01T08:00:00,NOx,115.4308880656657,10603.298216889503,94.50270411805775,1.2985297130715419,0,36.26762213124203,56.0727145401147,295.6496269230971,31.53846153846154,0.05
124,2025-02-01T08:00:00,NOx,115.4308880656657,10603.298216889503,94.50270411805775,1.2985297130715419,0,36.26762213124203,56.0727145401147,295.6496269230971,40.38461538461539,0.05
124,2025-02-01T08:00:00,NOx,115.4308880656657,10603.298216889503,94.50270411805775,1.2985297130715419,0,36.26762213124203,56.0727145401147,295.6496269230971,49.23076923076923,0.05
124,2025-02-01T08:00:00,NOx,115.4308880656657,10603.298216889503,94.50270411805775,1.2985297130715419,0,36.26762213124203,56.0727145401147,295.6496269230971,58.07692307692308,0.05
124,2025-02-01T08:00:00,NOx,115.4308880656657,10603.298216889503,94.50270411805775,1.2985297130715419,0,36.26762213124203,56.0727145401147,295.6496269230971,66.92307692307693,0.05
124,2025-02-01T08:00:00,NOx,115.4308880656657,10603.298216889503,94.50270411805775,1.2985297130715419,0,36.26762213124203,56.0727145401147,295.6496269230971,75.76923076923077,0.05
124,2025-02-01T08:00:00,NOx,115.4308880656657,10603.298216889503,94.50270411805775,1.2985297130715419,0,36.26762213124203,56.0727145401147,295.6496269230971,84.61538461538461,0.05
124,2025-02-01T08:00:00,NOx,115.4308880656657,10603.298216889503,94.50270411805775,1.2985297130715419,0,36.26762213124203,56.0727145401147,295.6496269230971,93.46153846153847,0.05
124,2025-02-01T08:00:00,NOx,115.4308880656657,10603.298216889503,94.50270411805775,1.2985297130715419,0,36.26762213124203,56.0727145401147,295.6496269230971,102.30769230769232,0.05
124,2025-02-01T08:00:00,NOx,115.4308880656657,10603.298216889503,94.50270411805775,1.2985297130715419,0,36.26762213124203,56.0727145401147,295.6496269230971,111.15384615384616,0.05
124,2025-02-01T08:00:00,NOx,115.4308880656657,10603.298216889503,94.50270411805775,1.2985297130715419,0,36.26762213124203,56.0727145401147,295.6496269230971,120.0,0.05
125,2025-02-01T14:00:00,SO2,66.61826754104547,9978.713285104634,304.6402808608466,1.2085012706504366,0,32.32261881985676,77.50599382368836,506.3401306356623,5.0,119.61641225140154
125,2025-02-01T14:00:00,SO2,66.61826754104547,9978.713285104634,304.6402808608466,1.2085012706504366,0,32.32261881985676,77.50599382368836,506.3401306356623,13.846153846153847,7.143049676509912
125,2025-02-01T14:00:00,SO2,66.61826754104547,9978.713285104634,304.6402808608466,1.2085012706504366,0,32.32261881985676,77.50599382368836,506.3401306356623,22.692307692307693,0.4445814362419961
125,2025-02-01T14:00:00,SO2,66.61826754104547,9978.713285104634,304.6402808608466,1.2085012706504366,0,32.32261881985676,77.50599382368836,506.3401306356623,31.53846153846154,0.05
125,2025-02-01T14:00:00,SO2,66.61826754104547,9978.713285104634,304.6402808608466,1.2085012706504366,0,32.32261881985676,77.50599382368836,506.3401306356623,40.38461538461539,0.05
125,2025-02-01T14:00:00,SO2,66.61826754104547,9978.713285104634,304.6402808608466,1.2085012706504366,0,32.32261881985676,77.50599382368836,506.3401306356623,49.23076923076923,0.05
125,2025-02-01T14:00:00,SO2,66.61826754104547,9978.713285104634,304.6402808608466,1.2085012706504366,0,32.32261881985676,77.50599382368836,506.3401306356623,58.07692307692308,0.05
125,2025-02-01T14:00:00,SO2,66.61826754104547,9978.713285104634,304.6402808608466,1.2085012706504366,0,32.32261881985676,77.50599382368836,506.3401306356623,66.92307692307693,0.05
125,2025-02-01T14:00:00,SO2,66.61826754104547,9978.713285104634,304.6402808608466,1.2085012706504366,0,32.32261881985676,77.50599382368836,506.3401306356623,75.76923076923077,0.05
125,2025-02-01T14:00:00,SO2,66.61826754104547,9978.713285104634,304.6402808608466,1.2085012706504366,0,32.32261881985676,77.50599382368836,506.3401306356623,84.61538461538461,0.05
125,2025-02-01T14:00:00,SO2,66.61826754104547,9978.713285104634,304.6402808608466,1.2085012706504366,0,32.32261881985676,77.50599382368836,506.3401306356623,93.46153846153847,0.05
125,2025-02-01T14:00:00,SO2,66.61826754104547,9978.713285104634,304.6402808608466,1.2085012706504366,0,32.32261881985676,77.50599382368836,506.3401306356623,102.30769230769232,0.05
125,2025-02-01T14:00:00,SO2,66.61826754104547,9978.713285104634,304.6402808608466,1.2085012706504366,0,32.32261881985676,77.50599382368836,506.3401306356623,111.15384615384616,0.05
125,2025-02-01T14:00:00,SO2,66.61826754104547,9978.713285104634,304.6402808608466,1.2085012706504366,0,32.32261881985676,77.50599382368836,506.3401306356623,120.0,0.05
126,2025-02-01T20:00:00,NOx,34.689409372941626,11767.524283372095,71.19352737819162,1.369448540624211,3,22.89709494387432,69.74050003961798,104.20548071457469,5.0,38.170469777054
126,2025-02-01T20:00:00,NOx,34.689409372941626,11767.524283372095,71.19352737819162,1.369448540624211,3,22.89709494387432,69.74050003961798,104.20548071457469,13.846153846153847,8.6729101379841
126,2025-02-01T20:00:00,NOx,34.689409372941626,11767.524283372095,71.19352737819162,1.369448540624211,3,22.89709494387432,69.74050003961798,104.20548071457469,22.692307692307693,1.593427520707181
126,2025-02-01T20:00:00,NOx,34.689409372941626,11767.524283372095,71.19352737819162,1.369448540624211,3,22.89709494387432,69.74050003961798,104.20548071457469,31.53846153846154,0.2736698697615098
126,2025-02-01T20:00:00,NOx,34.689409372941626,11767.524283372095,71.19352737819162,1.369448540624211,3,22.89709494387432,69.74050003961798,104.20548071457469,40.38461538461539,0.05034777523540925
126,2025-02-01T20:00:00,NOx,34.689409372941626,11767.524283372095,71.19352737819162,1.369448540624211,3,22.89709494387432,69.74050003961798,104.20548071457469,49.23076923076923,0.05
126,2025-02-01T20:00:00,NOx,34.689409372941626,11767.524283372095,71.19352737819162,1.369448540624211,3,22.89709494387432,69.74050003961798,104.20548071457469,58.07692307692308,0.05
126,2025-02-01T20:00:00,NOx,34.689409372941626,11767.524283372095,71.19352737819162,1.369448540624211,3,22.89709494387432,69.74050003961798,104.20548071457469,66.92307692307693,0.05
126,2025-02-01T20:00:00,NOx,34.689409372941626,11767.524283372095,71.19352737819162,1.369448540624211,3,22.89709494387432,69.74050003961798,104.20548071457469,75.76923076923077,0.05
126,2025-02-01T20:00:00,NOx,34.689409372941626,11767.524283372095,71.19352737819162,1.369448540624211,3,22.89709494387432,69.74050003961798,104.20548071457469,84.61538461538461,0.05
126,2025-02-01T20:00:00,NOx,34.689409372941626,11767.524283372095,71.19352737819162,1.369448540624211,3,22.89709494387432,69.74050003961798,104.20548071457469,93.46153846153847,0.05
126,2025-02-01T20:00:00,NOx,34.689409372941626,11767.524283372095,71.19352737819162,1.369448540624211,3,22.89709494387432,69.74050003961798,104.20548071457469,102.30769230769232,
126,2025-02-01T20:00:00,NOx,34.689409372941626,11767.524283372095,71.19352737819162,1.369448540624211,3,22.89709494387432,69.74050003961798,104.20548071457469,111.15384615384616,0.05
126,2025-02-01T20:00:00,NOx,34.689409372941626,11767.524283372095,71.19352737819162,1.369448540624211,3,22.89709494387432,69.74050003961798,104.20548071457469,120.0,0.05
127,2025-02-02T02:00:00,NOx,63.218198793941745,7192.182788546758,161.94505299290378,0.4407405105675858,2,23.33867297875457,76.58081807451921,497.83689123659195,5.0,51.752944793830004
127,2025-02-02T02:00:00,NOx,63.218198793941745,7192.182788546758,161.94505299290378,0.4407405105675858,2,23.33867297875457,76.58081807451921,497.83689123659195,13.846153846153847,0.830247475087511
127,2025-02-02T02:00:00,NOx,63.218198793941745,7192.182788546758,161.94505299290378,0.4407405105675858,2,23.33867297875457,76.58081807451921,497.83689123659195,22.692307692307693,0.05
127,2025-02-02T02:00:00,NOx,63.218198793941745,7192.182788546758,161.94505299290378,0.4407405105675858,2,23.33867297875457,76.58081807451921,497.83689123659195,31.53846153846154,0.05
127,2025-02-02T02:00:00,NOx,63.218198793941745,7192.182788546758,161.94505299290378,0.4407405105675858,2,23.33867297875457,76.58081807451921,497.83689123659195,40.38461538461539,0.05
127,2025-02-02T02:00:00,NOx,63.218198793941745,7192.182788546758,161.94505299290378,0.4407405105675858,2,23.33867297875457,76.58081807451921,497.83689123659195,49.23076923076923,0.05
127,2025-02-02T02:00:00,NOx,63.218198793941745,7192.182788546758,161.94505299290378,0.4407405105675858,2,23.33867297875457,76.58081807451921,497.83689123659195,58.07692307692308,0.05
127,2025-02-02T02:00:00,NOx,63.218198793941745,7192.182788546758,161.94505299290378,0.4407405105675858,2,23.33867297875457,76.58081807451921,497.83689123659195,66.92307692307693,0.05
127,2025-02-02T02:00:00,NOx,63.218198793941745,7192.182788546758,161.94505299290378,0.4407405105675858,2,23.33867297875457,76.58081807451921,497.83689123659195,75.76923076923077,0.05
127,2025-02-02T02:00:00,NOx,63.218198793941745,7192.182788546758,161.94505299290378,0.4407405105675858,2,23.33867297875457,76.58081807451921,497.83689123659195,84.61538461538461,0.05
127,2025-02-02T02:00:00,NOx,63.218198793941745,7192.182788546758,161.94505299290378,0.4407405105675858,2,23.33867297875457,76.58081807451921,497.83689123659195,93.46153846153847,0.05
127,2025-02-02T02:00:00,NOx,63.218198793941745,7192.182788546758,161.94505299290378,0.4407405105675858,2,23.33867297875457,76.58081807451921,497.83689123659195,102.30769230769232,0.05
127,2025-02-02T02:00:00,NOx,63.218198793941745,7192.182788546758,161.94505299290378,0.4407405105675858,2,23.33867297875457,76.58081807451921,497.83689123659195,111.15384615384616,0.05
127,2025-02-02T02:00:00,NOx,63.218198793941745,7192.182788546758,161.94505299290378,0.4407405105675858,2,23.33867297875457,76.58081807451921,497.83689123659195,120.0,0.05
128,2025-02-02T08:00:00,NOx,117.34366697323193,5962.985236656471,299.86087291318404,1.4901972303327486,3,35.73115827332556,30.85268240637896,532.8206096466113,5.0,1.2803680627170084
128,2025-02-02T08:00:00,NOx,117.34366697323193,5962.985236656471,299.86087291318404,1.4901972303327486,3,35.73115827332556,30.85268240637896,532.8206096466113,13.846153846153847,0.05
128,2025-02-02T08:00:00,NOx,117.34366697323193,5962.985236656471,299.86087291318404,1.4901972303327486,3,35.73115827332556,30.85268240637896,532.8206096466113,22.692307692307693,0.05
128,2025-02-02T08:00:00,NOx,117.34366697323193,5962.985236656471,299.86087291318404,1.4901972303327486,3,35.73115827332556,30.85268240637896,532.8206096466113,31.53846153846154,0.05
128,2025-02-02T08:00:00,NOx,117.34366697323193,5962.985236656471,299.86087291318404,1.4901972303327486,3,35.73115827332556,30.85268240637896,532.8206096466113,40.38461538461539,0.05
128,2025-02-02T08:00:00,NOx,117.34366697323193,5962.985236656471,299.86087291318404,1.4901972303327486,3,35.73115827332556,30.85268240637896,532.8206096466113,49.23076923076923,0.05
128,2025-02-02T08:00:00,NOx,117.34366697323193,5962.985236656471,299.86087291318404,1.4901972303327486,3,35.73115827332556,30.85268240637896,532.8206096466113,58.07692307692308,0.05
128,2025-02-02T08:00:00,NOx,117.34366697323193,5962.985236656471,299.86087291318404,1.4901972303327486,3,35.73115827332556,30.85268240637896,532.8206096466113,66.92307692307693,0.05
128,2025-02-02T08:00:00,NOx,117.34366697323193,5962.985236656471,299.86087291318404,1.4901972303327486,3,35.73115827332556,30.85268240637896,532.8206096466113,75.76923076923077,0.05
128,2025-02-02T08:00:00,NOx,117.34366697323193,5962.985236656471,299.86087291318404,1.4901972303327486,3,35.73115827332556,30.85268240637896,532.8206096466113,84.61538461538461,0.05
128,2025-02-02T08:00:00,NOx,117.34366697323193,5962.985236656471,299.86087291318404,1.4901972303327486,3,35.73115827332556,30.85268240637896,532.8206096466113,93.46153846153847,0.05
128,2025-02-02T08:00:00,NOx,117.34366697323193,5962.985236656471,299.86087291318404,1.4901972303327486,3,35.73115827332556,30.85268240637896,532.8206096466113,102.30769230769232,0.05
128,2025-02-02T08:00:00,NOx,117.34366697323193,5962.985236656471,299.86087291318404,1.4901972303327486,3,35.73115827332556,30.85268240637896,532.8206096466113,111.15384615384616,0.05
128,2025-02-02T08:00:00,NOx,117.34366697323193,5962.985236656471,299.86087291318404,1.4901972303327486,3,35.73115827332556,30.85268240637896,532.8206096466113,120.0,0.05
129,2025-02-02T14:00:00,CO,13.755767868413592,11596.953466429726,372.62071687007375,1.2268051280239345,1,35.38183741037058,79.40843521633302,296.4921768521734,5.0,252.7861485678725
129,2025-02-02T14:00:00,CO,13.755767868413592,11596.953466429726,372.62071687007375,1.2268051280239345,1,35.38183741037058,79.40843521633302,296.4921768521734,13.846153846153847,158.10119583379756
129,2025-02-02T14:00:00,CO,13.755767868413592,11596.953466429726,372.62071687007375,1.2268051280239345,1,35.38183741037058,79.40843521633302,296.4921768521734,22.692307692307693,113.49282698076271
129,2025-02-02T14:00:00,CO,13.755767868413592,11596.953466429726,372.62071687007375,,1,35.38183741037058,79.40843521633302,296.4921768521734,31.53846153846154,83.88637329406413
129,2025-02-02T14:00:00,CO,13.755767868413592,11596.953466429726,372.62071687007375,1.2268051280239345,1,35.38183741037058,79.40843521633302,296.4921768521734,40.38461538461539,48.63522434725994
129,2025-02-02T14:00:00,CO,13.755767868413592,11596.953466429726,372.62071687007375,1.2268051280239345,1,35.38183741037058,79.40843521633302,296.4921768521734,49.23076923076923,32.7499911684078
129,2025-02-02T14:00:00,CO,13.755767868413592,11596.953466429726,372.62071687007375,1.2268051280239345,1,35.38183741037058,79.40843521633302,296.4921768521734,58.07692307692308,22.881240005467216
129,2025-02-02T14:00:00,CO,13.755767868413592,11596.953466429726,372.62071687007375,1.2268051280239345,1,35.38183741037058,79.40843521633302,296.4921768521734,66.92307692307693,16.272810617213608
129,2025-02-02T14:00:00,CO,13.755767868413592,11596.953466429726,372.62071687007375,1.2268051280239345,1,35.38183741037058,79.40843521633302,296.4921768521734,75.76923076923077,10.035016724970726
129,2025-02-02T14:00:00,CO,13.755767868413592,11596.953466429726,372.62071687007375,1.2268051280239345,1,35.38183741037058,79.40843521633302,296.4921768521734,84.61538461538461,6.7585486958964145
129,2025-02-02T14:00:00,CO,13.755767868413592,11596.953466429726,372.62071687007375,1.2268051280239345,1,35.38183741037058,79.40843521633302,296.4921768521734,93.46153846153847,5.051211003671621
129,2025-02-02T14:00:00,CO,13.755767868413592,11596.953466429726,372.62071687007375,1.2268051280239345,1,35.38183741037058,79.40843521633302,296.4921768521734,102.30769230769232,3.2848384324321325
129,2025-02-02T14:00:00,CO,13.755767868413592,11596.953466429726,372.62071687007375,1.2268051280239345,1,35.38183741037058,79.40843521633302,296.4921768521734,111.15384615384616,1.90539961664588
129,2025-02-02T14:00:00,CO,13.755767868413592,11596.953466429726,372.62071687007375,1.2268051280239345,1,35.38183741037058,79.40843521633302,296.4921768521734,120.0,1.3606179288263005
130,2025-02-02T20:00:00,NOx,17.127137722774194,1735.8947600629563,193.91597954438413,0.5978775732185464,0,37.06407549017297,36.72517530463735,769.1282469595756,5.0,78.5947995762265
130,2025-02-02T20:00:00,NOx,17.127137722774194,1735.8947600629563,193.91597954438413,0.5978775732185464,0,37.06407549017297,36.72517530463735,769.1282469595756,13.846153846153847,1.485444194005221
130,2025-02-02T20:00:00,NOx,17.127137722774194,1735.8947600629563,193.91597954438413,0.5978775732185464,0,37.06407549017297,36.72517530463735,769.1282469595756,22.692307692307693,0.05
130,2025-02-02T20:00:00,NOx,17.127137722774194,1735.8947600629563,193.91597954438413,0.5978775732185464,0,37.06407549017297,36.72517530463735,769.1282469595756,31.53846153846154,0.05
130,2025-02-02T20:00:00,NOx,17.127137722774194,1735.8947600629563,193.91597954438413,0.5978775732185464,0,37.06407549017297,36.72517530463735,769.1282469595756,40.38461538461539,0.05
130,2025-02-02T20:00:00,NOx,17.127137722774194,1735.8947600629563,193.91597954438413,0.5978775732185464,0,37.06407549017297,36.72517530463735,769.1282469595756,49.23076923076923,0.05
130,2025-02-02T20:00:00,NOx,17.127137722774194,1735.8947600629563,193.91597954438413,0.5978775732185464,0,,36.72517530463735,769.1282469595756,58.07692307692308,0.05
130,2025-02-02T20:00:00,NOx,17.127137722774194,1735.8947600629563,193.91597954438413,0.5978775732185464,0,37.06407549017297,36.72517530463735,769.1282469595756,66.92307692307693,0.05
130,2025-02-02T20:00:00,NOx,17.127137722774194,1735.8947600629563,193.91597954438413,0.5978775732185464,0,37.06407549017297,36.72517530463735,769.1282469595756,75.76923076923077,0.05
130,2025-02-02T20:00:00,NOx,17.127137722774194,1735.8947600629563,193.91597954438413,0.5978775732185464,0,37.06407549017297,36.72517530463735,769.1282469595756,84.61538461538461,0.05
130,2025-02-02T20:00:00,NOx,17.127137722774194,1735.8947600629563,193.91597954438413,0.5978775732185464,0,37.06407549017297,36.72517530463735,769.1282469595756,93.46153846153847,0.05
130,2025-02-02T20:00:00,NOx,17.127137722774194,1735.8947600629563,193.91597954438413,0.5978775732185464,0,37.06407549017297,36.72517530463735,769.1282469595756,102.30769230769232,0.05
130,2025-02-02T20:00:00,NOx,17.127137722774194,1735.8947600629563,193.91597954438413,0.5978775732185464,0,37.06407549017297,36.72517530463735,769.1282469595756,111.15384615384616,0.05
130,2025-02-02T20:00:00,NOx,17.127137722774194,1735.8947600629563,193.91597954438413,0.5978775732185464,0,37.06407549017297,36.72517530463735,769.1282469595756,120.0,0.05
131,2025-02-03T02:00:00,CO,41.46628548105739,2616.415271370387,169.59839671518915,0.697188931420293,0,27.083580234045385,,186.6857274806624,5.0,6.253643568249888
131,2025-02-03T02:00:00,CO,41.46628548105739,2616.415271370387,169.59839671518915,0.697188931420293,0,27.083580234045385,36.42517027998097,186.6857274806624,13.846153846153847,0.05
131,2025-02-03T02:00:00,CO,41.46628548105739,2616.415271370387,169.59839671518915,0.697188931420293,0,27.083580234045385,36.42517027998097,186.6857274806624,22.692307692307693,0.05
131,2025-02-03T02:00:00,CO,41.46628548105739,2616.415271370387,169.59839671518915,0.697188931420293,0,27.083580234045385,36.42517027998097,186.6857274806624,31.53846153846154,0.05
131,2025-02-03T02:00:00,CO,41.46628548105739,2616.415271370387,169.59839671518915,0.697188931420293,0,27.083580234045385,36.42517027998097,186.6857274806624,40.38461538461539,0.05
131,2025-02-03T02:00:00,CO,41.46628548105739,2616.415271370387,169.59839671518915,0.697188931420293,0,27.083580234045385,36.42517027998097,186.6857274806624,49.23076923076923,0.05
131,2025-02-03T02:00:00,CO,41.46628548105739,2616.415271370387,169.59839671518915,0.697188931420293,0,27.083580234045385,36.42517027998097,186.6857274806624,58.07692307692308,0.05
131,2025-02-03T02:00:00,CO,41.46628548105739,2616.415271370387,169.59839671518915,0.697188931420293,0,27.083580234045385,36.42517027998097,186.6857274806624,66.92307692307693,0.05
131,2025-02-03T02:00:00,CO,41.46628548105739,2616.415271370387,169.59839671518915,0.697188931420293,0,27.083580234045385,36.42517027998097,186.6857274806624,75.76923076923077,0.05
131,2025-02-03T02:00:00,CO,41.46628548105739,2616.415271370387,169.59839671518915,0.697188931420293,0,27.083580234045385,36.42517027998097,186.6857274806624,84.61538461538461,0.05
131,2025-02-03T02:00:00,CO,41.46628548105739,2616.415271370387,169.59839671518915,0.697188931420293,0,27.083580234045385,36.42517027998097,186.6857274806624,93.46153846153847,0.05
131,2025-02-03T02:00:00,CO,41.46628548105739,2616.415271370387,169.59839671518915,0.697188931420293,0,27.083580234045385,36.42517027998097,186.6857274806624,102.30769230769232,0.05
131,2025-02-03T02:00:00,CO,41.46628548105739,2616.415271370387,169.59839671518915,0.697188931420293,0,27.083580234045385,36.42517027998097,186.6857274806624,111.15384615384616,0.05
131,2025-02-03T02:00:00,CO,41.46628548105739,2616.415271370387,169.59839671518915,0.697188931420293,0,27.083580234045385,36.42517027998097,186.6857274806624,120.0,0.05
132,2025-02-03T08:00:00,CO,119.56970155107292,1513.0322003712727,377.34336613535976,1.1133174879122123,0,32.23434239843593,76.50606910439095,179.68197309064232,5.0,0.05
132,2025-02-03T08:00:00,CO,119.56970155107292,1513.0322003712727,377.34336613535976,1.1133174879122123,0,32.23434239843593,76.50606910439095,179.68197309064232,13.846153846153847,0.05
132,2025-02-03T08:00:00,CO,119.56970155107292,1513.0322003712727,377.34336613535976,1.1133174879122123,0,32.23434239843593,76.50606910439095,179.68197309064232,22.692307692307693,0.05
132,2025-02-03T08:00:00,CO,119.56970155107292,1513.0322003712727,377.34336613535976,1.1133174879122123,0,32.23434239843593,76.50606910439095,179.68197309064232,31.53846153846154,0.05
132,2025-02-03T08:00:00,CO,119.56970155107292,1513.0322003712727,377.34336613535976,1.1133174879122123,0,32.23434239843593,76.50606910439095,179.68197309064232,40.38461538461539,0.05
132,2025-02-03T08:00:00,CO,119.56970155107292,1513.0322003712727,377.34336613535976,1.1133174879122123,0,32.23434239843593,76.50606910439095,179.68197309064232,49.23076923076923,0.05
132,2025-02-03T08:00:00,CO,119.56970155107292,1513.0322003712727,377.34336613535976,1.1133174879122123,0,32.23434239843593,76.50606910439095,179.68197309064232,58.07692307692308,0.05
132,2025-02-03T08:00:00,CO,119.56970155107292,1513.0322003712727,377.34336613535976,1.1133174879122123,0,32.23434239843593,76.50606910439095,179.68197309064232,66.92307692307693,0.05
132,2025-02-03T08:00:00,CO,119.56970155107292,1513.0322003712727,377.34336613535976,1.1133174879122123,0,32.23434239843593,76.50606910439095,179.68197309064232,75.76923076923077,0.05
132,2025-02-03T08:00:00,CO,119.56970155107292,1513.0322003712727,377.34336613535976,1.1133174879122123,0,32.23434239843593,76.50606910439095,179.68197309064232,84.61538461538461,0.05
132,2025-02-03T08:00:00,CO,119.56970155107292,1513.0322003712727,377.34336613535976,1.1133174879122123,0,32.23434239843593,76.50606910439095,179.68197309064232,93.46153846153847,0.05
132,2025-02-03T08:00:00,CO,119.56970155107292,1513.0322003712727,377.34336613535976,1.1133174879122123,0,32.23434239843593,76.50606910439095,179.68197309064232,102.30769230769232,0.05
132,2025-02-03T08:00:00,CO,119.56970155107292,1513.0322003712727,377.34336613535976,1.1133174879122123,0,32.23434239843593,76.50606910439095,179.68197309064232,111.15384615384616,0.05
132,2025-02-03T08:00:00,CO,119.56970155107292,1513.0322003712727,377.34336613535976,1.1133174879122123,0,32.23434239843593,76.50606910439095,179.68197309064232,120.0,0.05
133,2025-02-03T14:00:00,NOx,22.388628001563276,2911.87288070705,62.18823780937023,1.0655811770430461,3,37.731821516981825,65.31907225947648,580.1787666166665,5.0,42.31812084462551
133,2025-02-03T14:00:00,NOx,22.388628001563276,2911.87288070705,62.18823780937023,1.0655811770430461,3,37.731821516981825,65.31907225947648,580.1787666166665,13.846153846153847,0.4991946658834063
133,2025-02-03T14:00:00,NOx,22.388628001563276,2911.87288070705,62.18823780937023,1.0655811770430461,3,37.731821516981825,65.31907225947648,580.1787666166665,22.692307692307693,0.05
133,2025-02-03T14:00:00,NOx,22.388628001563276,2911.87288070705,62.18823780937023,1.0655811770430461,3,37.731821516981825,65.31907225947648,580.1787666166665,31.53846153846154,0.05
133,2025-02-03T14:00:00,NOx,22.388628001563276,2911.87288070705,62.18823780937023,1.0655811770430461,3,37.731821516981825,65.31907225947648,580.1787666166665,40.38461538461539,0.05
133,2025-02-03T14:00:00,NOx,22.388628001563276,2911.87288070705,62.18823780937023,1.0655811770430461,3,37.731821516981825,65.31907225947648,580.1787666166665,49.23076923076923,0.05
133,2025-02-03T14:00:00,NOx,22.388628001563276,2911.87288070705,62.18823780937023,1.0655811770430461,3,37.731821516981825,65.31907225947648,580.1787666166665,58.07692307692308,0.05
133,2025-02-03T14:00:00,NOx,22.388628001563276,2911.87288070705,62.18823780937023,1.0655811770430461,3,37.731821516981825,65.31907225947648,580.1787666166665,66.92307692307693,0.05
133,2025-02-03T14:00:00,NOx,22.388628001563276,2911.87288070705,62.18823780937023,1.0655811770430461,3,37.731821516981825,65.31907225947648,580.1787666166665,75.76923076923077,0.05
133,2025-02-03T14:00:00,NOx,22.388628001563276,2911.87288070705,62.18823780937023,1.0655811770430461,3,37.731821516981825,65.31907225947648,580.1787666166665,84.61538461538461,0.05
133,2025-02-03T14:00:00,NOx,22.388628001563276,2911.87288070705,62.18823780937023,1.0655811770430461,3,37.731821516981825,65.31907225947648,580.1787666166665,93.46153846153847,0.05
133,2025-02-03T14:00:00,NOx,22.388628001563276,2911.87288070705,62.18823780937023,1.0655811770430461,3,37.731821516981825,65.31907225947648,580.1787666166665,102.30769230769232,0.05
133,2025-02-03T14:00:00,NOx,22.388628001563276,2911.87288070705,62.18823780937023,1.0655811770430461,3,37.731821516981825,65.31907225947648,580.1787666166665,111.15384615384616,0.05
133,2025-02-03T14:00:00,NOx,22.388628001563276,2911.87288070705,62.18823780937023,1.0655811770430461,3,37.731821516981825,65.31907225947648,580.1787666166665,120.0,0.05
134,2025-02-03T20:00:00,CO,43.13840532353062,2984.330037622066,41.27942630909973,0.9971323493474279,2,30.95754961770141,48.28321283813486,461.80778691432806,5.0,4.906836693832568
134,2025-02-03T20:00:00,CO,43.13840532353062,2984.330037622066,41.27942630909973,0.9971323493474279,2,30.95754961770141,48.28321283813486,461.80778691432806,13.846153846153847,0.05
134,2025-02-03T20:00:00,CO,43.13840532353062,2984.330037622066,41.27942630909973,,2,30.95754961770141,48.28321283813486,461.80778691432806,22.692307692307693,0.05
134,2025-02-03T20:00:00,CO,43.13840532353062,2984.330037622066,41.27942630909973,0.9971323493474279,2,30.95754961770141,48.28321283813486,461.80778691432806,31.53846153846154,0.05
134,2025-02-03T20:00:00,CO,43.13840532353062,2984.330037622066,41.27942630909973,0.9971323493474279,2,30.95754961770141,48.28321283813486,461.80778691432806,40.38461538461539,0.05
134,2025-02-03T20:00:00,CO,43.13840532353062,2984.330037622066,41.27942630909973,0.9971323493474279,2,30.95754961770141,48.28321283813486,461.80778691432806,49.23076923076923,0.05
134,2025-02-03T20:00:00,CO,43.13840532353062,2984.330037622066,41.27942630909973,0.9971323493474279,2,30.95754961770141,48.28321283813486,461.80778691432806,58.07692307692308,0.05
134,2025-02-03T20:00:00,CO,43.13840532353062,2984.330037622066,41.27942630909973,0.9971323493474279,2,30.95754961770141,48.28321283813486,461.80778691432806,66.92307692307693,0.05
134,2025-02-03T20:00:00,CO,43.13840532353062,2984.330037622066,41.27942630909973,0.9971323493474279,2,30.95754961770141,48.28321283813486,461.80778691432806,75.76923076923077,0.05
134,2025-02-03T20:00:00,CO,43.13840532353062,2984.330037622066,41.27942630909973,0.9971323493474279,2,30.95754961770141,48.28321283813486,461.80778691432806,84.61538461538461,0.05
134,2025-02-03T20:00:00,CO,43.13840532353062,2984.330037622066,41.27942630909973,0.9971323493474279,2,30.95754961770141,48.28321283813486,461.80778691432806,93.46153846153847,0.05
134,2025-02-03T20:00:00,CO,43.13840532353062,2984.330037622066,41.27942630909973,0.9971323493474279,2,30.95754961770141,48.28321283813486,461.80778691432806,102.30769230769232,0.05
134,2025-02-03T20:00:00,CO,43.13840532353062,2984.330037622066,41.27942630909973,0.9971323493474279,2,30.95754961770141,48.28321283813486,461.80778691432806,111.15384615384616,0.05
134,2025-02-03T20:00:00,CO,43.13840532353062,2984.330037622066,41.27942630909973,0.9971323493474279,2,30.95754961770141,48.28321283813486,461.80778691432806,120.0,0.05
135,2025-02-04T02:00:00,NOx,75.74303362921947,2440.0851550381713,344.1186729022336,0.7289825908357586,3,18.259866973435926,41.835317231964964,291.2564211471432,5.0,0.07030557048928007
135,2025-02-04T02:00:00,NOx,75.74303362921947,2440.0851550381713,344.1186729022336,0.7289825908357586,3,18.259866973435926,41.835317231964964,291.2564211471432,13.846153846153847,0.05
135,2025-02-04T02:00:00,NOx,75.74303362921947,2440.0851550381713,344.1186729022336,0.7289825908357586,3,18.259866973435926,41.835317231964964,291.2564211471432,22.692307692307693,0.05
135,2025-02-04T02:00:00,NOx,75.74303362921947,2440.0851550381713,344.1186729022336,0.7289825908357586,3,18.259866973435926,41.835317231964964,291.2564211471432,31.53846153846154,
135,2025-02-04T02:00:00,NOx,75.74303362921947,2440.0851550381713,344.1186729022336,0.7289825908357586,3,18.259866973435926,41.835317231964964,291.2564211471432,40.38461538461539,0.05
135,2025-02-04T02:00:00,NOx,75.74303362921947,2440.0851550381713,344.1186729022336,0.7289825908357586,3,18.259866973435926,41.835317231964964,291.2564211471432,49.23076923076923,0.05
135,2025-02-04T02:00:00,NOx,75.74303362921947,2440.0851550381713,344.1186729022336,0.7289825908357586,3,18.259866973435926,41.835317231964964,291.2564211471432,58.07692307692308,0.05
135,2025-02-04T02:00:00,NOx,75.74303362921947,2440.0851550381713,344.1186729022336,0.7289825908357586,3,18.259866973435926,41.835317231964964,291.2564211471432,66.92307692307693,0.05
135,2025-02-04T02:00:00,NOx,75.74303362921947,2440.0851550381713,344.1186729022336,0.7289825908357586,3,18.259866973435926,41.835317231964964,291.2564211471432,75.76923076923077,0.05
135,2025-02-04T02:00:00,NOx,75.74303362921947,2440.0851550381713,344.1186729022336,0.7289825908357586,3,18.259866973435926,41.835317231964964,291.2564211471432,84.61538461538461,0.05
135,2025-02-04T02:00:00,NOx,75.74303362921947,2440.0851550381713,344.1186729022336,0.7289825908357586,3,18.259866973435926,41.835317231964964,291.2564211471432,93.46153846153847,0.05
135,2025-02-04T02:00:00,NOx,75.74303362921947,2440.0851550381713,344.1186729022336,0.7289825908357586,3,18.259866973435926,41.835317231964964,291.2564211471432,102.30769230769232,0.05
135,2025-02-04T02:00:00,NOx,75.74303362921947,2440.0851550381713,344.1186729022336,0.7289825908357586,3,18.259866973435926,41.835317231964964,291.2564211471432,111.15384615384616,0.05
135,2025-02-04T02:00:00,NOx,75.74303362921947,2440.0851550381713,344.1186729022336,0.7289825908357586,3,18.259866973435926,41.835317231964964,291.2564211471432,120.0,0.05
136,2025-02-04T08:00:00,CO,115.04369413956083,3990.4845329715686,179.18581591032324,0.6848088184996488,3,29.259318226697772,80.1495939359987,267.9429284292006,5.0,0.17811104785923415
136,2025-02-04T08:00:00,CO,115.04369413956083,3990.4845329715686,179.18581591032324,0.6848088184996488,3,29.259318226697772,80.1495939359987,267.9429284292006,13.846153846153847,0.05
136,2025-02-04T08:00:00,CO,115.04369413956083,3990.4845329715686,179.18581591032324,0.6848088184996488,3,29.259318226697772,80.1495939359987,267.9429284292006,22.692307692307693,0.05
136,2025-02-04T08:00:00,CO,115.04369413956083,3990.4845329715686,179.18581591032324,0.6848088184996488,3,29.259318226697772,80.1495939359987,267.9429284292006,31.53846153846154,0.05
136,2025-02-04T08:00:00,CO,115.04369413956083,3990.4845329715686,179.18581591032324,0.6848088184996488,3,29.259318226697772,80.1495939359987,267.9429284292006,40.38461538461539,0.05
136,2025-02-04T08:00:00,CO,115.04369413956083,3990.4845329715686,179.18581591032324,0.6848088184996488,3,29.259318226697772,80.1495939359987,267.9429284292006,49.23076923076923,0.05
136,2025-02-04T08:00:00,CO,115.04369413956083,3990.4845329715686,179.18581591032324,0.6848088184996488,3,29.259318226697772,80.1495939359987,267.9429284292006,58.07692307692308,0.05
136,2025-02-04T08:00:00,CO,115.04369413956083,3990.4845329715686,179.18581591032324,0.6848088184996488,3,,80.1495939359987,267.9429284292006,66.92307692307693,0.05
136,2025-02-04T08:00:00,CO,115.04369413956083,3990.4845329715686,179.18581591032324,0.6848088184996488,3,29.259318226697772,80.1495939359987,267.9429284292006,75.76923076923077,0.05
136,2025-02-04T08:00:00,CO,115.04369413956083,3990.4845329715686,179.18581591032324,0.6848088184996488,3,29.259318226697772,80.1495939359987,267.9429284292006,84.61538461538461,0.05
136,2025-02-04T08:00:00,CO,115.04369413956083,3990.4845329715686,179.18581591032324,0.6848088184996488,3,29.259318226697772,80.1495939359987,267.9429284292006,93.46153846153847,0.05
136,2025-02-04T08:00:00,CO,115.04369413956083,3990.4845329715686,179.18581591032324,0.6848088184996488,3,29.259318226697772,80.1495939359987,267.9429284292006,102.30769230769232,0.05
136,2025-02-04T08:00:00,CO,115.04369413956083,3990.4845329715686,179.18581591032324,0.6848088184996488,3,29.259318226697772,80.1495939359987,267.9429284292006,111.15384615384616,0.05
136,2025-02-04T08:00:00,CO,115.04369413956083,3990.4845329715686,179.18581591032324,0.6848088184996488,3,29.259318226697772,80.1495939359987,267.9429284292006,120.0,0.05
137,2025-02-04T14:00:00,CO,20.56622511159641,8596.503205265744,60.14637908552287,0.8940618694339583,4,24.773912668415008,38.68476447738499,183.4719623763857,5.0,76.44239159560591
137,2025-02-04T14:00:00,CO,20.56622511159641,8596.503205265744,60.14637908552287,0.8940618694339583,4,24.773912668415008,38.68476447738499,183.4719623763857,13.846153846153847,19.76701363210808
137,2025-02-04T14:00:00,CO,20.56622511159641,8596.503205265744,60.14637908552287,0.8940618694339583,4,24.773912668415008,38.68476447738499,183.4719623763857,22.692307692307693,5.121998730434208
137,2025-02-04T14:00:00,CO,20.56622511159641,8596.503205265744,60.14637908552287,0.8940618694339583,4,24.773912668415008,38.68476447738499,183.4719623763857,31.53846153846154,1.0742482247077911
137,2025-02-04T14:00:00,CO,20.56622511159641,8596.503205265744,60.14637908552287,0.8940618694339583,4,24.773912668415008,38.68476447738499,183.4719623763857,40.38461538461539,0.2784443222224533
137,2025-02-04T14:00:00,CO,20.56622511159641,8596.503205265744,60.14637908552287,0.8940618694339583,4,24.773912668415008,38.68476447738499,183.4719623763857,49.23076923076923,0.07240906083427677
137,2025-02-04T14:00:00,CO,20.56622511159641,8596.503205265744,60.14637908552287,0.8940618694339583,4,24.773912668415008,38.68476447738499,183.4719623763857,58.07692307692308,0.05
137,2025-02-04T14:00:00,CO,20.56622511159641,8596.503205265744,60.14637908552287,0.8940618694339583,4,24.773912668415008,38.68476447738499,183.4719623763857,66.92307692307693,0.05
137,2025-02-04T14:00:00,CO,20.56622511159641,8596.503205265744,60.14637908552287,0.8940618694339583,4,24.773912668415008,38.68476447738499,183.4719623763857,75.76923076923077,0.05
137,2025-02-04T14:00:00,CO,20.56622511159641,8596.503205265744,60.14637908552287,0.8940618694339583,4,24.773912668415008,38.68476447738499,183.4719623763857,84.61538461538461,0.05
137,2025-02-04T14:00:00,CO,20.56622511159641,8596.503205265744,60.14637908552287,0.8940618694339583,4,24.773912668415008,38.68476447738499,183.4719623763857,93.46153846153847,0.05
137,2025-02-04T14:00:00,CO,20.56622511159641,8596.503205265744,60.14637908552287,0.8940618694339583,4,24.773912668415008,38.68476447738499,183.4719623763857,102.30769230769232,0.05
137,2025-02-04T14:00:00,CO,20.56622511159641,8596.503205265744,60.14637908552287,0.8940618694339583,4,24.773912668415008,38.68476447738499,183.4719623763857,111.15384615384616,0.05
137,2025-02-04T14:00:00,CO,20.56622511159641,8596.503205265744,60.14637908552287,0.8940618694339583,4,24.773912668415008,38.68476447738499,183.4719623763857,120.0,0.05
138,2025-02-04T20:00:00,CO,22.176825360178828,2936.1441620144424,298.26698341689996,1.0984434507766396,0,19.803439529789824,51.0024349875645,308.08610261230297,5.0,74.72555092297145
138,2025-02-04T20:00:00,CO,22.176825360178828,2936.1441620144424,298.26698341689996,1.0984434507766396,0,19.803439529789824,51.0024349875645,308.08610261230297,13.846153846153847,5.694966772834617
138,2025-02-04T20:00:00,CO,22.176825360178828,2936.1441620144424,298.26698341689996,1.0984434507766396,0,19.803439529789824,51.0024349875645,308.08610261230297,22.692307692307693,0.3837061622275235
138,2025-02-04T20:00:00,CO,22.176825360178828,2936.1441620144424,298.26698341689996,1.0984434507766396,0,19.803439529789824,,308.08610261230297,31.53846153846154,0.05
138,2025-02-04T20:00:00,CO,22.176825360178828,2936.1441620144424,298.26698341689996,1.0984434507766396,0,19.803439529789824,51.0024349875645,308.08610261230297,40.38461538461539,0.05
138,2025-02-04T20:00:00,CO,22.176825360178828,2936.1441620144424,298.26698341689996,1.0984434507766396,0,19.803439529789824,51.0024349875645,308.08610261230297,49.23076923076923,0.05
138,2025-02-04T20:00:00,CO,22.176825360178828,2936.1441620144424,298.26698341689996,1.0984434507766396,0,19.803439529789824,51.0024349875645,308.08610261230297,58.07692307692308,0.05
138,2025-02-04T20:00:00,CO,22.176825360178828,2936.1441620144424,298.26698341689996,,0,19.803439529789824,51.0024349875645,308.08610261230297,66.92307692307693,0.05
138,2025-02-04T20:00:00,CO,22.176825360178828,2936.1441620144424,298.26698341689996,1.0984434507766396,0,19.803439529789824,51.0024349875645,308.08610261230297,75.76923076923077,0.05
138,2025-02-04T20:00:00,CO,22.176825360178828,2936.1441620144424,298.26698341689996,1.0984434507766396,0,19.803439529789824,51.0024349875645,308.08610261230297,84.61538461538461,0.05
138,2025-02-04T20:00:00,CO,22.176825360178828,2936.1441620144424,298.26698341689996,1.0984434507766396,0,19.803439529789824,51.0024349875645,308.08610261230297,93.46153846153847,0.05
138,2025-02-04T20:00:00,CO,22.176825360178828,2936.1441620144424,298.26698341689996,1.0984434507766396,0,19.803439529789824,51.0024349875645,308.08610261230297,102.30769230769232,
138,2025-02-04T20:00:00,CO,22.176825360178828,2936.1441620144424,298.26698341689996,1.0984434507766396,0,19.803439529789824,51.0024349875645,308.08610261230297,111.15384615384616,0.05
138,2025-02-04T20:00:00,CO,22.176825360178828,2936.1441620144424,298.26698341689996,1.0984434507766396,0,19.803439529789824,51.0024349875645,308.08610261230297,120.0,0.05
139,2025-02-05T02:00:00,NOx,19.728966006690797,11253.949596663222,423.50074680952474,0.9871729901099078,2,30.332778627919016,42.51366409151499,88.61913223028773,5.0,66.64967019134839
139,2025-02-05T02:00:00,NOx,19.728966006690797,11253.949596663222,423.50074680952474,0.9871729901099078,2,30.332778627919016,42.51366409151499,88.61913223028773,13.846153846153847,29.61872045912426
139,2025-02-05T02:00:00,NOx,19.728966006690797,11253.949596663222,423.50074680952474,0.9871729901099078,2,30.332778627919016,42.51366409151499,88.61913223028773,22.692307692307693,16.853632219282375
139,2025-02-05T02:00:00,NOx,19.728966006690797,11253.949596663222,423.50074680952474,0.9871729901099078,2,30.332778627919016,42.51366409151499,88.61913223028773,31.53846153846154,8.75320446343954
139,2025-02-05T02:00:00,NOx,19.728966006690797,11253.949596663222,423.50074680952474,0.9871729901099078,2,30.332778627919016,42.51366409151499,88.61913223028773,40.38461538461539,4.627429472151025
139,2025-02-05T02:00:00,NOx,19.728966006690797,11253.949596663222,423.50074680952474,0.9871729901099078,2,30.332778627919016,42.51366409151499,88.61913223028773,49.23076923076923,2.376148019371208
139,2025-02-05T02:00:00,NOx,19.728966006690797,11253.949596663222,423.50074680952474,0.9871729901099078,2,30.332778627919016,42.51366409151499,88.61913223028773,58.07692307692308,1.1206905106223615
139,2025-02-05T02:00:00,NOx,19.728966006690797,11253.949596663222,423.50074680952474,0.9871729901099078,2,30.332778627919016,42.51366409151499,88.61913223028773,66.92307692307693,0.5568353110775965
139,2025-02-05T02:00:00,NOx,19.728966006690797,11253.949596663222,423.50074680952474,0.9871729901099078,2,30.332778627919016,42.51366409151499,88.61913223028773,75.76923076923077,0.34687427164219004
139,2025-02-05T02:00:00,NOx,19.728966006690797,11253.949596663222,423.50074680952474,0.9871729901099078,2,30.332778627919016,42.51366409151499,88.61913223028773,84.61538461538461,0.17092323367701928
139,2025-02-05T02:00:00,NOx,19.728966006690797,11253.949596663222,423.50074680952474,0.9871729901099078,2,30.332778627919016,42.51366409151499,88.61913223028773,93.46153846153847,0.09552400906766163
139,2025-02-05T02:00:00,NOx,19.728966006690797,11253.949596663222,423.50074680952474,0.9871729901099078,2,30.332778627919016,42.51366409151499,88.61913223028773,102.30769230769232,0.05
139,2025-02-05T02:00:00,NOx,19.728966006690797,11253.949596663222,423.50074680952474,0.9871729901099078,2,30.332778627919016,42.51366409151499,88.61913223028773,111.15384615384616,0.05
139,2025-02-05T02:00:00,NOx,19.728966006690797,11253.949596663222,423.50074680952474,0.9871729901099078,2,30.332778627919016,42.51366409151499,88.61913223028773,120.0,0.05
140,2025-02-05T08:00:00,CO,14.829760292281655,3517.9492810963015,184.00877572811964,0.7243220724405066,1,35.66253764071847,42.54029362658195,435.78566204896833,5.0,126.05138825583616
140,2025-02-05T08:00:00,CO,14.829760292281655,3517.9492810963015,184.00877572811964,0.7243220724405066,1,35.66253764071847,42.54029362658195,435.78566204896833,13.846153846153847,15.61411535574297
140,2025-02-05T08:00:00,CO,14.829760292281655,3517.9492810963015,184.00877572811964,0.7243220724405066,1,35.66253764071847,42.54029362658195,435.78566204896833,22.692307692307693,1.495775553102343
140,2025-02-05T08:00:00,CO,14.829760292281655,3517.9492810963015,184.00877572811964,0.7243220724405066,1,35.66253764071847,42.54029362658195,435.78566204896833,31.53846153846154,0.20987854085896776
140,2025-02-05T08:00:00,CO,14.829760292281655,3517.9492810963015,184.00877572811964,0.7243220724405066,1,35.66253764071847,42.54029362658195,435.78566204896833,40.38461538461539,0.05
140,2025-02-05T08:00:00,CO,14.829760292281655,3517.9492810963015,184.00877572811964,0.7243220724405066,1,35.66253764071847,42.54029362658195,435.78566204896833,49.23076923076923,0.05
140,2025-02-05T08:00:00,CO,14.829760292281655,3517.9492810963015,184.00877572811964,0.7243220724405066,1,35.66253764071847,42.54029362658195,435.78566204896833,58.07692307692308,0.05
140,2025-02-05T08:00:00,CO,14.829760292281655,3517.9492810963015,184.00877572811964,0.7243220724405066,1,35.66253764071847,42.54029362658195,435.78566204896833,66.92307692307693,0.05
140,2025-02-05T08:00:00,CO,14.829760292281655,3517.9492810963015,184.00877572811964,0.7243220724405066,1,35.66253764071847,42.54029362658195,435.78566204896833,75.76923076923077,0.05
140,2025-02-05T08:00:00,CO,14.829760292281655,3517.9492810963015,184.00877572811964,0.7243220724405066,1,35.66253764071847,42.54029362658195,435.78566204896833,84.61538461538461,0.05
140,2025-02-05T08:00:00,CO,14.829760292281655,3517.9492810963015,184.00877572811964,0.7243220724405066,1,35.66253764071847,42.54029362658195,435.78566204896833,93.46153846153847,0.05
140,2025-02-05T08:00:00,CO,14.829760292281655,3517.9492810963015,184.00877572811964,0.7243220724405066,1,35.66253764071847,42.54029362658195,435.78566204896833,102.30769230769232,0.05
140,2025-02-05T08:00:00,CO,14.829760292281655,3517.9492810963015,184.00877572811964,0.7243220724405066,1,35.66253764071847,42.54029362658195,435.78566204896833,111.15384615384616,0.05
140,2025-02-05T08:00:00,CO,14.829760292281655,3517.9492810963015,184.00877572811964,0.7243220724405066,1,35.66253764071847,42.54029362658195,435.78566204896833,120.0,0.05
141,2025-02-05T14:00:00,CO,72.54474330717036,6182.822463119222,314.73597678285495,1.1503989208105985,2,24.361282942173588,45.77286732166549,484.71234444739054,5.0,34.18437561532776
141,2025-02-05T14:00:00,CO,72.54474330717036,6182.822463119222,314.73597678285495,1.1503989208105985,2,24.361282942173588,45.77286732166549,484.71234444739054,13.846153846153847,0.2573434868223313
141,2025-02-05T14:00:00,CO,72.54474330717036,6182.822463119222,314.73597678285495,1.1503989208105985,2,24.361282942173588,45.77286732166549,484.71234444739054,22.692307692307693,0.05
141,2025-02-05T14:00:00,CO,72.54474330717036,6182.822463119222,314.73597678285495,1.1503989208105985,2,24.361282942173588,45.77286732166549,484.71234444739054,31.53846153846154,0.05
141,2025-02-05T14:00:00,CO,72.54474330717036,6182.822463119222,314.73597678285495,1.1503989208105985,2,24.361282942173588,45.77286732166549,484.71234444739054,40.38461538461539,0.05
141,2025-02-05T14:00:00,CO,72.54474330717036,6182.822463119222,314.73597678285495,1.1503989208105985,2,24.361282942173588,45.77286732166549,484.71234444739054,49.23076923076923,0.05
141,2025-02-05T14:00:00,CO,72.54474330717036,6182.822463119222,314.73597678285495,1.1503989208105985,2,24.361282942173588,45.77286732166549,484.71234444739054,58.07692307692308,0.05
141,2025-02-05T14:00:00,CO,72.54474330717036,6182.822463119222,314.73597678285495,1.1503989208105985,2,24.361282942173588,45.77286732166549,484.71234444739054,66.92307692307693,0.05
141,2025-02-05T14:00:00,CO,72.54474330717036,6182.822463119222,314.73597678285495,1.1503989208105985,2,24.361282942173588,45.77286732166549,484.71234444739054,75.76923076923077,0.05
141,2025-02-05T14:00:00,CO,72.54474330717036,6182.822463119222,314.73597678285495,1.1503989208105985,2,24.361282942173588,45.77286732166549,484.71234444739054,84.61538461538461,0.05
141,2025-02-05T14:00:00,CO,72.54474330717036,6182.822463119222,314.73597678285495,1.1503989208105985,2,24.361282942173588,45.77286732166549,484.71234444739054,93.46153846153847,0.05
141,2025-02-05T14:00:00,CO,72.54474330717036,6182.822463119222,314.73597678285495,1.1503989208105985,2,24.361282942173588,45.77286732166549,484.71234444739054,102.30769230769232,0.05
141,2025-02-05T14:00:00,CO,72.54474330717036,6182.822463119222,314.73597678285495,1.1503989208105985,2,24.361282942173588,45.77286732166549,484.71234444739054,111.15384615384616,0.05
141,2025-02-05T14:00:00,CO,72.54474330717036,6182.822463119222,314.73597678285495,1.1503989208105985,2,24.361282942173588,45.77286732166549,484.71234444739054,120.0,0.05
142,2025-02-05T20:00:00,NOx,115.06097389014641,4011.53169096724,393.83582483470843,1.4952259248941013,3,22.05355575735435,,457.2233305623897,5.0,0.21864081230586407
142,2025-02-05T20:00:00,NOx,115.06097389014641,4011.53169096724,393.83582483470843,1.4952259248941013,3,22.05355575735435,66.11484592634321,457.2233305623897,13.846153846153847,0.05
142,2025-02-05T20:00:00,NOx,115.06097389014641,4011.53169096724,393.83582483470843,1.4952259248941013,3,22.05355575735435,66.11484592634321,457.2233305623897,22.692307692307693,0.05
142,2025-02-05T20:00:00,NOx,115.06097389014641,4011.53169096724,393.83582483470843,1.4952259248941013,3,22.05355575735435,66.11484592634321,457.2233305623897,31.53846153846154,0.05
142,2025-02-05T20:00:00,NOx,115.06097389014641,4011.53169096724,393.83582483470843,1.4952259248941013,3,22.05355575735435,66.11484592634321,457.2233305623897,40.38461538461539,
142,2025-02-05T20:00:00,NOx,115.06097389014641,4011.53169096724,393.83582483470843,1.4952259248941013,3,22.05355575735435,66.11484592634321,457.2233305623897,49.23076923076923,0.05
142,2025-02-05T20:00:00,NOx,115.06097389014641,4011.53169096724,393.83582483470843,1.4952259248941013,3,22.05355575735435,66.11484592634321,457.2233305623897,58.07692307692308,0.05
142,2025-02-05T20:00:00,NOx,115.06097389014641,4011.53169096724,393.83582483470843,1.4952259248941013,3,22.05355575735435,66.11484592634321,457.2233305623897,66.92307692307693,0.05
142,2025-02-05T20:00:00,NOx,115.06097389014641,4011.53169096724,393.83582483470843,1.4952259248941013,3,22.05355575735435,66.11484592634321,457.2233305623897,75.76923076923077,0.05
142,2025-02-05T20:00:00,NOx,115.06097389014641,4011.53169096724,393.83582483470843,1.4952259248941013,3,22.05355575735435,66.11484592634321,457.2233305623897,84.61538461538461,0.05
142,2025-02-05T20:00:00,NOx,115.06097389014641,4011.53169096724,393.83582483470843,1.4952259248941013,3,22.05355575735435,,457.2233305623897,93.46153846153847,0.05
142,2025-02-05T20:00:00,NOx,115.06097389014641,4011.53169096724,393.83582483470843,1.4952259248941013,3,22.05355575735435,66.11484592634321,457.2233305623897,102.30769230769232,0.05
142,2025-02-05T20:00:00,NOx,115.06097389014641,4011.53169096724,393.83582483470843,1.4952259248941013,3,22.05355575735435,66.11484592634321,457.2233305623897,111.15384615384616,0.05
142,2025-02-05T20:00:00,NOx,115.06097389014641,4011.53169096724,393.83582483470843,1.4952259248941013,3,22.05355575735435,66.11484592634321,457.2233305623897,120.0,0.05
143,2025-02-06T02:00:00,NOx,109.97731632035415,10633.497867118289,371.2532630010696,0.9464635099299689,2,23.034212834988644,55.35853023466795,116.61664712935286,5.0,10.122130793238727
143,2025-02-06T02:00:00,NOx,109.97731632035415,10633.497867118289,371.2532630010696,0.9464635099299689,2,23.034212834988644,55.35853023466795,116.61664712935286,13.846153846153847,0.1294108094644548
143,2025-02-06T02:00:00,NOx,109.97731632035415,10633.497867118289,371.2532630010696,0.9464635099299689,2,23.034212834988644,55.35853023466795,116.61664712935286,22.692307692307693,0.05
143,2025-02-06T02:00:00,NOx,109.97731632035415,10633.497867118289,371.2532630010696,0.9464635099299689,2,23.034212834988644,55.35853023466795,116.61664712935286,31.53846153846154,0.05
143,2025-02-06T02:00:00,NOx,109.97731632035415,10633.497867118289,371.2532630010696,0.9464635099299689,2,23.034212834988644,55.35853023466795,116.61664712935286,40.38461538461539,0.05
143,2025-02-06T02:00:00,NOx,109.97731632035415,10633.497867118289,371.2532630010696,0.9464635099299689,2,23.034212834988644,55.35853023466795,116.61664712935286,49.23076923076923,0.05
143,2025-02-06T02:00:00,NOx,109.97731632035415,10633.497867118289,371.2532630010696,0.9464635099299689,2,23.034212834988644,55.35853023466795,116.61664712935286,58.07692307692308,0.05
143,2025-02-06T02:00:00,NOx,109.97731632035415,10633.497867118289,371.2532630010696,0.9464635099299689,2,23.034212834988644,55.35853023466795,116.61664712935286,66.92307692307693,0.05
143,2025-02-06T02:00:00,NOx,109.97731632035415,10633.497867118289,371.2532630010696,0.9464635099299689,2,23.034212834988644,55.35853023466795,116.61664712935286,75.76923076923077,0.05
143,2025-02-06T02:00:00,NOx,109.97731632035415,10633.497867118289,371.2532630010696,0.9464635099299689,2,23.034212834988644,55.35853023466795,116.61664712935286,84.61538461538461,0.05
143,2025-02-06T02:00:00,NOx,109.97731632035415,10633.497867118289,371.2532630010696,,2,23.034212834988644,55.35853023466795,116.61664712935286,93.46153846153847,0.05
143,2025-02-06T02:00:00,NOx,109.97731632035415,10633.497867118289,371.2532630010696,0.9464635099299689,2,23.034212834988644,55.35853023466795,116.61664712935286,102.30769230769232,0.05
143,2025-02-06T02:00:00,NOx,109.97731632035415,10633.497867118289,371.2532630010696,0.9464635099299689,2,23.034212834988644,55.35853023466795,116.61664712935286,111.15384615384616,0.05
143,2025-02-06T02:00:00,NOx,109.97731632035415,10633.497867118289,371.2532630010696,0.9464635099299689,2,23.034212834988644,55.35853023466795,116.61664712935286,120.0,0.05
144,2025-02-06T08:00:00,NOx,21.32684484617244,10638.888140435065,418.2016989520356,1.3591777349653948,3,,84.07644259605578,228.405284271699,5.0,119.94040219475617
144,2025-02-06T08:00:00,NOx,21.32684484617244,10638.888140435065,418.2016989520356,,3,29.151971822509097,84.07644259605578,228.405284271699,13.846153846153847,39.685492914904316
144,2025-02-06T08:00:00,NOx,21.32684484617244,10638.888140435065,418.2016989520356,1.3591777349653948,3,29.151971822509097,84.07644259605578,228.405284271699,22.692307692307693,15.111437214967637
144,2025-02-06T08:00:00,NOx,21.32684484617244,10638.888140435065,418.2016989520356,1.3591777349653948,3,29.151971822509097,84.07644259605578,228.405284271699,31.53846153846154,5.1244458298087165
144,2025-02-06T08:00:00,NOx,21.32684484617244,10638.888140435065,418.2016989520356,1.3591777349653948,3,29.151971822509097,84.07644259605578,228.405284271699,40.38461538461539,1.455538540051616
144,2025-02-06T08:00:00,NOx,21.32684484617244,10638.888140435065,418.2016989520356,1.3591777349653948,3,29.151971822509097,84.07644259605578,228.405284271699,49.23076923076923,0.6237772639264934
144,2025-02-06T08:00:00,NOx,21.32684484617244,10638.888140435065,418.2016989520356,1.3591777349653948,3,29.151971822509097,84.07644259605578,228.405284271699,58.07692307692308,0.1959284489431159
144,2025-02-06T08:00:00,NOx,21.32684484617244,10638.888140435065,418.2016989520356,1.3591777349653948,3,29.151971822509097,84.07644259605578,228.405284271699,66.92307692307693,0.07588774532391868
144,2025-02-06T08:00:00,NOx,21.32684484617244,10638.888140435065,418.2016989520356,1.3591777349653948,3,29.151971822509097,84.07644259605578,228.405284271699,75.76923076923077,0.05
144,2025-02-06T08:00:00,NOx,21.32684484617244,10638.888140435065,418.2016989520356,1.3591777349653948,3,29.151971822509097,84.07644259605578,228.405284271699,84.61538461538461,0.05
144,2025-02-06T08:00:00,NOx,21.32684484617244,10638.888140435065,418.2016989520356,1.3591777349653948,3,29.151971822509097,84.07644259605578,228.405284271699,93.46153846153847,0.05
144,2025-02-06T08:00:00,NOx,21.32684484617244,10638.888140435065,418.2016989520356,1.3591777349653948,3,29.151971822509097,84.07644259605578,228.405284271699,102.30769230769232,0.05
144,2025-02-06T08:00:00,NOx,21.32684484617244,10638.888140435065,418.2016989520356,1.3591777349653948,3,29.151971822509097,84.07644259605578,228.405284271699,111.15384615384616,0.05
144,2025-02-06T08:00:00,NOx,21.32684484617244,10638.888140435065,418.2016989520356,1.3591777349653948,3,29.151971822509097,84.07644259605578,228.405284271699,120.0,0.05
145,2025-02-06T14:00:00,SO2,86.72300324403051,7063.512961450657,30.416834901264146,0.297372533995791,2,37.81731688212127,71.93703541021355,752.5495966674398,5.0,28.966825363044375
145,2025-02-06T14:00:00,SO2,86.72300324403051,7063.512961450657,30.416834901264146,0.297372533995791,2,37.81731688212127,71.93703541021355,752.5495966674398,13.846153846153847,0.08898974438956841
145,2025-02-06T14:00:00,SO2,86.72300324403051,7063.512961450657,30.416834901264146,0.297372533995791,2,37.81731688212127,71.93703541021355,752.5495966674398,22.692307692307693,
145,2025-02-06T14:00:00,SO2,86.72300324403051,7063.512961450657,30.416834901264146,0.297372533995791,2,,71.93703541021355,752.5495966674398,31.53846153846154,0.05
145,2025-02-06T14:00:00,SO2,86.72300324403051,7063.512961450657,30.416834901264146,0.297372533995791,2,37.81731688212127,71.93703541021355,752.5495966674398,40.38461538461539,0.05
145,2025-02-06T14:00:00,SO2,86.72300324403051,7063.512961450657,30.416834901264146,0.297372533995791,2,37.81731688212127,71.93703541021355,752.5495966674398,49.23076923076923,0.05
145,2025-02-06T14:00:00,SO2,86.72300324403051,7063.512961450657,30.416834901264146,0.297372533995791,2,37.81731688212127,71.93703541021355,752.5495966674398,58.07692307692308,0.05
145,2025-02-06T14:00:00,SO2,86.72300324403051,7063.512961450657,30.416834901264146,0.297372533995791,2,37.81731688212127,71.93703541021355,752.5495966674398,66.92307692307693,0.05
145,2025-02-06T14:00:00,SO2,86.72300324403051,7063.512961450657,30.416834901264146,0.297372533995791,2,37.81731688212127,71.93703541021355,752.5495966674398,75.76923076923077,0.05
145,2025-02-06T14:00:00,SO2,86.72300324403051,7063.512961450657,30.416834901264146,0.297372533995791,2,37.81731688212127,,752.5495966674398,84.61538461538461,0.05
145,2025-02-06T14:00:00,SO2,86.72300324403051,7063.512961450657,30.416834901264146,0.297372533995791,2,37.81731688212127,71.93703541021355,752.5495966674398,93.46153846153847,0.05
145,2025-02-06T14:00:00,SO2,86.72300324403051,7063.512961450657,30.416834901264146,0.297372533995791,2,37.81731688212127,71.93703541021355,752.5495966674398,102.30769230769232,0.05
145,2025-02-06T14:00:00,SO2,86.72300324403051,7063.512961450657,30.416834901264146,0.297372533995791,2,37.81731688212127,71.93703541021355,752.5495966674398,111.15384615384616,0.05
145,2025-02-06T14:00:00,SO2,86.72300324403051,7063.512961450657,30.416834901264146,0.297372533995791,2,37.81731688212127,71.93703541021355,752.5495966674398,120.0,0.05
146,2025-02-06T20:00:00,NOx,56.22625238135399,6989.921523491039,211.5808775623743,1.366065141462952,2,36.64220519630723,58.857772349763195,376.03290367301645,5.0,27.344375373459084
146,2025-02-06T20:00:00,NOx,56.22625238135399,6989.921523491039,211.5808775623743,1.366065141462952,2,36.64220519630723,58.857772349763195,376.03290367301645,13.846153846153847,0.34091140059738334
146,2025-02-06T20:00:00,NOx,56.22625238135399,6989.921523491039,211.5808775623743,1.366065141462952,2,36.64220519630723,58.857772349763195,376.03290367301645,22.692307692307693,0.05
146,2025-02-06T20:00:00,NOx,56.22625238135399,6989.921523491039,211.5808775623743,1.366065141462952,2,36.64220519630723,58.857772349763195,376.03290367301645,31.53846153846154,0.05
146,2025-02-06T20:00:00,NOx,56.22625238135399,6989.921523491039,211.5808775623743,1.366065141462952,2,36.64220519630723,58.857772349763195,376.03290367301645,40.38461538461539,0.05
146,2025-02-06T20:00:00,NOx,56.22625238135399,6989.921523491039,211.5808775623743,1.366065141462952,2,36.64220519630723,58.857772349763195,376.03290367301645,49.23076923076923,
146,2025-02-06T20:00:00,NOx,56.22625238135399,6989.921523491039,211.5808775623743,1.366065141462952,2,36.64220519630723,58.857772349763195,376.03290367301645,58.07692307692308,0.05
146,2025-02-06T20:00:00,NOx,56.22625238135399,6989.921523491039,211.5808775623743,1.366065141462952,2,36.64220519630723,58.857772349763195,376.03290367301645,66.92307692307693,0.05
146,2025-02-06T20:00:00,NOx,56.22625238135399,6989.921523491039,211.5808775623743,1.366065141462952,2,36.64220519630723,58.857772349763195,376.03290367301645,75.76923076923077,0.05
146,2025-02-06T20:00:00,NOx,56.22625238135399,6989.921523491039,211.5808775623743,1.366065141462952,2,36.64220519630723,58.857772349763195,376.03290367301645,84.61538461538461,0.05
146,2025-02-06T20:00:00,NOx,56.22625238135399,6989.921523491039,211.5808775623743,1.366065141462952,2,36.64220519630723,58.857772349763195,376.03290367301645,93.46153846153847,0.05
146,2025-02-06T20:00:00,NOx,56.22625238135399,6989.921523491039,211.5808775623743,1.366065141462952,2,36.64220519630723,58.857772349763195,376.03290367301645,102.30769230769232,0.05
146,2025-02-06T20:00:00,NOx,56.22625238135399,6989.921523491039,211.5808775623743,1.366065141462952,2,36.64220519630723,58.857772349763195,376.03290367301645,111.15384615384616,0.05
146,2025-02-06T20:00:00,NOx,56.22625238135399,6989.921523491039,211.5808775623743,1.366065141462952,2,36.64220519630723,58.857772349763195,376.03290367301645,120.0,0.05
147,2025-02-07T02:00:00,CO,73.61498851812387,807.1938014385858,300.84670816470214,1.2195373193727146,4,29.342187309775845,54.793529022616966,655.5517200208983,5.0,0.05
147,2025-02-07T02:00:00,CO,73.61498851812387,807.1938014385858,300.84670816470214,1.2195373193727146,4,29.342187309775845,54.793529022616966,655.5517200208983,13.846153846153847,0.05
147,2025-02-07T02:00:00,CO,73.61498851812387,807.1938014385858,300.84670816470214,1.2195373193727146,4,29.342187309775845,54.793529022616966,655.5517200208983,22.692307692307693,0.05
147,2025-02-07T02:00:00,CO,73.61498851812387,807.1938014385858,300.84670816470214,1.2195373193727146,4,29.342187309775845,54.793529022616966,655.5517200208983,31.53846153846154,0.05
147,2025-02-07T02:00:00,CO,73.61498851812387,807.1938014385858,300.84670816470214,1.2195373193727146,4,29.342187309775845,54.793529022616966,655.5517200208983,40.38461538461539,0.05
147,2025-02-07T02:00:00,CO,73.61498851812387,807.1938014385858,300.84670816470214,1.2195373193727146,4,29.342187309775845,54.793529022616966,655.5517200208983,49.23076923076923,0.05
147,2025-02-07T02:00:00,CO,73.61498851812387,807.1938014385858,300.84670816470214,1.2195373193727146,4,29.342187309775845,54.793529022616966,655.5517200208983,58.07692307692308,0.05
147,2025-02-07T02:00:00,CO,73.61498851812387,807.1938014385858,300.84670816470214,1.2195373193727146,4,29.342187309775845,54.793529022616966,655.5517200208983,66.92307692307693,0.05
147,2025-02-07T02:00:00,CO,73.61498851812387,807.1938014385858,300.84670816470214,1.2195373193727146,4,29.342187309775845,54.793529022616966,655.5517200208983,75.76923076923077,0.05
147,2025-02-07T02:00:00,CO,73.61498851812387,807.1938014385858,300.84670816470214,1.2195373193727146,4,29.342187309775845,54.793529022616966,655.5517200208983,84.61538461538461,0.05
147,2025-02-07T02:00:00,CO,73.61498851812387,807.1938014385858,300.84670816470214,1.2195373193727146,4,29.342187309775845,54.793529022616966,655.5517200208983,93.46153846153847,0.05
147,2025-02-07T02:00:00,CO,73.61498851812387,807.1938014385858,300.84670816470214,1.2195373193727146,4,29.342187309775845,54.793529022616966,655.5517200208983,102.30769230769232,0.05
147,2025-02-07T02:00:00,CO,73.61498851812387,807.1938014385858,300.84670816470214,1.2195373193727146,4,,54.793529022616966,655.5517200208983,111.15384615384616,0.05
147,2025-02-07T02:00:00,CO,73.61498851812387,807.1938014385858,300.84670816470214,1.2195373193727146,4,29.342187309775845,54.793529022616966,655.5517200208983,120.0,0.05
148,2025-02-07T08:00:00,CO,66.64415720811499,5642.043313734011,75.6063500850523,0.4572631969602512,1,27.68768518402902,27.923345605163657,52.53335682301393,5.0,3.934144589114873
148,2025-02-07T08:00:00,CO,66.64415720811499,5642.043313734011,75.6063500850523,0.4572631969602512,1,27.68768518402902,27.923345605163657,52.53335682301393,13.846153846153847,0.05
148,2025-02-07T08:00:00,CO,66.64415720811499,5642.043313734011,75.6063500850523,0.4572631969602512,1,27.68768518402902,27.923345605163657,52.53335682301393,22.692307692307693,0.05
148,2025-02-07T08:00:00,CO,66.64415720811499,5642.043313734011,75.6063500850523,0.4572631969602512,1,27.68768518402902,27.923345605163657,52.53335682301393,31.53846153846154,0.05
148,2025-02-07T08:00:00,CO,66.64415720811499,5642.043313734011,75.6063500850523,0.4572631969602512,1,27.68768518402902,27.923345605163657,52.53335682301393,40.38461538461539,0.05
148,2025-02-07T08:00:00,CO,66.64415720811499,5642.043313734011,75.6063500850523,0.4572631969602512,1,27.68768518402902,27.923345605163657,52.53335682301393,49.23076923076923,0.05
148,2025-02-07T08:00:00,CO,66.64415720811499,5642.043313734011,75.6063500850523,0.4572631969602512,1,27.68768518402902,27.923345605163657,52.53335682301393,58.07692307692308,0.05
148,2025-02-07T08:00:00,CO,66.64415720811499,5642.043313734011,75.6063500850523,0.4572631969602512,1,27.68768518402902,27.923345605163657,52.53335682301393,66.92307692307693,0.05
148,2025-02-07T08:00:00,CO,66.64415720811499,5642.043313734011,75.6063500850523,0.4572631969602512,1,27.68768518402902,27.923345605163657,52.53335682301393,75.76923076923077,0.05
148,2025-02-07T08:00:00,CO,66.64415720811499,5642.043313734011,75.6063500850523,0.4572631969602512,1,27.68768518402902,27.923345605163657,52.53335682301393,84.61538461538461,0.05
148,2025-02-07T08:00:00,CO,66.64415720811499,5642.043313734011,75.6063500850523,0.4572631969602512,1,27.68768518402902,27.923345605163657,52.53335682301393,93.46153846153847,0.05
148,2025-02-07T08:00:00,CO,66.64415720811499,5642.043313734011,75.6063500850523,0.4572631969602512,1,27.68768518402902,27.923345605163657,52.53335682301393,102.30769230769232,0.05
148,2025-02-07T08:00:00,CO,66.64415720811499,5642.043313734011,75.6063500850523,0.4572631969602512,1,27.68768518402902,27.923345605163657,52.53335682301393,111.15384615384616,0.05
148,2025-02-07T08:00:00,CO,66.64415720811499,5642.043313734011,75.6063500850523,0.4572631969602512,1,27.68768518402902,27.923345605163657,52.53335682301393,120.0,0.05
149,2025-02-07T14:00:00,SO2,24.360094448882048,10342.008398737817,392.74645655718547,0.996818152576013,4,24.880743365183076,56.15356625729777,262.2754556529885,5.0,118.40436533477656
149,2025-02-07T14:00:00,SO2,24.360094448882048,10342.008398737817,392.74645655718547,0.996818152576013,4,24.880743365183076,56.15356625729777,262.2754556529885,13.846153846153847,40.367373912017364
149,2025-02-07T14:00:00,SO2,24.360094448882048,10342.008398737817,392.74645655718547,0.996818152576013,4,24.880743365183076,56.15356625729777,262.2754556529885,22.692307692307693,9.528571686176836
149,2025-02-07T14:00:00,SO2,24.360094448882048,10342.008398737817,392.74645655718547,0.996818152576013,4,24.880743365183076,56.15356625729777,262.2754556529885,31.53846153846154,3.2803611542086806
149,2025-02-07T14:00:00,SO2,24.360094448882048,10342.008398737817,392.74645655718547,0.996818152576013,4,24.880743365183076,56.15356625729777,262.2754556529885,40.38461538461539,1.0644859107277205
149,2025-02-07T14:00:00,SO2,24.360094448882048,10342.008398737817,392.74645655718547,0.996818152576013,4,24.880743365183076,56.15356625729777,262.2754556529885,49.23076923076923,0.28873588408694867
149,2025-02-07T14:00:00,SO2,24.360094448882048,10342.008398737817,392.74645655718547,0.996818152576013,4,24.880743365183076,56.15356625729777,262.2754556529885,58.07692307692308,0.08159609207050778
149,2025-02-07T14:00:00,SO2,24.360094448882048,10342.008398737817,392.74645655718547,0.996818152576013,4,24.880743365183076,56.15356625729777,262.2754556529885,66.92307692307693,0.05
149,2025-02-07T14:00:00,SO2,24.360094448882048,10342.008398737817,392.74645655718547,0.996818152576013,4,24.880743365183076,56.15356625729777,262.2754556529885,75.76923076923077,0.05
149,2025-02-07T14:00:00,SO2,24.360094448882048,10342.008398737817,392.74645655718547,0.996818152576013,4,24.880743365183076,56.15356625729777,262.2754556529885,84.61538461538461,0.05
149,2025-02-07T14:00:00,SO2,24.360094448882048,10342.008398737817,392.74645655718547,0.996818152576013,4,24.880743365183076,56.15356625729777,262.2754556529885,93.46153846153847,0.05
149,2025-02-07T14:00:00,SO2,24.360094448882048,10342.008398737817,392.74645655718547,0.996818152576013,4,24.880743365183076,56.15356625729777,262.2754556529885,102.30769230769232,0.05
149,2025-02-07T14:00:00,SO2,24.360094448882048,10342.008398737817,392.74645655718547,0.996818152576013,4,24.880743365183076,56.15356625729777,262.2754556529885,111.15384615384616,0.05
149,2025-02-07T14:00:00,SO2,24.360094448882048,10342.008398737817,392.74645655718547,0.996818152576013,4,24.880743365183076,56.15356625729777,262.2754556529885,120.0,0.05
150,2025-02-07T20:00:00,NOx,27.168617106014445,4238.9814587800975,217.20771861108778,0.6851316194936196,2,34.40209489567396,40.400553528530054,606.4136908374749,5.0,95.13124167724257
150,2025-02-07T20:00:00,NOx,27.168617106014445,4238.9814587800975,217.20771861108778,0.6851316194936196,2,34.40209489567396,40.400553528530054,606.4136908374749,13.846153846153847,3.9603628082568183
150,2025-02-07T20:00:00,NOx,27.168617106014445,4238.9814587800975,217.20771861108778,0.6851316194936196,2,34.40209489567396,40.400553528530054,606.4136908374749,22.692307692307693,0.14458230724155338
150,2025-02-07T20:00:00,NOx,27.168617106014445,4238.9814587800975,217.20771861108778,0.6851316194936196,2,34.40209489567396,40.400553528530054,606.4136908374749,31.53846153846154,0.05
150,2025-02-07T20:00:00,NOx,27.168617106014445,4238.9814587800975,217.20771861108778,0.6851316194936196,2,34.40209489567396,40.400553528530054,606.4136908374749,40.38461538461539,0.05
150,2025-02-07T20:00:00,NOx,27.168617106014445,4238.9814587800975,217.20771861108778,0.6851316194936196,2,34.40209489567396,40.400553528530054,606.4136908374749,49.23076923076923,0.05
150,2025-02-07T20:00:00,NOx,27.168617106014445,4238.9814587800975,217.20771861108778,0.6851316194936196,2,34.40209489567396,40.400553528530054,606.4136908374749,58.07692307692308,0.05
150,2025-02-07T20:00:00,NOx,27.168617106014445,4238.9814587800975,217.20771861108778,0.6851316194936196,2,34.40209489567396,40.400553528530054,606.4136908374749,66.92307692307693,0.05
150,2025-02-07T20:00:00,NOx,27.168617106014445,4238.9814587800975,217.20771861108778,0.6851316194936196,2,34.40209489567396,40.400553528530054,606.4136908374749,75.76923076923077,0.05
150,2025-02-07T20:00:00,NOx,27.168617106014445,4238.9814587800975,217.20771861108778,0.6851316194936196,2,34.40209489567396,40.400553528530054,606.4136908374749,84.61538461538461,0.05
150,2025-02-07T20:00:00,NOx,27.168617106014445,4238.9814587800975,217.20771861108778,0.6851316194936196,2,34.40209489567396,40.400553528530054,606.4136908374749,93.46153846153847,0.05
150,2025-02-07T20:00:00,NOx,27.168617106014445,4238.9814587800975,217.20771861108778,0.6851316194936196,2,34.40209489567396,40.400553528530054,606.4136908374749,102.30769230769232,0.05
150,2025-02-07T20:00:00,NOx,27.168617106014445,4238.9814587800975,217.20771861108778,0.6851316194936196,2,34.40209489567396,40.400553528530054,606.4136908374749,111.15384615384616,0.05
150,2025-02-07T20:00:00,NOx,27.168617106014445,4238.9814587800975,217.20771861108778,0.6851316194936196,2,34.40209489567396,40.400553528530054,606.4136908374749,120.0,0.05
151,2025-02-08T02:00:00,CO,119.74894831594081,10537.919780228518,400.7959514558056,1.5342279292689338,1,26.766326188289757,42.21013328080913,138.81899621360628,5.0,8.76398272346978
151,2025-02-08T02:00:00,CO,119.74894831594081,10537.919780228518,400.7959514558056,1.5342279292689338,1,26.766326188289757,42.21013328080913,138.81899621360628,13.846153846153847,0.05678141875550277
151,2025-02-08T02:00:00,CO,119.74894831594081,10537.919780228518,400.7959514558056,1.5342279292689338,1,26.766326188289757,42.21013328080913,138.81899621360628,22.692307692307693,0.05
151,2025-02-08T02:00:00,CO,119.74894831594081,10537.919780228518,400.7959514558056,1.5342279292689338,1,26.766326188289757,42.21013328080913,138.81899621360628,31.53846153846154,0.05
151,2025-02-08T02:00:00,CO,119.74894831594081,10537.919780228518,400.7959514558056,1.5342279292689338,1,26.766326188289757,42.21013328080913,138.81899621360628,40.38461538461539,0.05
151,2025-02-08T02:00:00,CO,119.74894831594081,10537.919780228518,400.7959514558056,1.5342279292689338,1,26.766326188289757,42.21013328080913,138.81899621360628,49.23076923076923,0.05
151,2025-02-08T02:00:00,CO,119.74894831594081,10537.919780228518,400.7959514558056,1.5342279292689338,1,26.766326188289757,42.21013328080913,138.81899621360628,58.07692307692308,0.05
151,2025-02-08T02:00:00,CO,119.74894831594081,10537.919780228518,400.7959514558056,1.5342279292689338,1,26.766326188289757,42.21013328080913,138.81899621360628,66.92307692307693,0.05
151,2025-02-08T02:00:00,CO,119.74894831594081,10537.919780228518,400.7959514558056,1.5342279292689338,1,26.766326188289757,42.21013328080913,138.81899621360628,75.76923076923077,0.05
151,2025-02-08T02:00:00,CO,119.74894831594081,10537.919780228518,400.7959514558056,1.5342279292689338,1,26.766326188289757,42.21013328080913,138.81899621360628,84.61538461538461,0.05
151,2025-02-08T02:00:00,CO,119.74894831594081,10537.919780228518,400.7959514558056,1.5342279292689338,1,26.766326188289757,42.21013328080913,138.81899621360628,93.46153846153847,0.05
151,2025-02-08T02:00:00,CO,119.74894831594081,10537.919780228518,400.7959514558056,1.5342279292689338,1,26.766326188289757,42.21013328080913,138.81899621360628,102.30769230769232,0.05
151,2025-02-08T02:00:00,CO,119.74894831594081,10537.919780228518,400.7959514558056,1.5342279292689338,1,26.766326188289757,42.21013328080913,138.81899621360628,111.15384615384616,0.05
151,2025-02-08T02:00:00,CO,119.74894831594081,10537.919780228518,400.7959514558056,1.5342279292689338,1,26.766326188289757,42.21013328080913,138.81899621360628,120.0,0.05
152,2025-02-08T08:00:00,CO,46.62307874458986,11599.96566548601,291.1607814703176,0.6246400112359205,3,34.71026074861989,65.10661424234641,466.09615895416783,5.0,169.06906269089558
152,2025-02-08T08:00:00,CO,46.62307874458986,11599.96566548601,291.1607814703176,0.6246400112359205,3,34.71026074861989,65.10661424234641,466.09615895416783,13.846153846153847,25.884144323301552
152,2025-02-08T08:00:00,CO,46.62307874458986,11599.96566548601,291.1607814703176,0.6246400112359205,3,34.71026074861989,65.10661424234641,466.09615895416783,22.692307692307693,4.028686652728679
152,2025-02-08T08:00:00,CO,46.62307874458986,11599.96566548601,291.1607814703176,0.6246400112359205,3,34.71026074861989,65.10661424234641,466.09615895416783,31.53846153846154,0.7323834872614564
152,2025-02-08T08:00:00,CO,46.62307874458986,11599.96566548601,291.1607814703176,0.6246400112359205,3,34.71026074861989,65.10661424234641,466.09615895416783,40.38461538461539,0.11315878305122647
152,2025-02-08T08:00:00,CO,46.62307874458986,11599.96566548601,291.1607814703176,0.6246400112359205,3,,65.10661424234641,466.09615895416783,49.23076923076923,0.05
152,2025-02-08T08:00:00,CO,46.62307874458986,11599.96566548601,291.1607814703176,0.6246400112359205,3,34.71026074861989,65.10661424234641,466.09615895416783,58.07692307692308,0.05
152,2025-02-08T08:00:00,CO,46.62307874458986,11599.96566548601,291.1607814703176,0.6246400112359205,3,34.71026074861989,65.10661424234641,466.09615895416783,66.92307692307693,0.05
152,2025-02-08T08:00:00,CO,46.62307874458986,11599.96566548601,291.1607814703176,0.6246400112359205,3,34.71026074861989,65.10661424234641,466.09615895416783,75.76923076923077,0.05
152,2025-02-08T08:00:00,CO,46.62307874458986,11599.96566548601,291.1607814703176,0.6246400112359205,3,34.71026074861989,65.10661424234641,466.09615895416783,84.61538461538461,0.05
152,2025-02-08T08:00:00,CO,46.62307874458986,11599.96566548601,291.1607814703176,0.6246400112359205,3,34.71026074861989,65.10661424234641,466.09615895416783,93.46153846153847,0.05
152,2025-02-08T08:00:00,CO,46.62307874458986,11599.96566548601,291.1607814703176,0.6246400112359205,3,34.71026074861989,65.10661424234641,466.09615895416783,102.30769230769232,0.05
152,2025-02-08T08:00:00,CO,46.62307874458986,11599.96566548601,291.1607814703176,0.6246400112359205,3,34.71026074861989,65.10661424234641,466.09615895416783,111.15384615384616,0.05
152,2025-02-08T08:00:00,CO,46.62307874458986,11599.96566548601,291.1607814703176,0.6246400112359205,3,34.71026074861989,65.10661424234641,466.09615895416783,120.0,0.05
153,2025-02-08T14:00:00,CO,100.11000237527342,2776.353584456235,51.75814856874685,1.2704349366149392,2,25.000864447459577,48.360040335499,227.77136633334644,5.0,0.05
153,2025-02-08T14:00:00,CO,100.11000237527342,2776.353584456235,51.75814856874685,1.2704349366149392,2,25.000864447459577,48.360040335499,227.77136633334644,13.846153846153847,0.05
153,2025-02-08T14:00:00,CO,100.11000237527342,2776.353584456235,51.75814856874685,1.2704349366149392,2,25.000864447459577,48.360040335499,227.77136633334644,22.692307692307693,0.05
153,2025-02-08T14:00:00,CO,100.11000237527342,2776.353584456235,51.75814856874685,1.2704349366149392,2,25.000864447459577,48.360040335499,227.77136633334644,31.53846153846154,0.05
153,2025-02-08T14:00:00,CO,100.11000237527342,2776.353584456235,51.75814856874685,1.2704349366149392,2,25.000864447459577,48.360040335499,227.77136633334644,40.38461538461539,0.05
153,2025-02-08T14:00:00,CO,100.11000237527342,2776.353584456235,51.75814856874685,1.2704349366149392,2,25.000864447459577,48.360040335499,227.77136633334644,49.23076923076923,0.05
153,2025-02-08T14:00:00,CO,100.11000237527342,2776.353584456235,51.75814856874685,1.2704349366149392,2,25.000864447459577,,227.77136633334644,58.07692307692308,0.05
153,2025-02-08T14:00:00,CO,100.11000237527342,2776.353584456235,51.75814856874685,1.2704349366149392,2,25.000864447459577,48.360040335499,227.77136633334644,66.92307692307693,0.05
153,2025-02-08T14:00:00,CO,100.11000237527342,2776.353584456235,51.75814856874685,1.2704349366149392,2,25.000864447459577,48.360040335499,227.77136633334644,75.76923076923077,0.05
153,2025-02-08T14:00:00,CO,100.11000237527342,2776.353584456235,51.75814856874685,1.2704349366149392,2,25.000864447459577,48.360040335499,227.77136633334644,84.61538461538461,0.05
153,2025-02-08T14:00:00,CO,100.11000237527342,2776.353584456235,51.75814856874685,1.2704349366149392,2,25.000864447459577,48.360040335499,227.77136633334644,93.46153846153847,0.05
153,2025-02-08T14:00:00,CO,100.11000237527342,2776.353584456235,51.75814856874685,1.2704349366149392,2,25.000864447459577,48.360040335499,227.77136633334644,102.30769230769232,0.05
153,2025-02-08T14:00:00,CO,100.11000237527342,2776.353584456235,51.75814856874685,1.2704349366149392,2,25.000864447459577,48.360040335499,227.77136633334644,111.15384615384616,0.05
153,2025-02-08T14:00:00,CO,100.11000237527342,2776.353584456235,51.75814856874685,1.2704349366149392,2,25.000864447459577,48.360040335499,227.77136633334644,120.0,0.05
154,2025-02-08T20:00:00,CO,34.811867399300226,2240.1913022022763,189.59932569583444,1.0273591668449726,4,30.216491009319395,42.77528412275833,302.8464010982006,5.0,2.755569802190105
154,2025-02-08T20:00:00,CO,34.811867399300226,2240.1913022022763,189.59932569583444,1.0273591668449726,4,30.216491009319395,42.77528412275833,302.8464010982006,13.846153846153847,0.05
154,2025-02-08T20:00:00,CO,34.811867399300226,2240.1913022022763,189.59932569583444,1.0273591668449726,4,30.216491009319395,42.77528412275833,302.8464010982006,22.692307692307693,0.05
154,2025-02-08T20:00:00,CO,34.811867399300226,2240.1913022022763,189.59932569583444,1.0273591668449726,4,30.216491009319395,42.77528412275833,302.8464010982006,31.53846153846154,0.05
154,2025-02-08T20:00:00,CO,34.811867399300226,2240.1913022022763,189.59932569583444,1.0273591668449726,4,30.216491009319395,42.77528412275833,302.8464010982006,40.38461538461539,0.05
154,2025-02-08T20:00:00,CO,34.811867399300226,2240.1913022022763,189.59932569583444,1.0273591668449726,4,,42.77528412275833,302.8464010982006,49.23076923076923,0.05
154,2025-02-08T20:00:00,CO,34.811867399300226,2240.1913022022763,189.59932569583444,1.0273591668449726,4,30.216491009319395,42.77528412275833,302.8464010982006,58.07692307692308,0.05
154,2025-02-08T20:00:00,CO,34.811867399300226,2240.1913022022763,189.59932569583444,1.0273591668449726,4,30.216491009319395,42.77528412275833,302.8464010982006,66.92307692307693,0.05
154,2025-02-08T20:00:00,CO,34.811867399300226,2240.1913022022763,189.59932569583444,1.0273591668449726,4,30.216491009319395,42.77528412275833,302.8464010982006,75.76923076923077,0.05
154,2025-02-08T20:00:00,CO,34.811867399300226,2240.1913022022763,189.59932569583444,1.0273591668449726,4,30.216491009319395,42.77528412275833,302.8464010982006,84.61538461538461,0.05
154,2025-02-08T20:00:00,CO,34.811867399300226,2240.1913022022763,189.59932569583444,1.0273591668449726,4,30.216491009319395,42.77528412275833,302.8464010982006,93.46153846153847,0.05
154,2025-02-08T20:00:00,CO,34.811867399300226,2240.1913022022763,189.59932569583444,1.0273591668449726,4,30.216491009319395,42.77528412275833,302.8464010982006,102.30769230769232,0.05
154,2025-02-08T20:00:00,CO,34.811867399300226,2240.1913022022763,189.59932569583444,1.0273591668449726,4,30.216491009319395,42.77528412275833,302.8464010982006,111.15384615384616,0.05
154,2025-02-08T20:00:00,CO,34.811867399300226,2240.1913022022763,189.59932569583444,1.0273591668449726,4,30.216491009319395,42.77528412275833,302.8464010982006,120.0,0.05
155,2025-02-09T02:00:00,CO,16.202368643615213,7523.060751580117,68.74820919285648,0.9824344959141605,1,33.03901016543486,50.41512089768718,267.5527360605586,5.0,147.2518171804233
155,2025-02-09T02:00:00,CO,16.202368643615213,7523.060751580117,68.74820919285648,0.9824344959141605,1,33.03901016543486,50.41512089768718,267.5527360605586,13.846153846153847,49.19834376207434
155,2025-02-09T02:00:00,CO,16.202368643615213,7523.060751580117,68.74820919285648,0.9824344959141605,1,33.03901016543486,50.41512089768718,267.5527360605586,22.692307692307693,21.273722618375682
155,2025-02-09T02:00:00,CO,16.202368643615213,7523.060751580117,68.74820919285648,0.9824344959141605,1,33.03901016543486,,267.5527360605586,31.53846153846154,7.920642271237458
155,2025-02-09T02:00:00,CO,16.202368643615213,7523.060751580117,68.74820919285648,0.9824344959141605,1,33.03901016543486,50.41512089768718,267.5527360605586,40.38461538461539,2.5877338338752316
155,2025-02-09T02:00:00,CO,16.202368643615213,7523.060751580117,68.74820919285648,0.9824344959141605,1,33.03901016543486,50.41512089768718,267.5527360605586,49.23076923076923,1.007839074745747
155,2025-02-09T02:00:00,CO,16.202368643615213,7523.060751580117,68.74820919285648,0.9824344959141605,1,33.03901016543486,50.41512089768718,267.5527360605586,58.07692307692308,0.3550233293644915
155,2025-02-09T02:00:00,CO,16.202368643615213,7523.060751580117,68.74820919285648,0.9824344959141605,1,33.03901016543486,50.41512089768718,267.5527360605586,66.92307692307693,0.1344384606979221
155,2025-02-09T02:00:00,CO,16.202368643615213,7523.060751580117,68.74820919285648,0.9824344959141605,1,33.03901016543486,50.41512089768718,267.5527360605586,75.76923076923077,0.05
155,2025-02-09T02:00:00,CO,16.202368643615213,7523.060751580117,68.74820919285648,0.9824344959141605,1,33.03901016543486,50.41512089768718,267.5527360605586,84.61538461538461,0.05
155,2025-02-09T02:00:00,CO,16.202368643615213,7523.060751580117,68.74820919285648,0.9824344959141605,1,33.03901016543486,50.41512089768718,267.5527360605586,93.46153846153847,0.05
155,2025-02-09T02:00:00,CO,16.202368643615213,7523.060751580117,68.74820919285648,0.9824344959141605,1,33.03901016543486,50.41512089768718,267.5527360605586,102.30769230769232,0.05
155,2025-02-09T02:00:00,CO,16.202368643615213,7523.060751580117,68.74820919285648,0.9824344959141605,1,33.03901016543486,50.41512089768718,267.5527360605586,111.15384615384616,0.05
155,2025-02-09T02:00:00,CO,16.202368643615213,7523.060751580117,68.74820919285648,0.9824344959141605,1,33.03901016543486,50.41512089768718,267.5527360605586,120.0,0.05
156,2025-02-09T08:00:00,SO2,101.89556671422011,8978.97653753652,366.75676299547405,1.511822357621004,2,30.76574047825087,55.89638329436636,686.7881102659754,5.0,39.24046044087035
156,2025-02-09T08:00:00,SO2,101.89556671422011,8978.97653753652,366.75676299547405,1.511822357621004,2,30.76574047825087,55.89638329436636,686.7881102659754,13.846153846153847,0.19373599231365102
156,2025-02-09T08:00:00,SO2,101.89556671422011,8978.97653753652,366.75676299547405,1.511822357621004,2,30.76574047825087,55.89638329436636,686.7881102659754,22.692307692307693,0.05
156,2025-02-09T08:00:00,SO2,101.89556671422011,8978.97653753652,366.75676299547405,1.511822357621004,2,30.76574047825087,55.89638329436636,686.7881102659754,31.53846153846154,0.05
156,2025-02-09T08:00:00,SO2,101.89556671422011,8978.97653753652,366.75676299547405,1.511822357621004,2,30.76574047825087,55.89638329436636,686.7881102659754,40.38461538461539,0.05
156,2025-02-09T08:00:00,SO2,101.89556671422011,8978.97653753652,366.75676299547405,1.511822357621004,2,30.76574047825087,55.89638329436636,686.7881102659754,49.23076923076923,0.05
156,2025-02-09T08:00:00,SO2,101.89556671422011,8978.97653753652,366.75676299547405,1.511822357621004,2,30.76574047825087,55.89638329436636,686.7881102659754,58.07692307692308,0.05
156,2025-02-09T08:00:00,SO2,101.89556671422011,8978.97653753652,366.75676299547405,1.511822357621004,2,30.76574047825087,55.89638329436636,686.7881102659754,66.92307692307693,0.05
156,2025-02-09T08:00:00,SO2,101.89556671422011,8978.97653753652,366.75676299547405,1.511822357621004,2,30.76574047825087,55.89638329436636,686.7881102659754,75.76923076923077,0.05
156,2025-02-09T08:00:00,SO2,101.89556671422011,8978.97653753652,366.75676299547405,1.511822357621004,2,30.76574047825087,55.89638329436636,686.7881102659754,84.61538461538461,0.05
156,2025-02-09T08:00:00,SO2,101.89556671422011,8978.97653753652,366.75676299547405,1.511822357621004,2,30.76574047825087,55.89638329436636,686.7881102659754,93.46153846153847,0.05
156,2025-02-09T08:00:00,SO2,101.89556671422011,8978.97653753652,366.75676299547405,1.511822357621004,2,30.76574047825087,55.89638329436636,686.7881102659754,102.30769230769232,0.05
156,2025-02-09T08:00:00,SO2,101.89556671422011,8978.97653753652,366.75676299547405,1.511822357621004,2,30.76574047825087,55.89638329436636,686.7881102659754,111.15384615384616,0.05
156,2025-02-09T08:00:00,SO2,101.89556671422011,8978.97653753652,366.75676299547405,1.511822357621004,2,30.76574047825087,55.89638329436636,686.7881102659754,120.0,0.05
157,2025-02-09T14:00:00,NOx,59.65127449802915,3165.36966432545,109.36336137226843,1.406269601217149,2,28.215129734970297,30.408218922296,584.9347992997954,5.0,1.742706823154467
157,2025-02-09T14:00:00,NOx,59.65127449802915,3165.36966432545,109.36336137226843,1.406269601217149,2,28.215129734970297,30.408218922296,584.9347992997954,13.846153846153847,0.05
157,2025-02-09T14:00:00,NOx,59.65127449802915,3165.36966432545,109.36336137226843,1.406269601217149,2,28.215129734970297,30.408218922296,584.9347992997954,22.692307692307693,0.05
157,2025-02-09T14:00:00,NOx,59.65127449802915,3165.36966432545,109.36336137226843,1.406269601217149,2,28.215129734970297,30.408218922296,584.9347992997954,31.53846153846154,0.05
157,2025-02-09T14:00:00,NOx,59.65127449802915,3165.36966432545,109.36336137226843,1.406269601217149,2,28.215129734970297,30.408218922296,584.9347992997954,40.38461538461539,0.05
157,2025-02-09T14:00:00,NOx,59.65127449802915,3165.36966432545,109.36336137226843,1.406269601217149,2,28.215129734970297,30.408218922296,584.9347992997954,49.23076923076923,0.05
157,2025-02-09T14:00:00,NOx,59.65127449802915,3165.36966432545,109.36336137226843,1.406269601217149,2,28.215129734970297,30.408218922296,584.9347992997954,58.07692307692308,0.05
157,2025-02-09T14:00:00,NOx,59.65127449802915,3165.36966432545,109.36336137226843,1.406269601217149,2,28.215129734970297,30.408218922296,584.9347992997954,66.92307692307693,0.05
157,2025-02-09T14:00:00,NOx,59.65127449802915,3165.36966432545,109.36336137226843,1.406269601217149,2,28.215129734970297,30.408218922296,584.9347992997954,75.76923076923077,0.05
157,2025-02-09T14:00:00,NOx,59.65127449802915,3165.36966432545,109.36336137226843,1.406269601217149,2,28.215129734970297,30.408218922296,584.9347992997954,84.61538461538461,0.05
157,2025-02-09T14:00:00,NOx,59.65127449802915,3165.36966432545,109.36336137226843,1.406269601217149,2,28.215129734970297,30.408218922296,584.9347992997954,93.46153846153847,0.05
157,2025-02-09T14:00:00,NOx,59.65127449802915,3165.36966432545,109.36336137226843,1.406269601217149,2,28.215129734970297,30.408218922296,584.9347992997954,102.30769230769232,0.05
157,2025-02-09T14:00:00,NOx,59.65127449802915,3165.36966432545,109.36336137226843,1.406269601217149,2,28.215129734970297,30.408218922296,584.9347992997954,111.15384615384616,
157,2025-02-09T14:00:00,NOx,59.65127449802915,3165.36966432545,109.36336137226843,1.406269601217149,2,28.215129734970297,30.408218922296,584.9347992997954,120.0,0.05
158,2025-02-09T20:00:00,CO,21.546145425089726,3585.332264824088,54.534039412939855,1.3165401883712864,4,24.73973237733602,64.72297627789375,519.2913597222434,5.0,63.964768118972984
158,2025-02-09T20:00:00,CO,21.546145425089726,3585.332264824088,54.534039412939855,1.3165401883712864,4,24.73973237733602,64.72297627789375,519.2913597222434,13.846153846153847,1.914577770340103
158,2025-02-09T20:00:00,CO,21.546145425089726,3585.332264824088,54.534039412939855,1.3165401883712864,4,24.73973237733602,64.72297627789375,519.2913597222434,22.692307692307693,0.05
158,2025-02-09T20:00:00,CO,21.546145425089726,3585.332264824088,54.534039412939855,1.3165401883712864,4,24.73973237733602,64.72297627789375,519.2913597222434,31.53846153846154,0.05
158,2025-02-09T20:00:00,CO,21.546145425089726,3585.332264824088,54.534039412939855,1.3165401883712864,4,24.73973237733602,64.72297627789375,519.2913597222434,40.38461538461539,0.05
158,2025-02-09T20:00:00,CO,21.546145425089726,3585.332264824088,54.534039412939855,1.3165401883712864,4,24.73973237733602,64.72297627789375,519.2913597222434,49.23076923076923,0.05
158,2025-02-09T20:00:00,CO,21.546145425089726,3585.332264824088,54.534039412939855,1.3165401883712864,4,24.73973237733602,64.72297627789375,519.2913597222434,58.07692307692308,0.05
158,2025-02-09T20:00:00,CO,21.546145425089726,3585.332264824088,54.534039412939855,1.3165401883712864,4,24.73973237733602,64.72297627789375,519.2913597222434,66.92307692307693,0.05
158,2025-02-09T20:00:00,CO,21.546145425089726,3585.332264824088,54.534039412939855,1.3165401883712864,4,24.73973237733602,64.72297627789375,519.2913597222434,75.76923076923077,0.05
158,2025-02-09T20:00:00,CO,21.546145425089726,3585.332264824088,54.534039412939855,1.3165401883712864,4,24.73973237733602,64.72297627789375,519.2913597222434,84.61538461538461,0.05
158,2025-02-09T20:00:00,CO,21.546145425089726,3585.332264824088,54.534039412939855,1.3165401883712864,4,24.73973237733602,64.72297627789375,519.2913597222434,93.46153846153847,0.05
158,2025-02-09T20:00:00,CO,21.546145425089726,3585.332264824088,54.534039412939855,1.3165401883712864,4,24.73973237733602,64.72297627789375,519.2913597222434,102.30769230769232,0.05
158,2025-02-09T20:00:00,CO,21.546145425089726,3585.332264824088,54.534039412939855,1.3165401883712864,4,24.73973237733602,64.72297627789375,519.2913597222434,111.15384615384616,0.05
158,2025-02-09T20:00:00,CO,21.546145425089726,3585.332264824088,54.534039412939855,1.3165401883712864,4,24.73973237733602,64.72297627789375,519.2913597222434,120.0,0.05
159,2025-02-10T02:00:00,SO2,115.70440848848054,2232.282704745943,176.58177473328925,1.1924952655536565,2,22.431169987718604,44.48623771806885,57.70120560356689,5.0,0.05
159,2025-02-10T02:00:00,SO2,115.70440848848054,2232.282704745943,176.58177473328925,1.1924952655536565,2,22.431169987718604,44.48623771806885,57.70120560356689,13.846153846153847,0.05
159,2025-02-10T02:00:00,SO2,115.70440848848054,2232.282704745943,176.58177473328925,1.1924952655536565,2,22.431169987718604,44.48623771806885,57.70120560356689,22.692307692307693,0.05
159,2025-02-10T02:00:00,SO2,115.70440848848054,2232.282704745943,176.58177473328925,1.1924952655536565,2,22.431169987718604,44.48623771806885,57.70120560356689,31.53846153846154,0.05
159,2025-02-10T02:00:00,SO2,115.70440848848054,2232.282704745943,176.58177473328925,1.1924952655536565,2,22.431169987718604,44.48623771806885,57.70120560356689,40.38461538461539,0.05
159,2025-02-10T02:00:00,SO2,115.70440848848054,2232.282704745943,176.58177473328925,1.1924952655536565,2,22.431169987718604,44.48623771806885,57.70120560356689,49.23076923076923,0.05
159,2025-02-10T02:00:00,SO2,115.70440848848054,2232.282704745943,176.58177473328925,1.1924952655536565,2,22.431169987718604,44.48623771806885,57.70120560356689,58.07692307692308,0.05
159,2025-02-10T02:00:00,SO2,115.70440848848054,2232.282704745943,176.58177473328925,1.1924952655536565,2,22.431169987718604,44.48623771806885,57.70120560356689,66.92307692307693,0.05
159,2025-02-10T02:00:00,SO2,115.70440848848054,2232.282704745943,176.58177473328925,1.1924952655536565,2,,44.48623771806885,57.70120560356689,75.76923076923077,0.05
159,2025-02-10T02:00:00,SO2,115.70440848848054,2232.282704745943,176.58177473328925,1.1924952655536565,2,22.431169987718604,44.48623771806885,57.70120560356689,84.61538461538461,0.05
159,2025-02-10T02:00:00,SO2,115.70440848848054,2232.282704745943,176.58177473328925,1.1924952655536565,2,22.431169987718604,44.48623771806885,57.70120560356689,93.46153846153847,0.05
159,2025-02-10T02:00:00,SO2,115.70440848848054,2232.282704745943,176.58177473328925,1.1924952655536565,2,22.431169987718604,44.48623771806885,57.70120560356689,102.30769230769232,0.05
159,2025-02-10T02:00:00,SO2,115.70440848848054,2232.282704745943,176.58177473328925,1.1924952655536565,2,22.431169987718604,44.48623771806885,57.70120560356689,111.15384615384616,0.05
159,2025-02-10T02:00:00,SO2,115.70440848848054,2232.282704745943,176.58177473328925,1.1924952655536565,2,22.431169987718604,44.48623771806885,57.70120560356689,120.0,0.05
160,2025-02-10T08:00:00,SO2,98.2021754709094,7158.868508621342,87.77366594714876,1.011496955548962,1,26.617697948217057,48.415517736831724,365.13849511583567,5.0,10.74925729005699
160,2025-02-10T08:00:00,SO2,98.2021754709094,7158.868508621342,87.77366594714876,1.011496955548962,1,26.617697948217057,48.415517736831724,365.13849511583567,13.846153846153847,0.05
160,2025-02-10T08:00:00,SO2,98.2021754709094,7158.868508621342,87.77366594714876,1.011496955548962,1,26.617697948217057,48.415517736831724,365.13849511583567,22.692307692307693,0.05
160,2025-02-10T08:00:00,SO2,98.2021754709094,7158.868508621342,87.77366594714876,1.011496955548962,1,26.617697948217057,48.415517736831724,365.13849511583567,31.53846153846154,0.05
160,2025-02-10T08:00:00,SO2,98.2021754709094,7158.868508621342,87.77366594714876,1.011496955548962,1,26.617697948217057,48.415517736831724,365.13849511583567,40.38461538461539,0.05
160,2025-02-10T08:00:00,SO2,98.2021754709094,7158.868508621342,87.77366594714876,1.011496955548962,1,26.617697948217057,48.415517736831724,365.13849511583567,49.23076923076923,0.05
160,2025-02-10T08:00:00,SO2,98.2021754709094,7158.868508621342,87.77366594714876,1.011496955548962,1,26.617697948217057,48.415517736831724,365.13849511583567,58.07692307692308,0.05
160,2025-02-10T08:00:00,SO2,98.2021754709094,7158.868508621342,87.77366594714876,1.011496955548962,1,,48.415517736831724,365.13849511583567,66.92307692307693,0.05
160,2025-02-10T08:00:00,SO2,98.2021754709094,7158.868508621342,87.77366594714876,1.011496955548962,1,26.617697948217057,48.415517736831724,365.13849511583567,75.76923076923077,0.05
160,2025-02-10T08:00:00,SO2,98.2021754709094,7158.868508621342,87.77366594714876,1.011496955548962,1,26.617697948217057,48.415517736831724,365.13849511583567,84.61538461538461,0.05
160,2025-02-10T08:00:00,SO2,98.2021754709094,7158.868508621342,87.77366594714876,1.011496955548962,1,26.617697948217057,48.415517736831724,365.13849511583567,93.46153846153847,0.05
160,2025-02-10T08:00:00,SO2,98.2021754709094,7158.868508621342,87.77366594714876,1.011496955548962,1,26.617697948217057,48.415517736831724,365.13849511583567,102.30769230769232,0.05
160,2025-02-10T08:00:00,SO2,98.2021754709094,7158.868508621342,87.77366594714876,1.011496955548962,1,26.617697948217057,48.415517736831724,365.13849511583567,111.15384615384616,0.05
160,2025-02-10T08:00:00,SO2,98.2021754709094,7158.868508621342,87.77366594714876,1.011496955548962,1,26.617697948217057,48.415517736831724,365.13849511583567,120.0,0.05
161,2025-02-10T14:00:00,CO,62.77968550592575,4051.463675125908,214.73838624849068,1.1755495137911791,0,18.798838501729385,72.70164443776929,255.06445105459775,5.0,4.332366659122083
161,2025-02-10T14:00:00,CO,62.77968550592575,4051.463675125908,214.73838624849068,1.1755495137911791,0,18.798838501729385,72.70164443776929,255.06445105459775,13.846153846153847,0.05
161,2025-02-10T14:00:00,CO,62.77968550592575,4051.463675125908,214.73838624849068,1.1755495137911791,0,18.798838501729385,72.70164443776929,255.06445105459775,22.692307692307693,0.05
161,2025-02-10T14:00:00,CO,62.77968550592575,4051.463675125908,214.73838624849068,1.1755495137911791,0,18.798838501729385,72.70164443776929,255.06445105459775,31.53846153846154,0.05
161,2025-02-10T14:00:00,CO,62.77968550592575,4051.463675125908,214.73838624849068,1.1755495137911791,0,18.798838501729385,,255.06445105459775,40.38461538461539,0.05
161,2025-02-10T14:00:00,CO,62.77968550592575,4051.463675125908,214.73838624849068,1.1755495137911791,0,18.798838501729385,72.70164443776929,255.06445105459775,49.23076923076923,0.05
161,2025-02-10T14:00:00,CO,62.77968550592575,4051.463675125908,214.73838624849068,1.1755495137911791,0,18.798838501729385,72.70164443776929,255.06445105459775,58.07692307692308,0.05
161,2025-02-10T14:00:00,CO,62.77968550592575,4051.463675125908,214.73838624849068,1.1755495137911791,0,18.798838501729385,72.70164443776929,255.06445105459775,66.92307692307693,0.05
161,2025-02-10T14:00:00,CO,62.77968550592575,4051.463675125908,214.73838624849068,1.1755495137911791,0,18.798838501729385,72.70164443776929,255.06445105459775,75.76923076923077,0.05
161,2025-02-10T14:00:00,CO,62.77968550592575,4051.463675125908,214.73838624849068,1.1755495137911791,0,18.798838501729385,72.70164443776929,255.06445105459775,84.61538461538461,0.05
161,2025-02-10T14:00:00,CO,62.77968550592575,4051.463675125908,214.73838624849068,1.1755495137911791,0,18.798838501729385,72.70164443776929,255.06445105459775,93.46153846153847,0.05
161,2025-02-10T14:00:00,CO,62.77968550592575,4051.463675125908,214.73838624849068,1.1755495137911791,0,18.798838501729385,72.70164443776929,255.06445105459775,102.30769230769232,0.05
161,2025-02-10T14:00:00,CO,62.77968550592575,4051.463675125908,214.73838624849068,1.1755495137911791,0,18.798838501729385,72.70164443776929,255.06445105459775,111.15384615384616,0.05
161,2025-02-10T14:00:00,CO,62.77968550592575,4051.463675125908,214.73838624849068,1.1755495137911791,0,18.798838501729385,72.70164443776929,255.06445105459775,120.0,0.05
162,2025-02-10T20:00:00,CO,88.27436406179066,1712.1557898971603,227.3854655322341,0.28809636843939324,4,24.874201539941392,81.95516884634972,286.33440309707873,5.0,0.05
162,2025-02-10T20:00:00,CO,88.27436406179066,1712.1557898971603,227.3854655322341,0.28809636843939324,4,24.874201539941392,81.95516884634972,286.33440309707873,13.846153846153847,0.05
162,2025-02-10T20:00:00,CO,88.27436406179066,1712.1557898971603,227.3854655322341,0.28809636843939324,4,24.874201539941392,81.95516884634972,286.33440309707873,22.692307692307693,0.05
162,2025-02-10T20:00:00,CO,88.27436406179066,1712.1557898971603,227.3854655322341,0.28809636843939324,4,24.874201539941392,81.95516884634972,286.33440309707873,31.53846153846154,0.05
162,2025-02-10T20:00:00,CO,88.27436406179066,1712.1557898971603,227.3854655322341,0.28809636843939324,4,24.874201539941392,81.95516884634972,286.33440309707873,40.38461538461539,0.05
162,2025-02-10T20:00:00,CO,88.27436406179066,1712.1557898971603,227.3854655322341,0.28809636843939324,4,24.874201539941392,81.95516884634972,286.33440309707873,49.23076923076923,0.05
162,2025-02-10T20:00:00,CO,88.27436406179066,1712.1557898971603,227.3854655322341,0.28809636843939324,4,24.874201539941392,81.95516884634972,286.33440309707873,58.07692307692308,0.05
162,2025-02-10T20:00:00,CO,88.27436406179066,1712.1557898971603,227.3854655322341,0.28809636843939324,4,24.874201539941392,81.95516884634972,286.33440309707873,66.92307692307693,0.05
162,2025-02-10T20:00:00,CO,88.27436406179066,1712.1557898971603,227.3854655322341,0.28809636843939324,4,24.874201539941392,81.95516884634972,286.33440309707873,75.76923076923077,0.05
162,2025-02-10T20:00:00,CO,88.27436406179066,1712.1557898971603,227.3854655322341,0.28809636843939324,4,24.874201539941392,81.95516884634972,286.33440309707873,84.61538461538461,0.05
162,2025-02-10T20:00:00,CO,88.27436406179066,1712.1557898971603,227.3854655322341,0.28809636843939324,4,24.874201539941392,81.95516884634972,286.33440309707873,93.46153846153847,0.05
162,2025-02-10T20:00:00,CO,88.27436406179066,1712.1557898971603,227.3854655322341,0.28809636843939324,4,24.874201539941392,81.95516884634972,286.33440309707873,102.30769230769232,0.05
162,2025-02-10T20:00:00,CO,88.27436406179066,1712.1557898971603,227.3854655322341,0.28809636843939324,4,,,286.33440309707873,111.15384615384616,0.05
162,2025-02-10T20:00:00,CO,88.27436406179066,1712.1557898971603,227.3854655322341,0.28809636843939324,4,24.874201539941392,81.95516884634972,286.33440309707873,120.0,0.05
163,2025-02-11T02:00:00,SO2,88.99171947466691,5992.608454880132,439.26565637332345,0.30308116709491506,3,37.73784405076016,75.96349310250633,745.9868130160329,5.0,26.93633291162769
163,2025-02-11T02:00:00,SO2,88.99171947466691,5992.608454880132,439.26565637332345,0.30308116709491506,3,37.73784405076016,75.96349310250633,745.9868130160329,13.846153846153847,0.07628626029804653
163,2025-02-11T02:00:00,SO2,88.99171947466691,5992.608454880132,439.26565637332345,0.30308116709491506,3,37.73784405076016,75.96349310250633,745.9868130160329,22.692307692307693,0.05
163,2025-02-11T02:00:00,SO2,88.99171947466691,5992.608454880132,439.26565637332345,0.30308116709491506,3,37.73784405076016,75.96349310250633,745.9868130160329,31.53846153846154,0.05
163,2025-02-11T02:00:00,SO2,88.99171947466691,5992.608454880132,439.26565637332345,0.30308116709491506,3,37.73784405076016,75.96349310250633,745.9868130160329,40.38461538461539,0.05
163,2025-02-11T02:00:00,SO2,88.99171947466691,5992.608454880132,439.26565637332345,0.30308116709491506,3,37.73784405076016,75.96349310250633,745.9868130160329,49.23076923076923,0.05
163,2025-02-11T02:00:00,SO2,88.99171947466691,5992.608454880132,439.26565637332345,0.30308116709491506,3,37.73784405076016,75.96349310250633,745.9868130160329,58.07692307692308,0.05
163,2025-02-11T02:00:00,SO2,88.99171947466691,5992.608454880132,439.26565637332345,0.30308116709491506,3,37.73784405076016,75.96349310250633,745.9868130160329,66.92307692307693,0.05
163,2025-02-11T02:00:00,SO2,88.99171947466691,5992.608454880132,439.26565637332345,0.30308116709491506,3,37.73784405076016,75.96349310250633,745.9868130160329,75.76923076923077,0.05
163,2025-02-11T02:00:00,SO2,88.99171947466691,5992.608454880132,439.26565637332345,0.30308116709491506,3,37.73784405076016,75.96349310250633,745.9868130160329,84.61538461538461,0.05
163,2025-02-11T02:00:00,SO2,88.99171947466691,5992.608454880132,439.26565637332345,0.30308116709491506,3,,75.96349310250633,745.9868130160329,93.46153846153847,0.05
163,2025-02-11T02:00:00,SO2,88.99171947466691,5992.608454880132,439.26565637332345,0.30308116709491506,3,37.73784405076016,75.96349310250633,745.9868130160329,102.30769230769232,0.05
163,2025-02-11T02:00:00,SO2,88.99171947466691,5992.608454880132,439.26565637332345,0.30308116709491506,3,37.73784405076016,75.96349310250633,745.9868130160329,111.15384615384616,0.05
163,2025-02-11T02:00:00,SO2,88.99171947466691,5992.608454880132,439.26565637332345,0.30308116709491506,3,37.73784405076016,75.96349310250633,745.9868130160329,120.0,0.05
164,2025-02-11T08:00:00,CO,84.19738335502986,9904.539894192523,400.11795058211777,0.9884719080785503,3,28.2261190682539,53.47180535127345,697.7282102727962,5.0,75.8513263317311
164,2025-02-11T08:00:00,CO,84.19738335502986,9904.539894192523,400.11795058211777,0.9884719080785503,3,28.2261190682539,53.47180535127345,697.7282102727962,13.846153846153847,1.5189966796387615
164,2025-02-11T08:00:00,CO,84.19738335502986,9904.539894192523,400.11795058211777,0.9884719080785503,3,28.2261190682539,53.47180535127345,697.7282102727962,22.692307692307693,0.05
164,2025-02-11T08:00:00,CO,84.19738335502986,9904.539894192523,400.11795058211777,0.9884719080785503,3,28.2261190682539,53.47180535127345,697.7282102727962,31.53846153846154,0.05
164,2025-02-11T08:00:00,CO,84.19738335502986,9904.539894192523,400.11795058211777,0.9884719080785503,3,28.2261190682539,53.47180535127345,697.7282102727962,40.38461538461539,0.05
164,2025-02-11T08:00:00,CO,84.19738335502986,9904.539894192523,400.11795058211777,0.9884719080785503,3,28.2261190682539,53.47180535127345,697.7282102727962,49.23076923076923,0.05
164,2025-02-11T08:00:00,CO,84.19738335502986,9904.539894192523,400.11795058211777,0.9884719080785503,3,28.2261190682539,53.47180535127345,697.7282102727962,58.07692307692308,0.05
164,2025-02-11T08:00:00,CO,84.19738335502986,9904.539894192523,400.11795058211777,0.9884719080785503,3,28.2261190682539,53.47180535127345,697.7282102727962,66.92307692307693,0.05
164,2025-02-11T08:00:00,CO,84.19738335502986,9904.539894192523,400.11795058211777,0.9884719080785503,3,28.2261190682539,53.47180535127345,697.7282102727962,75.76923076923077,0.05
164,2025-02-11T08:00:00,CO,84.19738335502986,9904.539894192523,400.11795058211777,0.9884719080785503,3,28.2261190682539,53.47180535127345,697.7282102727962,84.61538461538461,0.05
164,2025-02-11T08:00:00,CO,84.19738335502986,9904.539894192523,400.11795058211777,0.9884719080785503,3,28.2261190682539,53.47180535127345,697.7282102727962,93.46153846153847,0.05
164,2025-02-11T08:00:00,CO,84.19738335502986,9904.539894192523,400.11795058211777,0.9884719080785503,3,28.2261190682539,53.47180535127345,697.7282102727962,102.30769230769232,0.05
164,2025-02-11T08:00:00,CO,84.19738335502986,9904.539894192523,400.11795058211777,0.9884719080785503,3,28.2261190682539,53.47180535127345,697.7282102727962,111.15384615384616,0.05
164,2025-02-11T08:00:00,CO,84.19738335502986,9904.539894192523,400.11795058211777,0.9884719080785503,3,28.2261190682539,53.47180535127345,697.7282102727962,120.0,
165,2025-02-11T14:00:00,CO,110.27321467508582,6751.995528327186,276.1659412440339,0.9387244959519856,4,18.72049813672533,54.82543970839589,240.2977436345128,5.0,4.600211462846329
165,2025-02-11T14:00:00,CO,110.27321467508582,6751.995528327186,276.1659412440339,0.9387244959519856,4,18.72049813672533,54.82543970839589,240.2977436345128,13.846153846153847,0.05
165,2025-02-11T14:00:00,CO,110.27321467508582,6751.995528327186,276.1659412440339,0.9387244959519856,4,18.72049813672533,54.82543970839589,240.2977436345128,22.692307692307693,0.05
165,2025-02-11T14:00:00,CO,110.27321467508582,6751.995528327186,276.1659412440339,0.9387244959519856,4,18.72049813672533,54.82543970839589,240.2977436345128,31.53846153846154,0.05
165,2025-02-11T14:00:00,CO,110.27321467508582,6751.995528327186,276.1659412440339,0.9387244959519856,4,18.72049813672533,54.82543970839589,240.2977436345128,40.38461538461539,0.05
165,2025-02-11T14:00:00,CO,110.27321467508582,6751.995528327186,276.1659412440339,0.9387244959519856,4,18.72049813672533,54.82543970839589,240.2977436345128,49.23076923076923,0.05
165,2025-02-11T14:00:00,CO,110.27321467508582,6751.995528327186,276.1659412440339,0.9387244959519856,4,18.72049813672533,54.82543970839589,240.2977436345128,58.07692307692308,0.05
165,2025-02-11T14:00:00,CO,110.27321467508582,6751.995528327186,276.1659412440339,0.9387244959519856,4,18.72049813672533,54.82543970839589,240.2977436345128,66.92307692307693,0.05
165,2025-02-11T14:00:00,CO,110.27321467508582,6751.995528327186,276.1659412440339,0.9387244959519856,4,18.72049813672533,54.82543970839589,240.2977436345128,75.76923076923077,0.05
165,2025-02-11T14:00:00,CO,110.27321467508582,6751.995528327186,276.1659412440339,0.9387244959519856,4,18.72049813672533,54.82543970839589,240.2977436345128,84.61538461538461,0.05
165,2025-02-11T14:00:00,CO,110.27321467508582,6751.995528327186,276.1659412440339,0.9387244959519856,4,18.72049813672533,54.82543970839589,240.2977436345128,93.46153846153847,0.05
165,2025-02-11T14:00:00,CO,110.27321467508582,6751.995528327186,276.1659412440339,0.9387244959519856,4,18.72049813672533,54.82543970839589,240.2977436345128,102.30769230769232,0.05
165,2025-02-11T14:00:00,CO,110.27321467508582,6751.995528327186,276.1659412440339,0.9387244959519856,4,18.72049813672533,54.82543970839589,240.2977436345128,111.15384615384616,0.05
165,2025-02-11T14:00:00,CO,110.27321467508582,6751.995528327186,276.1659412440339,0.9387244959519856,4,18.72049813672533,54.82543970839589,240.2977436345128,120.0,0.05
166,2025-02-11T20:00:00,SO2,113.99187566903957,8807.06915976708,58.95435972767298,1.0510091693053867,1,36.93832456847961,31.36014955119657,340.93515034868017,5.0,7.480294735438073
166,2025-02-11T20:00:00,SO2,113.99187566903957,8807.06915976708,58.95435972767298,1.0510091693053867,1,36.93832456847961,31.36014955119657,340.93515034868017,13.846153846153847,0.05
166,2025-02-11T20:00:00,SO2,113.99187566903957,8807.06915976708,58.95435972767298,1.0510091693053867,1,36.93832456847961,31.36014955119657,340.93515034868017,22.692307692307693,0.05
166,2025-02-11T20:00:00,SO2,113.99187566903957,8807.06915976708,58.95435972767298,1.0510091693053867,1,36.93832456847961,31.36014955119657,340.93515034868017,31.53846153846154,0.05
166,2025-02-11T20:00:00,SO2,113.99187566903957,8807.06915976708,58.95435972767298,1.0510091693053867,1,36.93832456847961,31.36014955119657,340.93515034868017,40.38461538461539,0.05
166,2025-02-11T20:00:00,SO2,113.99187566903957,8807.06915976708,58.95435972767298,1.0510091693053867,1,36.93832456847961,31.36014955119657,340.93515034868017,49.23076923076923,0.05
166,2025-02-11T20:00:00,SO2,113.99187566903957,8807.06915976708,58.95435972767298,1.0510091693053867,1,36.93832456847961,31.36014955119657,340.93515034868017,58.07692307692308,
166,2025-02-11T20:00:00,SO2,113.99187566903957,8807.06915976708,58.95435972767298,1.0510091693053867,1,36.93832456847961,31.36014955119657,340.93515034868017,66.92307692307693,0.05
166,2025-02-11T20:00:00,SO2,113.99187566903957,8807.06915976708,58.95435972767298,1.0510091693053867,1,36.93832456847961,31.36014955119657,340.93515034868017,75.76923076923077,0.05
166,2025-02-11T20:00:00,SO2,113.99187566903957,8807.06915976708,58.95435972767298,1.0510091693053867,1,36.93832456847961,31.36014955119657,340.93515034868017,84.61538461538461,0.05
166,2025-02-11T20:00:00,SO2,113.99187566903957,8807.06915976708,58.95435972767298,1.0510091693053867,1,36.93832456847961,31.36014955119657,340.93515034868017,93.46153846153847,0.05
166,2025-02-11T20:00:00,SO2,113.99187566903957,8807.06915976708,58.95435972767298,1.0510091693053867,1,36.93832456847961,31.36014955119657,340.93515034868017,102.30769230769232,0.05
166,2025-02-11T20:00:00,SO2,113.99187566903957,8807.06915976708,58.95435972767298,1.0510091693053867,1,36.93832456847961,31.36014955119657,340.93515034868017,111.15384615384616,0.05
166,2025-02-11T20:00:00,SO2,113.99187566903957,8807.06915976708,58.95435972767298,1.0510091693053867,1,36.93832456847961,31.36014955119657,340.93515034868017,120.0,0.05
167,2025-02-12T02:00:00,CO,27.054917377066793,6327.02256694803,303.76251884418116,0.3679087503469077,4,26.820372478085368,59.874821371201115,218.01151392040674,5.0,81.28008966007941
167,2025-02-12T02:00:00,CO,27.054917377066793,6327.02256694803,303.76251884418116,0.3679087503469077,4,26.820372478085368,59.874821371201115,218.01151392040674,13.846153846153847,17.647222540284208
167,2025-02-12T02:00:00,CO,27.054917377066793,6327.02256694803,303.76251884418116,0.3679087503469077,4,26.820372478085368,59.874821371201115,218.01151392040674,22.692307692307693,3.0132963554941616
167,2025-02-12T02:00:00,CO,27.054917377066793,6327.02256694803,303.76251884418116,0.3679087503469077,4,26.820372478085368,59.874821371201115,218.01151392040674,31.53846153846154,0.5995646190483397
167,2025-02-12T02:00:00,CO,27.054917377066793,6327.02256694803,303.76251884418116,0.3679087503469077,4,26.820372478085368,59.874821371201115,218.01151392040674,40.38461538461539,0.141763630638036
167,2025-02-12T02:00:00,CO,27.054917377066793,6327.02256694803,303.76251884418116,0.3679087503469077,4,26.820372478085368,59.874821371201115,218.01151392040674,49.23076923076923,0.05
167,2025-02-12T02:00:00,CO,27.054917377066793,6327.02256694803,303.76251884418116,0.3679087503469077,4,26.820372478085368,59.874821371201115,218.01151392040674,58.07692307692308,0.05
167,2025-02-12T02:00:00,CO,27.054917377066793,6327.02256694803,303.76251884418116,0.3679087503469077,4,26.820372478085368,59.874821371201115,218.01151392040674,66.92307692307693,0.05
167,2025-02-12T02:00:00,CO,27.054917377066793,6327.02256694803,303.76251884418116,0.3679087503469077,4,26.820372478085368,59.874821371201115,218.01151392040674,75.76923076923077,0.05
167,2025-02-12T02:00:00,CO,27.054917377066793,6327.02256694803,303.76251884418116,0.3679087503469077,4,,59.874821371201115,218.01151392040674,84.61538461538461,0.05
167,2025-02-12T02:00:00,CO,27.054917377066793,6327.02256694803,303.76251884418116,0.3679087503469077,4,26.820372478085368,59.874821371201115,218.01151392040674,93.46153846153847,0.05
167,2025-02-12T02:00:00,CO,27.054917377066793,6327.02256694803,303.76251884418116,0.3679087503469077,4,26.820372478085368,59.874821371201115,218.01151392040674,102.30769230769232,0.05
167,2025-02-12T02:00:00,CO,27.054917377066793,6327.02256694803,303.76251884418116,0.3679087503469077,4,26.820372478085368,,218.01151392040674,111.15384615384616,0.05
167,2025-02-12T02:00:00,CO,27.054917377066793,6327.02256694803,303.76251884418116,0.3679087503469077,4,26.820372478085368,59.874821371201115,218.01151392040674,120.0,0.05
168,2025-02-12T08:00:00,CO,89.33879683114469,4799.694674042128,387.78449941354864,0.5753191663552084,1,21.68278434298365,54.71803698315052,155.8745468235735,5.0,3.356121769755539
168,2025-02-12T08:00:00,CO,89.33879683114469,4799.694674042128,387.78449941354864,0.5753191663552084,1,21.68278434298365,54.71803698315052,155.8745468235735,13.846153846153847,0.05
168,2025-02-12T08:00:00,CO,89.33879683114469,4799.694674042128,387.78449941354864,0.5753191663552084,1,21.68278434298365,54.71803698315052,155.8745468235735,22.692307692307693,0.05
168,2025-02-12T08:00:00,CO,89.33879683114469,4799.694674042128,387.78449941354864,0.5753191663552084,1,21.68278434298365,54.71803698315052,155.8745468235735,31.53846153846154,0.05
168,2025-02-12T08:00:00,CO,89.33879683114469,4799.694674042128,387.78449941354864,0.5753191663552084,1,21.68278434298365,54.71803698315052,155.8745468235735,40.38461538461539,0.05
168,2025-02-12T08:00:00,CO,89.33879683114469,4799.694674042128,387.78449941354864,0.5753191663552084,1,21.68278434298365,54.71803698315052,155.8745468235735,49.23076923076923,0.05
168,2025-02-12T08:00:00,CO,89.33879683114469,4799.694674042128,387.78449941354864,0.5753191663552084,1,21.68278434298365,54.71803698315052,155.8745468235735,58.07692307692308,0.05
168,2025-02-12T08:00:00,CO,89.33879683114469,4799.694674042128,387.78449941354864,0.5753191663552084,1,21.68278434298365,54.71803698315052,155.8745468235735,66.92307692307693,0.05
168,2025-02-12T08:00:00,CO,89.33879683114469,4799.694674042128,387.78449941354864,0.5753191663552084,1,21.68278434298365,54.71803698315052,155.8745468235735,75.76923076923077,0.05
168,2025-02-12T08:00:00,CO,89.33879683114469,4799.694674042128,387.78449941354864,0.5753191663552084,1,21.68278434298365,54.71803698315052,155.8745468235735,84.61538461538461,0.05
168,2025-02-12T08:00:00,CO,89.33879683114469,4799.694674042128,387.78449941354864,0.5753191663552084,1,21.68278434298365,54.71803698315052,155.8745468235735,93.46153846153847,0.05
168,2025-02-12T08:00:00,CO,89.33879683114469,4799.694674042128,387.78449941354864,0.5753191663552084,1,21.68278434298365,54.71803698315052,155.8745468235735,102.30769230769232,0.05
168,2025-02-12T08:00:00,CO,89.33879683114469,4799.694674042128,387.78449941354864,0.5753191663552084,1,21.68278434298365,54.71803698315052,155.8745468235735,111.15384615384616,0.05
168,2025-02-12T08:00:00,CO,89.33879683114469,4799.694674042128,387.78449941354864,0.5753191663552084,1,21.68278434298365,54.71803698315052,155.8745468235735,120.0,0.05
169,2025-02-12T14:00:00,SO2,98.0183980146226,11405.193660698085,303.8241853338959,1.1449440398933184,2,27.60061998852434,79.31117940201852,428.26663344545005,5.0,33.05196667278302
169,2025-02-12T14:00:00,SO2,98.0183980146226,11405.193660698085,303.8241853338959,1.1449440398933184,2,27.60061998852434,79.31117940201852,428.26663344545005,13.846153846153847,
169,2025-02-12T14:00:00,SO2,98.0183980146226,11405.193660698085,303.8241853338959,1.1449440398933184,2,27.60061998852434,79.31117940201852,428.26663344545005,22.692307692307693,0.05
169,2025-02-12T14:00:00,SO2,98.0183980146226,11405.193660698085,303.8241853338959,1.1449440398933184,2,27.60061998852434,79.31117940201852,428.26663344545005,31.53846153846154,0.05
169,2025-02-12T14:00:00,SO2,98.0183980146226,11405.193660698085,303.8241853338959,1.1449440398933184,2,27.60061998852434,,428.26663344545005,40.38461538461539,0.05
169,2025-02-12T14:00:00,SO2,98.0183980146226,11405.193660698085,303.8241853338959,1.1449440398933184,2,27.60061998852434,79.31117940201852,428.26663344545005,49.23076923076923,0.05
169,2025-02-12T14:00:00,SO2,98.0183980146226,11405.193660698085,303.8241853338959,1.1449440398933184,2,27.60061998852434,79.31117940201852,428.26663344545005,58.07692307692308,0.05
169,2025-02-12T14:00:00,SO2,98.0183980146226,11405.193660698085,303.8241853338959,1.1449440398933184,2,27.60061998852434,79.31117940201852,428.26663344545005,66.92307692307693,0.05
169,2025-02-12T14:00:00,SO2,98.0183980146226,11405.193660698085,303.8241853338959,1.1449440398933184,2,27.60061998852434,79.31117940201852,428.26663344545005,75.76923076923077,0.05
169,2025-02-12T14:00:00,SO2,98.0183980146226,11405.193660698085,303.8241853338959,1.1449440398933184,2,27.60061998852434,79.31117940201852,428.26663344545005,84.61538461538461,0.05
169,2025-02-12T14:00:00,SO2,98.0183980146226,11405.193660698085,303.8241853338959,1.1449440398933184,2,27.60061998852434,79.31117940201852,428.26663344545005,93.46153846153847,0.05
169,2025-02-12T14:00:00,SO2,98.0183980146226,11405.193660698085,303.8241853338959,1.1449440398933184,2,27.60061998852434,79.31117940201852,428.26663344545005,102.30769230769232,0.05
169,2025-02-12T14:00:00,SO2,98.0183980146226,11405.193660698085,303.8241853338959,1.1449440398933184,2,27.60061998852434,79.31117940201852,428.26663344545005,111.15384615384616,0.05
169,2025-02-12T14:00:00,SO2,98.0183980146226,11405.193660698085,303.8241853338959,1.1449440398933184,2,,79.31117940201852,428.26663344545005,120.0,0.05
170,2025-02-12T20:00:00,CO,51.60621067514051,8836.218765966907,428.8332780183333,1.1532005306669033,0,26.971956160342692,74.69166802225699,685.7394738590132,5.0,184.87897048024186
170,2025-02-12T20:00:00,CO,51.60621067514051,8836.218765966907,428.8332780183333,,0,26.971956160342692,74.69166802225699,685.7394738590132,13.846153846153847,19.352058097940645
170,2025-02-12T20:00:00,CO,51.60621067514051,8836.218765966907,428.8332780183333,1.1532005306669033,0,26.971956160342692,74.69166802225699,685.7394738590132,22.692307692307693,1.9303522324267306
170,2025-02-12T20:00:00,CO,51.60621067514051,8836.218765966907,428.8332780183333,1.1532005306669033,0,26.971956160342692,74.69166802225699,685.7394738590132,31.53846153846154,0.19700927903500387
170,2025-02-12T20:00:00,CO,51.60621067514051,8836.218765966907,428.8332780183333,1.1532005306669033,0,26.971956160342692,74.69166802225699,685.7394738590132,40.38461538461539,0.05
170,2025-02-12T20:00:00,CO,51.60621067514051,8836.218765966907,428.8332780183333,1.1532005306669033,0,26.971956160342692,74.69166802225699,685.7394738590132,49.23076923076923,0.05
170,2025-02-12T20:00:00,CO,51.60621067514051,8836.218765966907,428.8332780183333,1.1532005306669033,0,26.971956160342692,74.69166802225699,685.7394738590132,58.07692307692308,0.05
170,2025-02-12T20:00:00,CO,51.60621067514051,8836.218765966907,428.8332780183333,1.1532005306669033,0,26.971956160342692,74.69166802225699,685.7394738590132,66.92307692307693,0.05
170,2025-02-12T20:00:00,CO,51.60621067514051,8836.218765966907,428.8332780183333,1.1532005306669033,0,26.971956160342692,74.69166802225699,685.7394738590132,75.76923076923077,0.05
170,2025-02-12T20:00:00,CO,51.60621067514051,8836.218765966907,428.8332780183333,1.1532005306669033,0,26.971956160342692,74.69166802225699,685.7394738590132,84.61538461538461,0.05
170,2025-02-12T20:00:00,CO,51.60621067514051,8836.218765966907,428.8332780183333,1.1532005306669033,0,26.971956160342692,74.69166802225699,685.7394738590132,93.46153846153847,0.05
170,2025-02-12T20:00:00,CO,51.60621067514051,8836.218765966907,428.8332780183333,1.1532005306669033,0,26.971956160342692,74.69166802225699,685.7394738590132,102.30769230769232,0.05
170,2025-02-12T20:00:00,CO,51.60621067514051,8836.218765966907,428.8332780183333,1.1532005306669033,0,26.971956160342692,74.69166802225699,685.7394738590132,111.15384615384616,0.05
170,2025-02-12T20:00:00,CO,51.60621067514051,8836.218765966907,428.8332780183333,1.1532005306669033,0,26.971956160342692,74.69166802225699,685.7394738590132,120.0,0.05
171,2025-02-13T02:00:00,NOx,57.32312802342612,2757.9721461968106,42.21007795089474,0.7989074939976499,2,30.98418053163841,59.43905248914932,158.74334221808823,5.0,0.4370913957687799
171,2025-02-13T02:00:00,NOx,57.32312802342612,2757.9721461968106,42.21007795089474,0.7989074939976499,2,30.98418053163841,59.43905248914932,158.74334221808823,13.846153846153847,0.05
171,2025-02-13T02:00:00,NOx,57.32312802342612,2757.9721461968106,42.21007795089474,0.7989074939976499,2,30.98418053163841,59.43905248914932,158.74334221808823,22.692307692307693,0.05
171,2025-02-13T02:00:00,NOx,57.32312802342612,2757.9721461968106,42.21007795089474,0.7989074939976499,2,30.98418053163841,59.43905248914932,158.74334221808823,31.53846153846154,0.05
171,2025-02-13T02:00:00,NOx,57.32312802342612,2757.9721461968106,42.21007795089474,0.7989074939976499,2,30.98418053163841,59.43905248914932,158.74334221808823,40.38461538461539,0.05
171,2025-02-13T02:00:00,NOx,57.32312802342612,2757.9721461968106,42.21007795089474,0.7989074939976499,2,30.98418053163841,59.43905248914932,158.74334221808823,49.23076923076923,0.05
171,2025-02-13T02:00:00,NOx,57.32312802342612,2757.9721461968106,42.21007795089474,0.7989074939976499,2,30.98418053163841,59.43905248914932,158.74334221808823,58.07692307692308,0.05
171,2025-02-13T02:00:00,NOx,57.32312802342612,2757.9721461968106,42.21007795089474,0.7989074939976499,2,30.98418053163841,59.43905248914932,158.74334221808823,66.92307692307693,0.05
171,2025-02-13T02:00:00,NOx,57.32312802342612,2757.9721461968106,42.21007795089474,0.7989074939976499,2,30.98418053163841,59.43905248914932,158.74334221808823,75.76923076923077,0.05
171,2025-02-13T02:00:00,NOx,57.32312802342612,2757.9721461968106,42.21007795089474,0.7989074939976499,2,30.98418053163841,59.43905248914932,158.74334221808823,84.61538461538461,0.05
171,2025-02-13T02:00:00,NOx,57.32312802342612,2757.9721461968106,42.21007795089474,0.7989074939976499,2,30.98418053163841,59.43905248914932,158.74334221808823,93.46153846153847,0.05
171,2025-02-13T02:00:00,NOx,57.32312802342612,2757.9721461968106,42.21007795089474,0.7989074939976499,2,30.98418053163841,59.43905248914932,158.74334221808823,102.30769230769232,0.05
171,2025-02-13T02:00:00,NOx,57.32312802342612,2757.9721461968106,42.21007795089474,0.7989074939976499,2,30.98418053163841,59.43905248914932,158.74334221808823,111.15384615384616,0.05
171,2025-02-13T02:00:00,NOx,57.32312802342612,2757.9721461968106,42.21007795089474,0.7989074939976499,2,30.98418053163841,59.43905248914932,158.74334221808823,120.0,0.05
172,2025-02-13T08:00:00,CO,46.90638726522055,7420.069309882957,291.1544013960082,1.1771178440309678,2,23.900802809930763,64.52553935240654,465.38936279104604,5.0,73.31969697549394
172,2025-02-13T08:00:00,CO,46.90638726522055,7420.069309882957,291.1544013960082,1.1771178440309678,2,23.900802809930763,64.52553935240654,465.38936279104604,13.846153846153847,2.6672355051518384
172,2025-02-13T08:00:00,CO,46.90638726522055,7420.069309882957,291.1544013960082,1.1771178440309678,2,23.900802809930763,64.52553935240654,465.38936279104604,22.692307692307693,0.10011553197536263
172,2025-02-13T08:00:00,CO,46.90638726522055,7420.069309882957,291.1544013960082,1.1771178440309678,2,23.900802809930763,64.52553935240654,465.38936279104604,31.53846153846154,0.05
172,2025-02-13T08:00:00,CO,46.90638726522055,7420.069309882957,291.1544013960082,1.1771178440309678,2,23.900802809930763,64.52553935240654,465.38936279104604,40.38461538461539,0.05
172,2025-02-13T08:00:00,CO,46.90638726522055,7420.069309882957,291.1544013960082,1.1771178440309678,2,23.900802809930763,64.52553935240654,465.38936279104604,49.23076923076923,0.05
172,2025-02-13T08:00:00,CO,46.90638726522055,7420.069309882957,291.1544013960082,1.1771178440309678,2,23.900802809930763,64.52553935240654,465.38936279104604,58.07692307692308,0.05
172,2025-02-13T08:00:00,CO,46.90638726522055,7420.069309882957,291.1544013960082,1.1771178440309678,2,23.900802809930763,64.52553935240654,465.38936279104604,66.92307692307693,0.05
172,2025-02-13T08:00:00,CO,46.90638726522055,7420.069309882957,291.1544013960082,1.1771178440309678,2,23.900802809930763,64.52553935240654,465.38936279104604,75.76923076923077,0.05
172,2025-02-13T08:00:00,CO,46.90638726522055,7420.069309882957,291.1544013960082,1.1771178440309678,2,23.900802809930763,64.52553935240654,465.38936279104604,84.61538461538461,0.05
172,2025-02-13T08:00:00,CO,46.90638726522055,7420.069309882957,291.1544013960082,1.1771178440309678,2,23.900802809930763,64.52553935240654,465.38936279104604,93.46153846153847,0.05
172,2025-02-13T08:00:00,CO,46.90638726522055,7420.069309882957,291.1544013960082,1.1771178440309678,2,23.900802809930763,64.52553935240654,465.38936279104604,102.30769230769232,0.05
172,2025-02-13T08:00:00,CO,46.90638726522055,7420.069309882957,291.1544013960082,,2,23.900802809930763,64.52553935240654,465.38936279104604,111.15384615384616,0.05
172,2025-02-13T08:00:00,CO,46.90638726522055,7420.069309882957,291.1544013960082,1.1771178440309678,2,23.900802809930763,64.52553935240654,465.38936279104604,120.0,0.05
173,2025-02-13T14:00:00,CO,64.22339810252026,11451.702366736361,365.2489736281294,1.4475026774462463,4,25.704941217808926,84.79031557807353,155.94985955969787,5.0,27.69682528213458
173,2025-02-13T14:00:00,CO,64.22339810252026,11451.702366736361,365.2489736281294,1.4475026774462463,4,25.704941217808926,84.79031557807353,155.94985955969787,13.846153846153847,1.1298960705721979
173,2025-02-13T14:00:00,CO,64.22339810252026,11451.702366736361,365.2489736281294,1.4475026774462463,4,25.704941217808926,84.79031557807353,155.94985955969787,22.692307692307693,0.05268401473502393
173,2025-02-13T14:00:00,CO,64.22339810252026,11451.702366736361,365.2489736281294,1.4475026774462463,4,25.704941217808926,84.79031557807353,155.94985955969787,31.53846153846154,0.05
173,2025-02-13T14:00:00,CO,64.22339810252026,11451.702366736361,365.2489736281294,1.4475026774462463,4,25.704941217808926,84.79031557807353,155.94985955969787,40.38461538461539,0.05
173,2025-02-13T14:00:00,CO,64.22339810252026,11451.702366736361,365.2489736281294,1.4475026774462463,4,25.704941217808926,84.79031557807353,155.94985955969787,49.23076923076923,0.05
173,2025-02-13T14:00:00,CO,64.22339810252026,11451.702366736361,365.2489736281294,1.4475026774462463,4,25.704941217808926,84.79031557807353,155.94985955969787,58.07692307692308,0.05
173,2025-02-13T14:00:00,CO,64.22339810252026,11451.702366736361,365.2489736281294,1.4475026774462463,4,25.704941217808926,84.79031557807353,155.94985955969787,66.92307692307693,0.05
173,2025-02-13T14:00:00,CO,64.22339810252026,11451.702366736361,365.2489736281294,1.4475026774462463,4,25.704941217808926,84.79031557807353,155.94985955969787,75.76923076923077,0.05
173,2025-02-13T14:00:00,CO,64.22339810252026,11451.702366736361,365.2489736281294,1.4475026774462463,4,25.704941217808926,84.79031557807353,155.94985955969787,84.61538461538461,0.05
173,2025-02-13T14:00:00,CO,64.22339810252026,11451.702366736361,365.2489736281294,1.4475026774462463,4,25.704941217808926,84.79031557807353,155.94985955969787,93.46153846153847,0.05
173,2025-02-13T14:00:00,CO,64.22339810252026,11451.702366736361,365.2489736281294,1.4475026774462463,4,25.704941217808926,84.79031557807353,155.94985955969787,102.30769230769232,0.05
173,2025-02-13T14:00:00,CO,64.22339810252026,11451.702366736361,365.2489736281294,1.4475026774462463,4,25.704941217808926,84.79031557807353,155.94985955969787,111.15384615384616,0.05
173,2025-02-13T14:00:00,CO,64.22339810252026,11451.702366736361,365.2489736281294,1.4475026774462463,4,25.704941217808926,84.79031557807353,155.94985955969787,120.0,0.05
174,2025-02-13T20:00:00,NOx,15.616225451686851,5089.576952296648,229.25473885491047,0.5945320144587602,0,31.808162175579042,51.1052650509306,355.915426765298,5.0,180.10719214386646
174,2025-02-13T20:00:00,NOx,15.616225451686851,5089.576952296648,229.25473885491047,0.5945320144587602,0,31.808162175579042,51.1052650509306,355.915426765298,13.846153846153847,48.461380463306966
174,2025-02-13T20:00:00,NOx,15.616225451686851,5089.576952296648,229.25473885491047,0.5945320144587602,0,31.808162175579042,51.1052650509306,355.915426765298,22.692307692307693,12.472651709190009
174,2025-02-13T20:00:00,NOx,15.616225451686851,5089.576952296648,229.25473885491047,0.5945320144587602,0,31.808162175579042,51.1052650509306,355.915426765298,31.53846153846154,3.4817938486790765
174,2025-02-13T20:00:00,NOx,15.616225451686851,5089.576952296648,229.25473885491047,0.5945320144587602,0,31.808162175579042,,355.915426765298,40.38461538461539,1.0065166000272945
174,2025-02-13T20:00:00,NOx,15.616225451686851,5089.576952296648,229.25473885491047,0.5945320144587602,0,31.808162175579042,51.1052650509306,355.915426765298,49.23076923076923,0.23882225569379953
174,2025-02-13T20:00:00,NOx,15.616225451686851,5089.576952296648,229.25473885491047,0.5945320144587602,0,31.808162175579042,51.1052650509306,355.915426765298,58.07692307692308,0.06500175073622343
174,2025-02-13T20:00:00,NOx,15.616225451686851,5089.576952296648,229.25473885491047,0.5945320144587602,0,31.808162175579042,51.1052650509306,355.915426765298,66.92307692307693,0.05
174,2025-02-13T20:00:00,NOx,15.616225451686851,5089.576952296648,229.25473885491047,0.5945320144587602,0,31.808162175579042,51.1052650509306,355.915426765298,75.76923076923077,0.05
174,2025-02-13T20:00:00,NOx,15.616225451686851,5089.576952296648,229.25473885491047,0.5945320144587602,0,31.808162175579042,51.1052650509306,355.915426765298,84.61538461538461,0.05
174,2025-02-13T20:00:00,NOx,15.616225451686851,5089.576952296648,229.25473885491047,0.5945320144587602,0,31.808162175579042,51.1052650509306,355.915426765298,93.46153846153847,0.05
174,2025-02-13T20:00:00,NOx,15.616225451686851,5089.576952296648,229.25473885491047,0.5945320144587602,0,31.808162175579042,51.1052650509306,355.915426765298,102.30769230769232,0.05
174,2025-02-13T20:00:00,NOx,15.616225451686851,5089.576952296648,229.25473885491047,0.5945320144587602,0,31.808162175579042,51.1052650509306,355.915426765298,111.15384615384616,0.05
174,2025-02-13T20:00:00,NOx,15.616225451686851,5089.576952296648,229.25473885491047,0.5945320144587602,0,31.808162175579042,51.1052650509306,355.915426765298,120.0,0.05
175,2025-02-14T02:00:00,CO,69.94054087229534,5946.928094131603,434.0460328039212,1.2042328846921384,0,37.9133960125079,42.70360541883832,639.6804925014313,5.0,70.0321995427814
175,2025-02-14T02:00:00,CO,69.94054087229534,5946.928094131603,434.0460328039212,1.2042328846921384,0,37.9133960125079,42.70360541883832,639.6804925014313,13.846153846153847,1.2306633838760683
175,2025-02-14T02:00:00,CO,69.94054087229534,5946.928094131603,434.0460328039212,1.2042328846921384,0,37.9133960125079,42.70360541883832,639.6804925014313,22.692307692307693,0.05
175,2025-02-14T02:00:00,CO,69.94054087229534,5946.928094131603,434.0460328039212,1.2042328846921384,0,37.9133960125079,42.70360541883832,639.6804925014313,31.53846153846154,0.05
175,2025-02-14T02:00:00,CO,69.94054087229534,5946.928094131603,434.0460328039212,1.2042328846921384,0,37.9133960125079,42.70360541883832,639.6804925014313,40.38461538461539,0.05
175,2025-02-14T02:00:00,CO,69.94054087229534,5946.928094131603,434.0460328039212,1.2042328846921384,0,37.9133960125079,42.70360541883832,639.6804925014313,49.23076923076923,0.05
175,2025-02-14T02:00:00,CO,69.94054087229534,5946.928094131603,434.0460328039212,1.2042328846921384,0,37.9133960125079,42.70360541883832,639.6804925014313,58.07692307692308,0.05
175,2025-02-14T02:00:00,CO,69.94054087229534,5946.928094131603,434.0460328039212,1.2042328846921384,0,37.9133960125079,42.70360541883832,639.6804925014313,66.92307692307693,0.05
175,2025-02-14T02:00:00,CO,69.94054087229534,5946.928094131603,434.0460328039212,1.2042328846921384,0,37.9133960125079,42.70360541883832,639.6804925014313,75.76923076923077,0.05
175,2025-02-14T02:00:00,CO,69.94054087229534,5946.928094131603,434.0460328039212,1.2042328846921384,0,37.9133960125079,42.70360541883832,639.6804925014313,84.61538461538461,0.05
175,2025-02-14T02:00:00,CO,69.94054087229534,5946.928094131603,434.0460328039212,1.2042328846921384,0,37.9133960125079,42.70360541883832,639.6804925014313,93.46153846153847,0.05
175,2025-02-14T02:00:00,CO,69.94054087229534,5946.928094131603,434.0460328039212,1.2042328846921384,0,37.9133960125079,42.70360541883832,639.6804925014313,102.30769230769232,0.05
175,2025-02-14T02:00:00,CO,69.94054087229534,5946.928094131603,434.0460328039212,1.2042328846921384,0,37.9133960125079,42.70360541883832,639.6804925014313,111.15384615384616,0.05
175,2025-02-14T02:00:00,CO,69.94054087229534,5946.928094131603,434.0460328039212,1.2042328846921384,0,,42.70360541883832,639.6804925014313,120.0,0.05
176,2025-02-14T08:00:00,CO,90.15726035006696,6986.416112244846,381.0717073723198,0.627724314706277,4,20.349593718210887,78.07660015901683,173.00377134027713,5.0,3.03109242463104
176,2025-02-14T08:00:00,CO,90.15726035006696,6986.416112244846,381.0717073723198,0.627724314706277,4,20.349593718210887,78.07660015901683,173.00377134027713,13.846153846153847,0.05
176,2025-02-14T08:00:00,CO,90.15726035006696,6986.416112244846,381.0717073723198,0.627724314706277,4,20.349593718210887,78.07660015901683,173.00377134027713,22.692307692307693,
176,2025-02-14T08:00:00,CO,90.15726035006696,6986.416112244846,381.0717073723198,0.627724314706277,4,20.349593718210887,78.07660015901683,173.00377134027713,31.53846153846154,0.05
176,2025-02-14T08:00:00,CO,90.15726035006696,6986.416112244846,381.0717073723198,0.627724314706277,4,20.349593718210887,78.07660015901683,173.00377134027713,40.38461538461539,0.05
176,2025-02-14T08:00:00,CO,90.15726035006696,6986.416112244846,381.0717073723198,0.627724314706277,4,20.349593718210887,78.07660015901683,173.00377134027713,49.23076923076923,0.05
176,2025-02-14T08:00:00,CO,90.15726035006696,6986.416112244846,381.0717073723198,0.627724314706277,4,20.349593718210887,78.07660015901683,173.00377134027713,58.07692307692308,0.05
176,2025-02-14T08:00:00,CO,90.15726035006696,6986.416112244846,381.0717073723198,0.627724314706277,4,20.349593718210887,78.07660015901683,173.00377134027713,66.92307692307693,0.05
176,2025-02-14T08:00:00,CO,90.15726035006696,6986.416112244846,381.0717073723198,0.627724314706277,4,20.349593718210887,78.07660015901683,173.00377134027713,75.76923076923077,0.05
176,2025-02-14T08:00:00,CO,90.15726035006696,6986.416112244846,381.0717073723198,0.627724314706277,4,20.349593718210887,78.07660015901683,173.00377134027713,84.61538461538461,0.05
176,2025-02-14T08:00:00,CO,90.15726035006696,6986.416112244846,381.0717073723198,0.627724314706277,4,20.349593718210887,78.07660015901683,173.00377134027713,93.46153846153847,0.05
176,2025-02-14T08:00:00,CO,90.15726035006696,6986.416112244846,381.0717073723198,0.627724314706277,4,20.349593718210887,78.07660015901683,173.00377134027713,102.30769230769232,0.05
176,2025-02-14T08:00:00,CO,90.15726035006696,6986.416112244846,381.0717073723198,0.627724314706277,4,20.349593718210887,78.07660015901683,173.00377134027713,111.15384615384616,0.05
176,2025-02-14T08:00:00,CO,90.15726035006696,6986.416112244846,381.0717073723198,0.627724314706277,4,20.349593718210887,78.07660015901683,173.00377134027713,120.0,0.05
177,2025-02-14T14:00:00,NOx,32.03661248024599,8404.639402247296,59.89090547011536,1.5674576995797866,2,31.690539571716233,35.90377406871557,50.711930551010404,5.0,13.27120497625511
177,2025-02-14T14:00:00,NOx,32.03661248024599,8404.639402247296,59.89090547011536,1.5674576995797866,2,31.690539571716233,35.90377406871557,50.711930551010404,13.846153846153847,1.3031999008576383
177,2025-02-14T14:00:00,NOx,32.03661248024599,8404.639402247296,59.89090547011536,1.5674576995797866,2,31.690539571716233,35.90377406871557,50.711930551010404,22.692307692307693,0.11913603469821728
177,2025-02-14T14:00:00,NOx,32.03661248024599,8404.639402247296,59.89090547011536,1.5674576995797866,2,31.690539571716233,35.90377406871557,50.711930551010404,31.53846153846154,0.05
177,2025-02-14T14:00:00,NOx,32.03661248024599,8404.639402247296,59.89090547011536,1.5674576995797866,2,31.690539571716233,35.90377406871557,50.711930551010404,40.38461538461539,0.05
177,2025-02-14T14:00:00,NOx,32.03661248024599,8404.639402247296,59.89090547011536,1.5674576995797866,2,31.690539571716233,35.90377406871557,50.711930551010404,49.23076923076923,0.05
177,2025-02-14T14:00:00,NOx,32.03661248024599,8404.639402247296,59.89090547011536,1.5674576995797866,2,31.690539571716233,35.90377406871557,50.711930551010404,58.07692307692308,0.05
177,2025-02-14T14:00:00,NOx,32.03661248024599,8404.639402247296,59.89090547011536,1.5674576995797866,2,31.690539571716233,35.90377406871557,50.711930551010404,66.92307692307693,0.05
177,2025-02-14T14:00:00,NOx,32.03661248024599,8404.639402247296,59.89090547011536,1.5674576995797866,2,31.690539571716233,35.90377406871557,50.711930551010404,75.76923076923077,0.05
177,2025-02-14T14:00:00,NOx,32.03661248024599,8404.639402247296,59.89090547011536,1.5674576995797866,2,31.690539571716233,35.90377406871557,50.711930551010404,84.61538461538461,0.05
177,2025-02-14T14:00:00,NOx,32.03661248024599,8404.639402247296,59.89090547011536,1.5674576995797866,2,31.690539571716233,35.90377406871557,50.711930551010404,93.46153846153847,0.05
177,2025-02-14T14:00:00,NOx,32.03661248024599,8404.639402247296,59.89090547011536,1.5674576995797866,2,31.690539571716233,35.90377406871557,50.711930551010404,102.30769230769232,0.05
177,2025-02-14T14:00:00,NOx,32.03661248024599,8404.639402247296,59.89090547011536,1.5674576995797866,2,31.690539571716233,35.90377406871557,50.711930551010404,111.15384615384616,0.05
177,2025-02-14T14:00:00,NOx,32.03661248024599,8404.639402247296,59.89090547011536,1.5674576995797866,2,31.690539571716233,35.90377406871557,50.711930551010404,120.0,0.05
178,2025-02-14T20:00:00,SO2,69.99599334919793,8139.436720081653,358.8653908918739,1.367965764255652,0,28.175862775469625,68.08035142526677,240.14019263907605,5.0,47.17761713718292
178,2025-02-14T20:00:00,SO2,69.99599334919793,8139.436720081653,358.8653908918739,1.367965764255652,0,28.175862775469625,68.08035142526677,240.14019263907605,13.846153846153847,3.195865580574208
178,2025-02-14T20:00:00,SO2,69.99599334919793,8139.436720081653,358.8653908918739,1.367965764255652,0,28.175862775469625,68.08035142526677,240.14019263907605,22.692307692307693,0.17558884247147186
178,2025-02-14T20:00:00,SO2,69.99599334919793,8139.436720081653,358.8653908918739,1.367965764255652,0,28.175862775469625,68.08035142526677,240.14019263907605,31.53846153846154,0.05
178,2025-02-14T20:00:00,SO2,69.99599334919793,8139.436720081653,358.8653908918739,1.367965764255652,0,28.175862775469625,68.08035142526677,240.14019263907605,40.38461538461539,0.05
178,2025-02-14T20:00:00,SO2,69.99599334919793,8139.436720081653,358.8653908918739,1.367965764255652,0,28.175862775469625,68.08035142526677,240.14019263907605,49.23076923076923,0.05
178,2025-02-14T20:00:00,SO2,69.99599334919793,8139.436720081653,358.8653908918739,1.367965764255652,0,28.175862775469625,68.08035142526677,240.14019263907605,58.07692307692308,0.05
178,2025-02-14T20:00:00,SO2,69.99599334919793,8139.436720081653,358.8653908918739,1.367965764255652,0,28.175862775469625,68.08035142526677,240.14019263907605,66.92307692307693,0.05
178,2025-02-14T20:00:00,SO2,69.99599334919793,8139.436720081653,358.8653908918739,1.367965764255652,0,28.175862775469625,68.08035142526677,240.14019263907605,75.76923076923077,0.05
178,2025-02-14T20:00:00,SO2,69.99599334919793,8139.436720081653,358.8653908918739,1.367965764255652,0,28.175862775469625,68.08035142526677,240.14019263907605,84.61538461538461,0.05
178,2025-02-14T20:00:00,SO2,69.99599334919793,8139.436720081653,358.8653908918739,1.367965764255652,0,28.175862775469625,68.08035142526677,240.14019263907605,93.46153846153847,0.05
178,2025-02-14T20:00:00,SO2,69.99599334919793,8139.436720081653,358.8653908918739,1.367965764255652,0,28.175862775469625,68.08035142526677,240.14019263907605,102.30769230769232,0.05
178,2025-02-14T20:00:00,SO2,69.99599334919793,8139.436720081653,358.8653908918739,1.367965764255652,0,28.175862775469625,68.08035142526677,240.14019263907605,111.15384615384616,0.05
178,2025-02-14T20:00:00,SO2,69.99599334919793,8139.436720081653,358.8653908918739,1.367965764255652,0,,68.08035142526677,240.14019263907605,120.0,0.05
179,2025-02-15T02:00:00,SO2,42.5785882498512,9949.818319668844,318.06426707890387,0.9409602250214222,2,26.458322860857493,73.93016535552741,642.7403688482161,5.0,203.22640623334672
179,2025-02-15T02:00:00,SO2,42.5785882498512,9949.818319668844,318.06426707890387,0.9409602250214222,2,26.458322860857493,73.93016535552741,642.7403688482161,13.846153846153847,28.58693365459726
179,2025-02-15T02:00:00,SO2,42.5785882498512,9949.818319668844,318.06426707890387,0.9409602250214222,2,26.458322860857493,73.93016535552741,642.7403688482161,22.692307692307693,
179,2025-02-15T02:00:00,SO2,42.5785882498512,9949.818319668844,318.06426707890387,0.9409602250214222,2,26.458322860857493,73.93016535552741,642.7403688482161,31.53846153846154,0.6679705014417908
179,2025-02-15T02:00:00,SO2,42.5785882498512,9949.818319668844,318.06426707890387,0.9409602250214222,2,26.458322860857493,73.93016535552741,642.7403688482161,40.38461538461539,0.09593397230668947
179,2025-02-15T02:00:00,SO2,42.5785882498512,9949.818319668844,318.06426707890387,0.9409602250214222,2,26.458322860857493,73.93016535552741,642.7403688482161,49.23076923076923,0.05
179,2025-02-15T02:00:00,SO2,42.5785882498512,9949.818319668844,318.06426707890387,0.9409602250214222,2,26.458322860857493,73.93016535552741,642.7403688482161,58.07692307692308,0.05
179,2025-02-15T02:00:00,SO2,42.5785882498512,9949.818319668844,318.06426707890387,0.9409602250214222,2,26.458322860857493,73.93016535552741,642.7403688482161,66.92307692307693,
179,2025-02-15T02:00:00,SO2,42.5785882498512,9949.818319668844,318.06426707890387,0.9409602250214222,2,26.458322860857493,73.93016535552741,642.7403688482161,75.76923076923077,0.05
179,2025-02-15T02:00:00,SO2,42.5785882498512,9949.818319668844,318.06426707890387,0.9409602250214222,2,26.458322860857493,73.93016535552741,642.7403688482161,84.61538461538461,0.05
179,2025-02-15T02:00:00,SO2,42.5785882498512,9949.818319668844,318.06426707890387,0.9409602250214222,2,26.458322860857493,73.93016535552741,642.7403688482161,93.46153846153847,0.05
179,2025-02-15T02:00:00,SO2,42.5785882498512,9949.818319668844,318.06426707890387,0.9409602250214222,2,26.458322860857493,73.93016535552741,642.7403688482161,102.30769230769232,0.05
179,2025-02-15T02:00:00,SO2,42.5785882498512,9949.818319668844,318.06426707890387,0.9409602250214222,2,26.458322860857493,73.93016535552741,642.7403688482161,111.15384615384616,0.05
179,2025-02-15T02:00:00,SO2,42.5785882498512,9949.818319668844,318.06426707890387,0.9409602250214222,2,26.458322860857493,73.93016535552741,642.7403688482161,120.0,0.05
180,2025-02-15T08:00:00,SO2,35.37004533776127,11935.921147857416,283.99445958414816,0.36386560749172026,1,19.498433925189374,60.39356483745711,655.2801937688128,5.0,292.87498872086053
180,2025-02-15T08:00:00,SO2,35.37004533776127,11935.921147857416,283.99445958414816,0.36386560749172026,1,19.498433925189374,60.39356483745711,655.2801937688128,13.846153846153847,85.81002229812583
180,2025-02-15T08:00:00,SO2,35.37004533776127,11935.921147857416,283.99445958414816,0.36386560749172026,1,19.498433925189374,60.39356483745711,655.2801937688128,22.692307692307693,31.474644446612306
180,2025-02-15T08:00:00,SO2,35.37004533776127,11935.921147857416,283.99445958414816,0.36386560749172026,1,19.498433925189374,60.39356483745711,655.2801937688128,31.53846153846154,8.761032142841362
180,2025-02-15T08:00:00,SO2,35.37004533776127,11935.921147857416,283.99445958414816,0.36386560749172026,1,19.498433925189374,60.39356483745711,655.2801937688128,40.38461538461539,
180,2025-02-15T08:00:00,SO2,35.37004533776127,11935.921147857416,283.99445958414816,0.36386560749172026,1,19.498433925189374,60.39356483745711,655.2801937688128,49.23076923076923,0.8934272613439701
180,2025-02-15T08:00:00,SO2,35.37004533776127,11935.921147857416,283.99445958414816,0.36386560749172026,1,19.498433925189374,60.39356483745711,655.2801937688128,58.07692307692308,0.30193352852772976
180,2025-02-15T08:00:00,SO2,35.37004533776127,11935.921147857416,283.99445958414816,0.36386560749172026,1,19.498433925189374,60.39356483745711,655.2801937688128,66.92307692307693,0.0872785803925151
180,2025-02-15T08:00:00,SO2,35.37004533776127,11935.921147857416,283.99445958414816,0.36386560749172026,1,19.498433925189374,60.39356483745711,655.2801937688128,75.76923076923077,0.05
180,2025-02-15T08:00:00,SO2,35.37004533776127,11935.921147857416,283.99445958414816,0.36386560749172026,1,,60.39356483745711,655.2801937688128,84.61538461538461,0.05
180,2025-02-15T08:00:00,SO2,35.37004533776127,11935.921147857416,283.99445958414816,0.36386560749172026,1,19.498433925189374,60.39356483745711,655.2801937688128,93.46153846153847,0.05
180,2025-02-15T08:00:00,SO2,35.37004533776127,11935.921147857416,283.99445958414816,0.36386560749172026,1,19.498433925189374,60.39356483745711,655.2801937688128,102.30769230769232,0.05
180,2025-02-15T08:00:00,SO2,35.37004533776127,11935.921147857416,283.99445958414816,0.36386560749172026,1,19.498433925189374,60.39356483745711,655.2801937688128,111.15384615384616,0.05
180,2025-02-15T08:00:00,SO2,35.37004533776127,11935.921147857416,283.99445958414816,0.36386560749172026,1,19.498433925189374,60.39356483745711,655.2801937688128,120.0,0.05
181,2025-02-15T14:00:00,NOx,98.18826613737802,3696.2065557498654,374.2901869185911,0.25413249156652545,0,30.393547242714355,81.08542906274673,638.7735635457412,5.0,1.6794401129929755
181,2025-02-15T14:00:00,NOx,98.18826613737802,3696.2065557498654,374.2901869185911,0.25413249156652545,0,30.393547242714355,81.08542906274673,638.7735635457412,13.846153846153847,0.05
181,2025-02-15T14:00:00,NOx,98.18826613737802,3696.2065557498654,374.2901869185911,0.25413249156652545,0,30.393547242714355,81.08542906274673,638.7735635457412,22.692307692307693,0.05
181,2025-02-15T14:00:00,NOx,98.18826613737802,3696.2065557498654,374.2901869185911,0.25413249156652545,0,30.393547242714355,81.08542906274673,638.7735635457412,31.53846153846154,0.05
181,2025-02-15T14:00:00,NOx,98.18826613737802,3696.2065557498654,374.2901869185911,0.25413249156652545,0,30.393547242714355,81.08542906274673,638.7735635457412,40.38461538461539,0.05
181,2025-02-15T14:00:00,NOx,98.18826613737802,3696.2065557498654,374.2901869185911,0.25413249156652545,0,30.393547242714355,81.08542906274673,638.7735635457412,49.23076923076923,0.05
181,2025-02-15T14:00:00,NOx,98.18826613737802,3696.2065557498654,374.2901869185911,0.25413249156652545,0,30.393547242714355,81.08542906274673,638.7735635457412,58.07692307692308,0.05
181,2025-02-15T14:00:00,NOx,98.18826613737802,3696.2065557498654,374.2901869185911,0.25413249156652545,0,30.393547242714355,81.08542906274673,638.7735635457412,66.92307692307693,0.05
181,2025-02-15T14:00:00,NOx,98.18826613737802,3696.2065557498654,374.2901869185911,0.25413249156652545,0,30.393547242714355,81.08542906274673,638.7735635457412,75.76923076923077,0.05
181,2025-02-15T14:00:00,NOx,98.18826613737802,3696.2065557498654,374.2901869185911,0.25413249156652545,0,30.393547242714355,81.08542906274673,638.7735635457412,84.61538461538461,0.05
181,2025-02-15T14:00:00,NOx,98.18826613737802,3696.2065557498654,374.2901869185911,0.25413249156652545,0,30.393547242714355,81.08542906274673,638.7735635457412,93.46153846153847,0.05
181,2025-02-15T14:00:00,NOx,98.18826613737802,3696.2065557498654,374.2901869185911,0.25413249156652545,0,30.393547242714355,81.08542906274673,638.7735635457412,102.30769230769232,0.05
181,2025-02-15T14:00:00,NOx,98.18826613737802,3696.2065557498654,374.2901869185911,0.25413249156652545,0,30.393547242714355,81.08542906274673,638.7735635457412,111.15384615384616,0.05
181,2025-02-15T14:00:00,NOx,98.18826613737802,3696.2065557498654,374.2901869185911,0.25413249156652545,0,30.393547242714355,81.08542906274673,638.7735635457412,120.0,0.05
182,2025-02-15T20:00:00,NOx,102.74711022780367,1587.4847519219002,37.657050655373126,0.2836794202539784,3,34.231934891933264,32.64560026435598,134.70379310045087,5.0,0.05
182,2025-02-15T20:00:00,NOx,102.74711022780367,1587.4847519219002,37.657050655373126,0.2836794202539784,3,34.231934891933264,32.64560026435598,134.70379310045087,13.846153846153847,0.05
182,2025-02-15T20:00:00,NOx,102.74711022780367,1587.4847519219002,37.657050655373126,0.2836794202539784,3,34.231934891933264,32.64560026435598,134.70379310045087,22.692307692307693,0.05
182,2025-02-15T20:00:00,NOx,102.74711022780367,1587.4847519219002,37.657050655373126,0.2836794202539784,3,34.231934891933264,32.64560026435598,134.70379310045087,31.53846153846154,0.05
182,2025-02-15T20:00:00,NOx,102.74711022780367,1587.4847519219002,37.657050655373126,0.2836794202539784,3,34.231934891933264,32.64560026435598,134.70379310045087,40.38461538461539,0.05
182,2025-02-15T20:00:00,NOx,102.74711022780367,1587.4847519219002,37.657050655373126,0.2836794202539784,3,34.231934891933264,32.64560026435598,134.70379310045087,49.23076923076923,0.05
182,2025-02-15T20:00:00,NOx,102.74711022780367,1587.4847519219002,37.657050655373126,0.2836794202539784,3,34.231934891933264,32.64560026435598,134.70379310045087,58.07692307692308,0.05
182,2025-02-15T20:00:00,NOx,102.74711022780367,1587.4847519219002,37.657050655373126,0.2836794202539784,3,34.231934891933264,32.64560026435598,134.70379310045087,66.92307692307693,0.05
182,2025-02-15T20:00:00,NOx,102.74711022780367,1587.4847519219002,37.657050655373126,0.2836794202539784,3,34.231934891933264,32.64560026435598,134.70379310045087,75.76923076923077,0.05
182,2025-02-15T20:00:00,NOx,102.74711022780367,1587.4847519219002,37.657050655373126,0.2836794202539784,3,34.231934891933264,32.64560026435598,134.70379310045087,84.61538461538461,0.05
182,2025-02-15T20:00:00,NOx,102.74711022780367,1587.4847519219002,37.657050655373126,0.2836794202539784,3,34.231934891933264,32.64560026435598,134.70379310045087,93.46153846153847,0.05
182,2025-02-15T20:00:00,NOx,102.74711022780367,1587.4847519219002,37.657050655373126,0.2836794202539784,3,34.231934891933264,32.64560026435598,134.70379310045087,102.30769230769232,0.05
182,2025-02-15T20:00:00,NOx,102.74711022780367,1587.4847519219002,37.657050655373126,0.2836794202539784,3,34.231934891933264,32.64560026435598,134.70379310045087,111.15384615384616,0.05
182,2025-02-15T20:00:00,NOx,102.74711022780367,1587.4847519219002,37.657050655373126,0.2836794202539784,3,34.231934891933264,32.64560026435598,134.70379310045087,120.0,0.05
183,2025-02-16T02:00:00,CO,64.50509739377506,9106.932088505333,131.9671738935446,0.9814959071507504,2,31.18934550010956,83.72851926682247,605.9745036242124,5.0,99.15665030167415
183,2025-02-16T02:00:00,CO,64.50509739377506,9106.932088505333,131.9671738935446,0.9814959071507504,2,31.18934550010956,83.72851926682247,605.9745036242124,13.846153846153847,3.361854132475154
183,2025-02-16T02:00:00,CO,64.50509739377506,9106.932088505333,131.9671738935446,0.9814959071507504,2,31.18934550010956,83.72851926682247,605.9745036242124,22.692307692307693,0.1264599420438779
183,2025-02-16T02:00:00,CO,64.50509739377506,9106.932088505333,131.9671738935446,0.9814959071507504,2,31.18934550010956,83.72851926682247,605.9745036242124,31.53846153846154,0.05
183,2025-02-16T02:00:00,CO,64.50509739377506,9106.932088505333,131.9671738935446,0.9814959071507504,2,31.18934550010956,83.72851926682247,605.9745036242124,40.38461538461539,0.05
183,2025-02-16T02:00:00,CO,64.50509739377506,9106.932088505333,131.9671738935446,0.9814959071507504,2,31.18934550010956,83.72851926682247,605.9745036242124,49.23076923076923,0.05
183,2025-02-16T02:00:00,CO,64.50509739377506,9106.932088505333,131.9671738935446,0.9814959071507504,2,31.18934550010956,83.72851926682247,605.9745036242124,58.07692307692308,0.05
183,2025-02-16T02:00:00,CO,64.50509739377506,9106.932088505333,131.9671738935446,0.9814959071507504,2,31.18934550010956,,605.9745036242124,66.92307692307693,0.05
183,2025-02-16T02:00:00,CO,64.50509739377506,9106.932088505333,131.9671738935446,0.9814959071507504,2,31.18934550010956,83.72851926682247,605.9745036242124,75.76923076923077,0.05
183,2025-02-16T02:00:00,CO,64.50509739377506,9106.932088505333,131.9671738935446,0.9814959071507504,2,31.18934550010956,83.72851926682247,605.9745036242124,84.61538461538461,0.05
183,2025-02-16T02:00:00,CO,64.50509739377506,9106.932088505333,131.9671738935446,0.9814959071507504,2,31.18934550010956,83.72851926682247,605.9745036242124,93.46153846153847,0.05
183,2025-02-16T02:00:00,CO,64.50509739377506,9106.932088505333,131.9671738935446,0.9814959071507504,2,31.18934550010956,83.72851926682247,605.9745036242124,102.30769230769232,0.05
183,2025-02-16T02:00:00,CO,64.50509739377506,9106.932088505333,131.9671738935446,0.9814959071507504,2,31.18934550010956,83.72851926682247,605.9745036242124,111.15384615384616,0.05
183,2025-02-16T02:00:00,CO,64.50509739377506,9106.932088505333,131.9671738935446,0.9814959071507504,2,31.18934550010956,83.72851926682247,605.9745036242124,120.0,0.05
184,2025-02-16T08:00:00,NOx,46.571314715747064,3320.857088675417,228.07316724936217,1.386726374037752,2,24.064972362956915,34.254617325704274,587.3067401503935,5.0,12.453470836091078
184,2025-02-16T08:00:00,NOx,46.571314715747064,3320.857088675417,228.07316724936217,1.386726374037752,2,24.064972362956915,34.254617325704274,587.3067401503935,13.846153846153847,0.05
184,2025-02-16T08:00:00,NOx,46.571314715747064,3320.857088675417,228.07316724936217,1.386726374037752,2,24.064972362956915,34.254617325704274,587.3067401503935,22.692307692307693,0.05
184,2025-02-16T08:00:00,NOx,46.571314715747064,3320.857088675417,228.07316724936217,1.386726374037752,2,24.064972362956915,34.254617325704274,587.3067401503935,31.53846153846154,0.05
184,2025-02-16T08:00:00,NOx,46.571314715747064,3320.857088675417,228.07316724936217,1.386726374037752,2,24.064972362956915,34.254617325704274,587.3067401503935,40.38461538461539,0.05
184,2025-02-16T08:00:00,NOx,46.571314715747064,3320.857088675417,228.07316724936217,1.386726374037752,2,24.064972362956915,34.254617325704274,587.3067401503935,49.23076923076923,0.05
184,2025-02-16T08:00:00,NOx,46.571314715747064,3320.857088675417,228.07316724936217,1.386726374037752,2,24.064972362956915,34.254617325704274,587.3067401503935,58.07692307692308,0.05
184,2025-02-16T08:00:00,NOx,46.571314715747064,3320.857088675417,228.07316724936217,1.386726374037752,2,24.064972362956915,34.254617325704274,587.3067401503935,66.92307692307693,0.05
184,2025-02-16T08:00:00,NOx,46.571314715747064,3320.857088675417,228.07316724936217,1.386726374037752,2,24.064972362956915,34.254617325704274,587.3067401503935,75.76923076923077,0.05
184,2025-02-16T08:00:00,NOx,46.571314715747064,3320.857088675417,228.07316724936217,1.386726374037752,2,24.064972362956915,34.254617325704274,587.3067401503935,84.61538461538461,0.05
184,2025-02-16T08:00:00,NOx,46.571314715747064,3320.857088675417,228.07316724936217,1.386726374037752,2,24.064972362956915,34.254617325704274,587.3067401503935,93.46153846153847,0.05
184,2025-02-16T08:00:00,NOx,46.571314715747064,3320.857088675417,228.07316724936217,1.386726374037752,2,24.064972362956915,34.254617325704274,587.3067401503935,102.30769230769232,0.05
184,2025-02-16T08:00:00,NOx,46.571314715747064,3320.857088675417,228.07316724936217,1.386726374037752,2,24.064972362956915,34.254617325704274,587.3067401503935,111.15384615384616,0.05
184,2025-02-16T08:00:00,NOx,46.571314715747064,3320.857088675417,228.07316724936217,1.386726374037752,2,24.064972362956915,34.254617325704274,587.3067401503935,120.0,0.05
185,2025-02-16T14:00:00,NOx,76.31879290141394,11095.287512933362,187.75450829405497,1.4312814803448382,4,21.26858576273673,47.27682925051762,79.73432822420548,5.0,12.385492397089827
185,2025-02-16T14:00:00,NOx,76.31879290141394,11095.287512933362,187.75450829405497,1.4312814803448382,4,21.26858576273673,47.27682925051762,79.73432822420548,13.846153846153847,0.42894568883002504
185,2025-02-16T14:00:00,NOx,76.31879290141394,11095.287512933362,187.75450829405497,1.4312814803448382,4,21.26858576273673,47.27682925051762,79.73432822420548,22.692307692307693,0.05
185,2025-02-16T14:00:00,NOx,76.31879290141394,11095.287512933362,187.75450829405497,1.4312814803448382,4,21.26858576273673,47.27682925051762,79.73432822420548,31.53846153846154,0.05
185,2025-02-16T14:00:00,NOx,76.31879290141394,11095.287512933362,187.75450829405497,1.4312814803448382,4,21.26858576273673,47.27682925051762,79.73432822420548,40.38461538461539,0.05
185,2025-02-16T14:00:00,NOx,76.31879290141394,11095.287512933362,187.75450829405497,1.4312814803448382,4,21.26858576273673,47.27682925051762,79.73432822420548,49.23076923076923,0.05
185,2025-02-16T14:00:00,NOx,76.31879290141394,11095.287512933362,187.75450829405497,1.4312814803448382,4,21.26858576273673,47.27682925051762,79.73432822420548,58.07692307692308,
185,2025-02-16T14:00:00,NOx,76.31879290141394,11095.287512933362,187.75450829405497,1.4312814803448382,4,21.26858576273673,47.27682925051762,79.73432822420548,66.92307692307693,0.05
185,2025-02-16T14:00:00,NOx,76.31879290141394,11095.287512933362,187.75450829405497,1.4312814803448382,4,21.26858576273673,47.27682925051762,79.73432822420548,75.76923076923077,0.05
185,2025-02-16T14:00:00,NOx,76.31879290141394,11095.287512933362,187.75450829405497,1.4312814803448382,4,21.26858576273673,47.27682925051762,79.73432822420548,84.61538461538461,0.05
185,2025-02-16T14:00:00,NOx,76.31879290141394,11095.287512933362,187.75450829405497,1.4312814803448382,4,21.26858576273673,47.27682925051762,79.73432822420548,93.46153846153847,0.05
185,2025-02-16T14:00:00,NOx,76.31879290141394,11095.287512933362,187.75450829405497,1.4312814803448382,4,21.26858576273673,47.27682925051762,79.73432822420548,102.30769230769232,0.05
185,2025-02-16T14:00:00,NOx,76.31879290141394,11095.287512933362,187.75450829405497,1.4312814803448382,4,21.26858576273673,47.27682925051762,79.73432822420548,111.15384615384616,0.05
185,2025-02-16T14:00:00,NOx,76.31879290141394,11095.287512933362,187.75450829405497,1.4312814803448382,4,21.26858576273673,47.27682925051762,79.73432822420548,120.0,0.05
186,2025-02-16T20:00:00,CO,15.221867665402389,4251.021974806206,408.82096987635356,1.3723388699420882,0,29.516672371636076,59.041633540843506,669.8405297872214,5.0,289.67426814703
186,2025-02-16T20:00:00,CO,15.221867665402389,4251.021974806206,408.82096987635356,1.3723388699420882,0,29.516672371636076,,669.8405297872214,13.846153846153847,56.75126915085084
186,2025-02-16T20:00:00,CO,15.221867665402389,4251.021974806206,408.82096987635356,1.3723388699420882,0,29.516672371636076,59.041633540843506,669.8405297872214,22.692307692307693,12.897456537141124
186,2025-02-16T20:00:00,CO,15.221867665402389,4251.021974806206,408.82096987635356,1.3723388699420882,0,29.516672371636076,59.041633540843506,669.8405297872214,31.53846153846154,2.653686585227927
186,2025-02-16T20:00:00,CO,15.221867665402389,4251.021974806206,408.82096987635356,1.3723388699420882,0,29.516672371636076,59.041633540843506,669.8405297872214,40.38461538461539,0.5844926813171852
186,2025-02-16T20:00:00,CO,15.221867665402389,4251.021974806206,408.82096987635356,1.3723388699420882,0,29.516672371636076,59.041633540843506,669.8405297872214,49.23076923076923,0.12279713468348276
186,2025-02-16T20:00:00,CO,15.221867665402389,4251.021974806206,408.82096987635356,1.3723388699420882,0,29.516672371636076,59.041633540843506,669.8405297872214,58.07692307692308,0.05
186,2025-02-16T20:00:00,CO,15.221867665402389,4251.021974806206,408.82096987635356,1.3723388699420882,0,29.516672371636076,59.041633540843506,669.8405297872214,66.92307692307693,0.05
186,2025-02-16T20:00:00,CO,15.221867665402389,4251.021974806206,408.82096987635356,1.3723388699420882,0,29.516672371636076,59.041633540843506,669.8405297872214,75.76923076923077,0.05
186,2025-02-16T20:00:00,CO,15.221867665402389,4251.021974806206,408.82096987635356,1.3723388699420882,0,29.516672371636076,59.041633540843506,669.8405297872214,84.61538461538461,0.05
186,2025-02-16T20:00:00,CO,15.221867665402389,4251.021974806206,408.82096987635356,1.3723388699420882,0,29.516672371636076,59.041633540843506,669.8405297872214,93.46153846153847,0.05
186,2025-02-16T20:00:00,CO,15.221867665402389,4251.021974806206,408.82096987635356,1.3723388699420882,0,29.516672371636076,59.041633540843506,669.8405297872214,102.30769230769232,0.05
186,2025-02-16T20:00:00,CO,15.221867665402389,4251.021974806206,408.82096987635356,1.3723388699420882,0,29.516672371636076,59.041633540843506,669.8405297872214,111.15384615384616,0.05
186,2025-02-16T20:00:00,CO,15.221867665402389,4251.021974806206,408.82096987635356,1.3723388699420882,0,29.516672371636076,59.041633540843506,669.8405297872214,120.0,0.05
187,2025-02-17T02:00:00,NOx,83.32884175728387,6713.374407703935,170.39483292004033,0.4511200626423535,1,29.681266853921013,,666.6219514458242,5.0,24.32553806887058
187,2025-02-17T02:00:00,NOx,83.32884175728387,6713.374407703935,170.39483292004033,0.4511200626423535,1,29.681266853921013,27.696484210552423,666.6219514458242,13.846153846153847,0.07274278484076073
187,2025-02-17T02:00:00,NOx,83.32884175728387,6713.374407703935,170.39483292004033,0.4511200626423535,1,29.681266853921013,27.696484210552423,666.6219514458242,22.692307692307693,0.05
187,2025-02-17T02:00:00,NOx,83.32884175728387,6713.374407703935,170.39483292004033,0.4511200626423535,1,29.681266853921013,27.696484210552423,666.6219514458242,31.53846153846154,0.05
187,2025-02-17T02:00:00,NOx,83.32884175728387,6713.374407703935,170.39483292004033,0.4511200626423535,1,29.681266853921013,27.696484210552423,666.6219514458242,40.38461538461539,0.05
187,2025-02-17T02:00:00,NOx,83.32884175728387,6713.374407703935,170.39483292004033,0.4511200626423535,1,29.681266853921013,27.696484210552423,666.6219514458242,49.23076923076923,0.05
187,2025-02-17T02:00:00,NOx,83.32884175728387,6713.374407703935,170.39483292004033,0.4511200626423535,1,29.681266853921013,27.696484210552423,666.6219514458242,58.07692307692308,0.05
187,2025-02-17T02:00:00,NOx,83.32884175728387,6713.374407703935,170.39483292004033,,1,29.681266853921013,27.696484210552423,666.6219514458242,66.92307692307693,0.05
187,2025-02-17T02:00:00,NOx,83.32884175728387,6713.374407703935,170.39483292004033,0.4511200626423535,1,29.681266853921013,27.696484210552423,666.6219514458242,75.76923076923077,0.05
187,2025-02-17T02:00:00,NOx,83.32884175728387,6713.374407703935,170.39483292004033,0.4511200626423535,1,29.681266853921013,27.696484210552423,666.6219514458242,84.61538461538461,0.05
187,2025-02-17T02:00:00,NOx,83.32884175728387,6713.374407703935,170.39483292004033,0.4511200626423535,1,29.681266853921013,27.696484210552423,666.6219514458242,93.46153846153847,0.05
187,2025-02-17T02:00:00,NOx,83.32884175728387,6713.374407703935,170.39483292004033,,1,29.681266853921013,27.696484210552423,666.6219514458242,102.30769230769232,0.05
187,2025-02-17T02:00:00,NOx,83.32884175728387,6713.374407703935,170.39483292004033,0.4511200626423535,1,29.681266853921013,27.696484210552423,666.6219514458242,111.15384615384616,0.05
187,2025-02-17T02:00:00,NOx,83.32884175728387,6713.374407703935,170.39483292004033,0.4511200626423535,1,29.681266853921013,27.696484210552423,666.6219514458242,120.0,0.05
188,2025-02-17T08:00:00,NOx,69.92253594004389,3463.7563106760604,377.96871827252454,1.5596842901716246,2,30.718385303785073,72.42479610073435,223.53168607256342,5.0,0.4163799843634818
188,2025-02-17T08:00:00,NOx,69.92253594004389,3463.7563106760604,377.96871827252454,1.5596842901716246,2,30.718385303785073,72.42479610073435,223.53168607256342,13.846153846153847,0.05
188,2025-02-17T08:00:00,NOx,69.92253594004389,3463.7563106760604,377.96871827252454,1.5596842901716246,2,30.718385303785073,72.42479610073435,223.53168607256342,22.692307692307693,0.05
188,2025-02-17T08:00:00,NOx,69.92253594004389,3463.7563106760604,377.96871827252454,1.5596842901716246,2,30.718385303785073,72.42479610073435,223.53168607256342,31.53846153846154,0.05
188,2025-02-17T08:00:00,NOx,69.92253594004389,3463.7563106760604,377.96871827252454,1.5596842901716246,2,30.718385303785073,72.42479610073435,223.53168607256342,40.38461538461539,0.05
188,2025-02-17T08:00:00,NOx,69.92253594004389,3463.7563106760604,377.96871827252454,1.5596842901716246,2,30.718385303785073,72.42479610073435,223.53168607256342,49.23076923076923,0.05
188,2025-02-17T08:00:00,NOx,69.92253594004389,3463.7563106760604,377.96871827252454,1.5596842901716246,2,30.718385303785073,72.42479610073435,223.53168607256342,58.07692307692308,0.05
188,2025-02-17T08:00:00,NOx,69.92253594004389,3463.7563106760604,377.96871827252454,1.5596842901716246,2,30.718385303785073,72.42479610073435,223.53168607256342,66.92307692307693,0.05
188,2025-02-17T08:00:00,NOx,69.92253594004389,3463.7563106760604,377.96871827252454,1.5596842901716246,2,30.718385303785073,72.42479610073435,223.53168607256342,75.76923076923077,0.05
188,2025-02-17T08:00:00,NOx,69.92253594004389,3463.7563106760604,377.96871827252454,1.5596842901716246,2,30.718385303785073,72.42479610073435,223.53168607256342,84.61538461538461,0.05
188,2025-02-17T08:00:00,NOx,69.92253594004389,3463.7563106760604,377.96871827252454,1.5596842901716246,2,30.718385303785073,72.42479610073435,223.53168607256342,93.46153846153847,0.05
188,2025-02-17T08:00:00,NOx,69.92253594004389,3463.7563106760604,377.96871827252454,1.5596842901716246,2,30.718385303785073,72.42479610073435,223.53168607256342,102.30769230769232,0.05
188,2025-02-17T08:00:00,NOx,69.92253594004389,3463.7563106760604,377.96871827252454,1.5596842901716246,2,30.718385303785073,72.42479610073435,223.53168607256342,111.15384615384616,0.05
188,2025-02-17T08:00:00,NOx,69.92253594004389,3463.7563106760604,377.96871827252454,1.5596842901716246,2,30.718385303785073,72.42479610073435,223.53168607256342,120.0,0.05
189,2025-02-17T14:00:00,NOx,14.035970536098958,5896.243718531704,289.5910120625173,0.8715340425755816,2,20.612905120514046,,352.8583282985994,5.0,173.83835427361743
189,2025-02-17T14:00:00,NOx,14.035970536098958,5896.243718531704,289.5910120625173,0.8715340425755816,2,20.612905120514046,48.84844502143889,352.8583282985994,13.846153846153847,55.739033844509244
189,2025-02-17T14:00:00,NOx,14.035970536098958,5896.243718531704,289.5910120625173,0.8715340425755816,2,20.612905120514046,48.84844502143889,352.8583282985994,22.692307692307693,14.006160120671266
189,2025-02-17T14:00:00,NOx,14.035970536098958,5896.243718531704,289.5910120625173,0.8715340425755816,2,20.612905120514046,48.84844502143889,352.8583282985994,31.53846153846154,4.313144122605944
189,2025-02-17T14:00:00,NOx,14.035970536098958,5896.243718531704,289.5910120625173,0.8715340425755816,2,20.612905120514046,48.84844502143889,352.8583282985994,40.38461538461539,1.2177519917686321
189,2025-02-17T14:00:00,NOx,14.035970536098958,5896.243718531704,289.5910120625173,0.8715340425755816,2,20.612905120514046,48.84844502143889,352.8583282985994,49.23076923076923,0.30564600458212127
189,2025-02-17T14:00:00,NOx,14.035970536098958,5896.243718531704,289.5910120625173,0.8715340425755816,2,20.612905120514046,48.84844502143889,352.8583282985994,58.07692307692308,0.11395082608389331
189,2025-02-17T14:00:00,NOx,14.035970536098958,5896.243718531704,289.5910120625173,0.8715340425755816,2,20.612905120514046,48.84844502143889,352.8583282985994,66.92307692307693,0.05
189,2025-02-17T14:00:00,NOx,14.035970536098958,5896.243718531704,289.5910120625173,0.8715340425755816,2,20.612905120514046,48.84844502143889,352.8583282985994,75.76923076923077,0.05
189,2025-02-17T14:00:00,NOx,14.035970536098958,5896.243718531704,289.5910120625173,0.8715340425755816,2,20.612905120514046,48.84844502143889,352.8583282985994,84.61538461538461,0.05
189,2025-02-17T14:00:00,NOx,14.035970536098958,5896.243718531704,289.5910120625173,0.8715340425755816,2,20.612905120514046,48.84844502143889,352.8583282985994,93.46153846153847,0.05
189,2025-02-17T14:00:00,NOx,14.035970536098958,5896.243718531704,289.5910120625173,0.8715340425755816,2,20.612905120514046,48.84844502143889,352.8583282985994,102.30769230769232,0.05
189,2025-02-17T14:00:00,NOx,14.035970536098958,5896.243718531704,289.5910120625173,0.8715340425755816,2,20.612905120514046,48.84844502143889,352.8583282985994,111.15384615384616,0.05
189,2025-02-17T14:00:00,NOx,14.035970536098958,5896.243718531704,289.5910120625173,0.8715340425755816,2,20.612905120514046,48.84844502143889,352.8583282985994,120.0,0.05
190,2025-02-17T20:00:00,NOx,103.86068990736806,9013.46230166953,264.3124049698925,1.2276587973613886,4,22.687332649901215,58.04553353219163,625.6630928052083,5.0,25.286515636363355
190,2025-02-17T20:00:00,NOx,103.86068990736806,9013.46230166953,264.3124049698925,1.2276587973613886,4,22.687332649901215,58.04553353219163,625.6630928052083,13.846153846153847,0.07953619859902666
190,2025-02-17T20:00:00,NOx,103.86068990736806,9013.46230166953,264.3124049698925,1.2276587973613886,4,22.687332649901215,,625.6630928052083,22.692307692307693,0.05
190,2025-02-17T20:00:00,NOx,103.86068990736806,9013.46230166953,264.3124049698925,1.2276587973613886,4,22.687332649901215,58.04553353219163,625.6630928052083,31.53846153846154,0.05
190,2025-02-17T20:00:00,NOx,103.86068990736806,9013.46230166953,264.3124049698925,1.2276587973613886,4,22.687332649901215,58.04553353219163,625.6630928052083,40.38461538461539,0.05
190,2025-02-17T20:00:00,NOx,103.86068990736806,9013.46230166953,264.3124049698925,1.2276587973613886,4,22.687332649901215,58.04553353219163,625.6630928052083,49.23076923076923,0.05
190,2025-02-17T20:00:00,NOx,103.86068990736806,9013.46230166953,264.3124049698925,1.2276587973613886,4,22.687332649901215,58.04553353219163,625.6630928052083,58.07692307692308,0.05
190,2025-02-17T20:00:00,NOx,103.86068990736806,9013.46230166953,264.3124049698925,1.2276587973613886,4,22.687332649901215,58.04553353219163,625.6630928052083,66.92307692307693,0.05
190,2025-02-17T20:00:00,NOx,103.86068990736806,9013.46230166953,264.3124049698925,1.2276587973613886,4,22.687332649901215,58.04553353219163,625.6630928052083,75.76923076923077,0.05
190,2025-02-17T20:00:00,NOx,103.86068990736806,9013.46230166953,264.3124049698925,1.2276587973613886,4,22.687332649901215,58.04553353219163,625.6630928052083,84.61538461538461,0.05
190,2025-02-17T20:00:00,NOx,103.86068990736806,9013.46230166953,264.3124049698925,1.2276587973613886,4,22.687332649901215,58.04553353219163,625.6630928052083,93.46153846153847,0.05
190,2025-02-17T20:00:00,NOx,103.86068990736806,9013.46230166953,264.3124049698925,1.2276587973613886,4,22.687332649901215,58.04553353219163,625.6630928052083,102.30769230769232,0.05
190,2025-02-17T20:00:00,NOx,103.86068990736806,9013.46230166953,264.3124049698925,1.2276587973613886,4,22.687332649901215,58.04553353219163,625.6630928052083,111.15384615384616,0.05
190,2025-02-17T20:00:00,NOx,103.86068990736806,9013.46230166953,264.3124049698925,1.2276587973613886,4,22.687332649901215,58.04553353219163,625.6630928052083,120.0,0.05
191,2025-02-18T02:00:00,CO,90.37650673967627,3978.0906730264587,59.605592249906024,1.1724234295992209,3,18.032616952597298,65.54491069363416,230.28621523226556,5.0,0.21880728447819173
191,2025-02-18T02:00:00,CO,90.37650673967627,3978.0906730264587,59.605592249906024,1.1724234295992209,3,18.032616952597298,65.54491069363416,230.28621523226556,13.846153846153847,0.05
191,2025-02-18T02:00:00,CO,90.37650673967627,3978.0906730264587,59.605592249906024,1.1724234295992209,3,18.032616952597298,65.54491069363416,230.28621523226556,22.692307692307693,0.05
191,2025-02-18T02:00:00,CO,90.37650673967627,3978.0906730264587,59.605592249906024,1.1724234295992209,3,18.032616952597298,65.54491069363416,230.28621523226556,31.53846153846154,0.05
191,2025-02-18T02:00:00,CO,90.37650673967627,3978.0906730264587,59.605592249906024,1.1724234295992209,3,18.032616952597298,65.54491069363416,230.28621523226556,40.38461538461539,0.05
191,2025-02-18T02:00:00,CO,90.37650673967627,3978.0906730264587,59.605592249906024,1.1724234295992209,3,18.032616952597298,65.54491069363416,230.28621523226556,49.23076923076923,0.05
191,2025-02-18T02:00:00,CO,90.37650673967627,3978.0906730264587,59.605592249906024,1.1724234295992209,3,18.032616952597298,65.54491069363416,230.28621523226556,58.07692307692308,0.05
191,2025-02-18T02:00:00,CO,90.37650673967627,3978.0906730264587,59.605592249906024,1.1724234295992209,3,18.032616952597298,65.54491069363416,230.28621523226556,66.92307692307693,0.05
191,2025-02-18T02:00:00,CO,90.37650673967627,3978.0906730264587,59.605592249906024,1.1724234295992209,3,18.032616952597298,65.54491069363416,230.28621523226556,75.76923076923077,0.05
191,2025-02-18T02:00:00,CO,90.37650673967627,3978.0906730264587,59.605592249906024,1.1724234295992209,3,18.032616952597298,65.54491069363416,230.28621523226556,84.61538461538461,0.05
191,2025-02-18T02:00:00,CO,90.37650673967627,3978.0906730264587,59.605592249906024,1.1724234295992209,3,18.032616952597298,65.54491069363416,230.28621523226556,93.46153846153847,0.05
191,2025-02-18T02:00:00,CO,90.37650673967627,3978.0906730264587,59.605592249906024,1.1724234295992209,3,18.032616952597298,65.54491069363416,230.28621523226556,102.30769230769232,0.05
191,2025-02-18T02:00:00,CO,90.37650673967627,3978.0906730264587,59.605592249906024,1.1724234295992209,3,18.032616952597298,65.54491069363416,230.28621523226556,111.15384615384616,0.05
191,2025-02-18T02:00:00,CO,90.37650673967627,3978.0906730264587,59.605592249906024,1.1724234295992209,3,18.032616952597298,65.54491069363416,230.28621523226556,120.0,0.05
192,2025-02-18T08:00:00,CO,106.64522429493186,2622.796856158391,182.9617779924614,1.3957027276488947,4,34.4274827265535,29.744150642077344,411.8140910643924,5.0,0.05
192,2025-02-18T08:00:00,CO,106.64522429493186,2622.796856158391,182.9617779924614,1.3957027276488947,4,34.4274827265535,29.744150642077344,411.8140910643924,13.846153846153847,0.05
192,2025-02-18T08:00:00,CO,106.64522429493186,2622.796856158391,182.9617779924614,1.3957027276488947,4,34.4274827265535,29.744150642077344,411.8140910643924,22.692307692307693,0.05
192,2025-02-18T08:00:00,CO,106.64522429493186,2622.796856158391,182.9617779924614,1.3957027276488947,4,34.4274827265535,29.744150642077344,411.8140910643924,31.53846153846154,0.05
192,2025-02-18T08:00:00,CO,106.64522429493186,2622.796856158391,182.9617779924614,1.3957027276488947,4,34.4274827265535,29.744150642077344,411.8140910643924,40.38461538461539,0.05
192,2025-02-18T08:00:00,CO,106.64522429493186,2622.796856158391,182.9617779924614,1.3957027276488947,4,34.4274827265535,29.744150642077344,411.8140910643924,49.23076923076923,0.05
192,2025-02-18T08:00:00,CO,106.64522429493186,2622.796856158391,182.9617779924614,1.3957027276488947,4,34.4274827265535,29.744150642077344,411.8140910643924,58.07692307692308,0.05
192,2025-02-18T08:00:00,CO,106.64522429493186,2622.796856158391,182.9617779924614,1.3957027276488947,4,34.4274827265535,29.744150642077344,411.8140910643924,66.92307692307693,0.05
192,2025-02-18T08:00:00,CO,106.64522429493186,2622.796856158391,182.9617779924614,1.3957027276488947,4,34.4274827265535,29.744150642077344,411.8140910643924,75.76923076923077,0.05
192,2025-02-18T08:00:00,CO,106.64522429493186,2622.796856158391,182.9617779924614,1.3957027276488947,4,34.4274827265535,29.744150642077344,411.8140910643924,84.61538461538461,0.05
192,2025-02-18T08:00:00,CO,106.64522429493186,2622.796856158391,182.9617779924614,1.3957027276488947,4,,29.744150642077344,411.8140910643924,93.46153846153847,0.05
192,2025-02-18T08:00:00,CO,106.64522429493186,2622.796856158391,182.9617779924614,1.3957027276488947,4,34.4274827265535,29.744150642077344,411.8140910643924,102.30769230769232,0.05
192,2025-02-18T08:00:00,CO,106.64522429493186,2622.796856158391,182.9617779924614,1.3957027276488947,4,34.4274827265535,29.744150642077344,411.8140910643924,111.15384615384616,0.05
192,2025-02-18T08:00:00,CO,106.64522429493186,2622.796856158391,182.9617779924614,1.3957027276488947,4,34.4274827265535,,411.8140910643924,120.0,0.05
193,2025-02-18T14:00:00,CO,117.62861596380884,5667.636040256708,106.3624902279841,0.6974762406750331,0,25.947522965318512,62.38511544821327,741.4911408762919,5.0,13.691691082208479
193,2025-02-18T14:00:00,CO,117.62861596380884,5667.636040256708,106.3624902279841,0.6974762406750331,0,25.947522965318512,62.38511544821327,741.4911408762919,13.846153846153847,0.05
193,2025-02-18T14:00:00,CO,117.62861596380884,5667.636040256708,106.3624902279841,0.6974762406750331,0,25.947522965318512,62.38511544821327,741.4911408762919,22.692307692307693,0.05
193,2025-02-18T14:00:00,CO,117.62861596380884,5667.636040256708,106.3624902279841,0.6974762406750331,0,25.947522965318512,62.38511544821327,741.4911408762919,31.53846153846154,0.05
193,2025-02-18T14:00:00,CO,117.62861596380884,5667.636040256708,106.3624902279841,0.6974762406750331,0,25.947522965318512,,741.4911408762919,40.38461538461539,0.05
193,2025-02-18T14:00:00,CO,117.62861596380884,5667.636040256708,106.3624902279841,0.6974762406750331,0,25.947522965318512,,741.4911408762919,49.23076923076923,0.05
193,2025-02-18T14:00:00,CO,117.62861596380884,5667.636040256708,106.3624902279841,0.6974762406750331,0,25.947522965318512,62.38511544821327,741.4911408762919,58.07692307692308,0.05
193,2025-02-18T14:00:00,CO,117.62861596380884,5667.636040256708,106.3624902279841,0.6974762406750331,0,25.947522965318512,62.38511544821327,741.4911408762919,66.92307692307693,0.05
193,2025-02-18T14:00:00,CO,117.62861596380884,5667.636040256708,106.3624902279841,0.6974762406750331,0,25.947522965318512,62.38511544821327,741.4911408762919,75.76923076923077,0.05
193,2025-02-18T14:00:00,CO,117.62861596380884,5667.636040256708,106.3624902279841,0.6974762406750331,0,25.947522965318512,62.38511544821327,741.4911408762919,84.61538461538461,0.05
193,2025-02-18T14:00:00,CO,117.62861596380884,5667.636040256708,106.3624902279841,0.6974762406750331,0,25.947522965318512,62.38511544821327,741.4911408762919,93.46153846153847,0.05
193,2025-02-18T14:00:00,CO,117.62861596380884,5667.636040256708,106.3624902279841,0.6974762406750331,0,25.947522965318512,62.38511544821327,741.4911408762919,102.30769230769232,0.05
193,2025-02-18T14:00:00,CO,117.62861596380884,5667.636040256708,106.3624902279841,0.6974762406750331,0,25.947522965318512,62.38511544821327,741.4911408762919,111.15384615384616,0.05
193,2025-02-18T14:00:00,CO,117.62861596380884,5667.636040256708,106.3624902279841,0.6974762406750331,0,25.947522965318512,62.38511544821327,741.4911408762919,120.0,0.05
194,2025-02-18T20:00:00,NOx,60.23244253269084,6536.487907359377,120.45001034134988,1.5171244055438844,3,35.99201314766674,31.556269961965327,513.3667340506929,5.0,19.71137325983658
194,2025-02-18T20:00:00,NOx,60.23244253269084,6536.487907359377,120.45001034134988,1.5171244055438844,3,35.99201314766674,31.556269961965327,513.3667340506929,13.846153846153847,0.08074143821039328
194,2025-02-18T20:00:00,NOx,60.23244253269084,6536.487907359377,120.45001034134988,,3,35.99201314766674,31.556269961965327,513.3667340506929,22.692307692307693,0.05
194,2025-02-18T20:00:00,NOx,60.23244253269084,6536.487907359377,120.45001034134988,1.5171244055438844,3,35.99201314766674,31.556269961965327,513.3667340506929,31.53846153846154,0.05
194,2025-02-18T20:00:00,NOx,60.23244253269084,6536.487907359377,120.45001034134988,1.5171244055438844,3,35.99201314766674,31.556269961965327,513.3667340506929,40.38461538461539,0.05
194,2025-02-18T20:00:00,NOx,60.23244253269084,6536.487907359377,120.45001034134988,1.5171244055438844,3,35.99201314766674,31.556269961965327,513.3667340506929,49.23076923076923,0.05
194,2025-02-18T20:00:00,NOx,60.23244253269084,6536.487907359377,120.45001034134988,1.5171244055438844,3,35.99201314766674,31.556269961965327,513.3667340506929,58.07692307692308,0.05
194,2025-02-18T20:00:00,NOx,60.23244253269084,6536.487907359377,120.45001034134988,1.5171244055438844,3,35.99201314766674,31.556269961965327,513.3667340506929,66.92307692307693,0.05
194,2025-02-18T20:00:00,NOx,60.23244253269084,6536.487907359377,120.45001034134988,1.5171244055438844,3,35.99201314766674,31.556269961965327,513.3667340506929,75.76923076923077,0.05
194,2025-02-18T20:00:00,NOx,60.23244253269084,6536.487907359377,120.45001034134988,1.5171244055438844,3,35.99201314766674,31.556269961965327,513.3667340506929,84.61538461538461,0.05
194,2025-02-18T20:00:00,NOx,60.23244253269084,6536.487907359377,120.45001034134988,1.5171244055438844,3,35.99201314766674,31.556269961965327,513.3667340506929,93.46153846153847,0.05
194,2025-02-18T20:00:00,NOx,60.23244253269084,6536.487907359377,120.45001034134988,1.5171244055438844,3,35.99201314766674,31.556269961965327,513.3667340506929,102.30769230769232,0.05
194,2025-02-18T20:00:00,NOx,60.23244253269084,6536.487907359377,120.45001034134988,1.5171244055438844,3,35.99201314766674,31.556269961965327,513.3667340506929,111.15384615384616,0.05
194,2025-02-18T20:00:00,NOx,60.23244253269084,6536.487907359377,120.45001034134988,1.5171244055438844,3,35.99201314766674,31.556269961965327,513.3667340506929,120.0,0.05
195,2025-02-19T02:00:00,CO,63.16691719780985,1236.3384414605798,144.63472094545807,1.5929846231991618,3,36.367924227806,37.90454848938005,275.60184825458884,5.0,0.05
195,2025-02-19T02:00:00,CO,63.16691719780985,1236.3384414605798,144.63472094545807,1.5929846231991618,3,36.367924227806,37.90454848938005,275.60184825458884,13.846153846153847,0.05
195,2025-02-19T02:00:00,CO,63.16691719780985,1236.3384414605798,144.63472094545807,1.5929846231991618,3,36.367924227806,37.90454848938005,275.60184825458884,22.692307692307693,0.05
195,2025-02-19T02:00:00,CO,63.16691719780985,1236.3384414605798,144.63472094545807,1.5929846231991618,3,36.367924227806,37.90454848938005,275.60184825458884,31.53846153846154,0.05
195,2025-02-19T02:00:00,CO,63.16691719780985,1236.3384414605798,144.63472094545807,1.5929846231991618,3,36.367924227806,37.90454848938005,275.60184825458884,40.38461538461539,0.05
195,2025-02-19T02:00:00,CO,63.16691719780985,1236.3384414605798,144.63472094545807,1.5929846231991618,3,36.367924227806,37.90454848938005,275.60184825458884,49.23076923076923,0.05
195,2025-02-19T02:00:00,CO,63.16691719780985,1236.3384414605798,144.63472094545807,1.5929846231991618,3,36.367924227806,37.90454848938005,275.60184825458884,58.07692307692308,0.05
195,2025-02-19T02:00:00,CO,63.16691719780985,1236.3384414605798,144.63472094545807,1.5929846231991618,3,,37.90454848938005,275.60184825458884,66.92307692307693,0.05
195,2025-02-19T02:00:00,CO,63.16691719780985,1236.3384414605798,144.63472094545807,1.5929846231991618,3,36.367924227806,37.90454848938005,275.60184825458884,75.76923076923077,0.05
195,2025-02-19T02:00:00,CO,63.16691719780985,1236.3384414605798,144.63472094545807,1.5929846231991618,3,36.367924227806,37.90454848938005,275.60184825458884,84.61538461538461,0.05
195,2025-02-19T02:00:00,CO,63.16691719780985,1236.3384414605798,144.63472094545807,1.5929846231991618,3,36.367924227806,37.90454848938005,275.60184825458884,93.46153846153847,0.05
195,2025-02-19T02:00:00,CO,63.16691719780985,1236.3384414605798,144.63472094545807,1.5929846231991618,3,,37.90454848938005,275.60184825458884,102.30769230769232,0.05
195,2025-02-19T02:00:00,CO,63.16691719780985,1236.3384414605798,144.63472094545807,1.5929846231991618,3,36.367924227806,37.90454848938005,275.60184825458884,111.15384615384616,0.05
195,2025-02-19T02:00:00,CO,63.16691719780985,1236.3384414605798,144.63472094545807,1.5929846231991618,3,36.367924227806,37.90454848938005,275.60184825458884,120.0,0.05
196,2025-02-19T08:00:00,CO,99.57706525206771,4611.8579959755425,397.4568241984875,0.6194955503069596,3,24.1296075463716,27.09494750936479,253.7469348244234,5.0,0.9044346446684954
196,2025-02-19T08:00:00,CO,99.57706525206771,4611.8579959755425,397.4568241984875,0.6194955503069596,3,24.1296075463716,27.09494750936479,253.7469348244234,13.846153846153847,0.05
196,2025-02-19T08:00:00,CO,99.57706525206771,4611.8579959755425,397.4568241984875,0.6194955503069596,3,24.1296075463716,27.09494750936479,253.7469348244234,22.692307692307693,0.05
196,2025-02-19T08:00:00,CO,99.57706525206771,4611.8579959755425,397.4568241984875,0.6194955503069596,3,24.1296075463716,27.09494750936479,253.7469348244234,31.53846153846154,0.05
196,2025-02-19T08:00:00,CO,99.57706525206771,4611.8579959755425,397.4568241984875,0.6194955503069596,3,24.1296075463716,27.09494750936479,253.7469348244234,40.38461538461539,0.05
196,2025-02-19T08:00:00,CO,99.57706525206771,4611.8579959755425,397.4568241984875,0.6194955503069596,3,24.1296075463716,27.09494750936479,253.7469348244234,49.23076923076923,0.05
196,2025-02-19T08:00:00,CO,99.57706525206771,4611.8579959755425,397.4568241984875,0.6194955503069596,3,24.1296075463716,27.09494750936479,253.7469348244234,58.07692307692308,0.05
196,2025-02-19T08:00:00,CO,99.57706525206771,4611.8579959755425,397.4568241984875,0.6194955503069596,3,24.1296075463716,27.09494750936479,253.7469348244234,66.92307692307693,0.05
196,2025-02-19T08:00:00,CO,99.57706525206771,4611.8579959755425,397.4568241984875,0.6194955503069596,3,24.1296075463716,27.09494750936479,253.7469348244234,75.76923076923077,0.05
196,2025-02-19T08:00:00,CO,99.57706525206771,4611.8579959755425,397.4568241984875,0.6194955503069596,3,24.1296075463716,27.09494750936479,253.7469348244234,84.61538461538461,0.05
196,2025-02-19T08:00:00,CO,99.57706525206771,4611.8579959755425,397.4568241984875,0.6194955503069596,3,24.1296075463716,27.09494750936479,253.7469348244234,93.46153846153847,0.05
196,2025-02-19T08:00:00,CO,99.57706525206771,4611.8579959755425,397.4568241984875,0.6194955503069596,3,24.1296075463716,27.09494750936479,253.7469348244234,102.30769230769232,0.05
196,2025-02-19T08:00:00,CO,99.57706525206771,4611.8579959755425,397.4568241984875,0.6194955503069596,3,24.1296075463716,27.09494750936479,253.7469348244234,111.15384615384616,0.05
196,2025-02-19T08:00:00,CO,99.57706525206771,4611.8579959755425,397.4568241984875,0.6194955503069596,3,24.1296075463716,27.09494750936479,253.7469348244234,120.0,0.05
197,2025-02-19T14:00:00,SO2,55.19473295528901,8288.156993195023,198.0890488941712,0.8959661414910045,0,28.498207599098272,71.54354884133667,782.9045479379877,5.0,111.4937854081263
197,2025-02-19T14:00:00,SO2,55.19473295528901,8288.156993195023,198.0890488941712,0.8959661414910045,0,28.498207599098272,71.54354884133667,782.9045479379877,13.846153846153847,5.002618262171325
197,2025-02-19T14:00:00,SO2,55.19473295528901,8288.156993195023,198.0890488941712,0.8959661414910045,0,28.498207599098272,71.54354884133667,782.9045479379877,22.692307692307693,0.22327692202942284
197,2025-02-19T14:00:00,SO2,55.19473295528901,8288.156993195023,198.0890488941712,0.8959661414910045,0,28.498207599098272,71.54354884133667,782.9045479379877,31.53846153846154,0.05
197,2025-02-19T14:00:00,SO2,55.19473295528901,8288.156993195023,198.0890488941712,0.8959661414910045,0,28.498207599098272,71.54354884133667,782.9045479379877,40.38461538461539,0.05
197,2025-02-19T14:00:00,SO2,55.19473295528901,8288.156993195023,198.0890488941712,0.8959661414910045,0,28.498207599098272,71.54354884133667,782.9045479379877,49.23076923076923,0.05
197,2025-02-19T14:00:00,SO2,55.19473295528901,8288.156993195023,198.0890488941712,0.8959661414910045,0,28.498207599098272,71.54354884133667,782.9045479379877,58.07692307692308,0.05
197,2025-02-19T14:00:00,SO2,55.19473295528901,8288.156993195023,198.0890488941712,0.8959661414910045,0,28.498207599098272,71.54354884133667,782.9045479379877,66.92307692307693,0.05
197,2025-02-19T14:00:00,SO2,55.19473295528901,8288.156993195023,198.0890488941712,0.8959661414910045,0,28.498207599098272,71.54354884133667,782.9045479379877,75.76923076923077,0.05
197,2025-02-19T14:00:00,SO2,55.19473295528901,8288.156993195023,198.0890488941712,0.8959661414910045,0,28.498207599098272,71.54354884133667,782.9045479379877,84.61538461538461,0.05
197,2025-02-19T14:00:00,SO2,55.19473295528901,8288.156993195023,198.0890488941712,0.8959661414910045,0,28.498207599098272,71.54354884133667,782.9045479379877,93.46153846153847,0.05
197,2025-02-19T14:00:00,SO2,55.19473295528901,8288.156993195023,198.0890488941712,0.8959661414910045,0,28.498207599098272,71.54354884133667,782.9045479379877,102.30769230769232,0.05
197,2025-02-19T14:00:00,SO2,55.19473295528901,8288.156993195023,198.0890488941712,0.8959661414910045,0,28.498207599098272,71.54354884133667,782.9045479379877,111.15384615384616,0.05
197,2025-02-19T14:00:00,SO2,55.19473295528901,8288.156993195023,198.0890488941712,0.8959661414910045,0,28.498207599098272,71.54354884133667,782.9045479379877,120.0,0.05
198,2025-02-19T20:00:00,CO,60.25400522658145,6882.346982994782,142.27974007218043,1.0768014457088002,3,24.732140671310336,73.25660996665447,237.05644869019812,5.0,10.41145545872975
198,2025-02-19T20:00:00,CO,60.25400522658145,6882.346982994782,142.27974007218043,1.0768014457088002,3,24.732140671310336,73.25660996665447,237.05644869019812,13.846153846153847,0.05
198,2025-02-19T20:00:00,CO,60.25400522658145,6882.346982994782,142.27974007218043,1.0768014457088002,3,24.732140671310336,73.25660996665447,237.05644869019812,22.692307692307693,0.05
198,2025-02-19T20:00:00,CO,60.25400522658145,6882.346982994782,142.27974007218043,1.0768014457088002,3,24.732140671310336,73.25660996665447,237.05644869019812,31.53846153846154,0.05
198,2025-02-19T20:00:00,CO,60.25400522658145,6882.346982994782,142.27974007218043,1.0768014457088002,3,24.732140671310336,73.25660996665447,237.05644869019812,40.38461538461539,0.05
198,2025-02-19T20:00:00,CO,60.25400522658145,6882.346982994782,142.27974007218043,1.0768014457088002,3,24.732140671310336,73.25660996665447,237.05644869019812,49.23076923076923,0.05
198,2025-02-19T20:00:00,CO,60.25400522658145,6882.346982994782,142.27974007218043,1.0768014457088002,3,24.732140671310336,73.25660996665447,237.05644869019812,58.07692307692308,0.05
198,2025-02-19T20:00:00,CO,60.25400522658145,6882.346982994782,142.27974007218043,1.0768014457088002,3,,73.25660996665447,237.05644869019812,66.92307692307693,0.05
198,2025-02-19T20:00:00,CO,60.25400522658145,6882.346982994782,142.27974007218043,1.0768014457088002,3,24.732140671310336,73.25660996665447,237.05644869019812,75.76923076923077,0.05
198,2025-02-19T20:00:00,CO,60.25400522658145,6882.346982994782,142.27974007218043,1.0768014457088002,3,24.732140671310336,73.25660996665447,237.05644869019812,84.61538461538461,0.05
198,2025-02-19T20:00:00,CO,60.25400522658145,6882.346982994782,142.27974007218043,1.0768014457088002,3,24.732140671310336,73.25660996665447,237.05644869019812,93.46153846153847,
198,2025-02-19T20:00:00,CO,60.25400522658145,6882.346982994782,142.27974007218043,1.0768014457088002,3,24.732140671310336,73.25660996665447,237.05644869019812,102.30769230769232,0.05
198,2025-02-19T20:00:00,CO,60.25400522658145,6882.346982994782,142.27974007218043,1.0768014457088002,3,24.732140671310336,73.25660996665447,237.05644869019812,111.15384615384616,0.05
198,2025-02-19T20:00:00,CO,60.25400522658145,6882.346982994782,142.27974007218043,1.0768014457088002,3,24.732140671310336,73.25660996665447,237.05644869019812,120.0,0.05
199,2025-02-20T02:00:00,CO,19.731428632406928,1208.0378098704443,216.13475464302087,1.0831235798742722,0,35.377704667836056,31.648263701958356,189.4713479791052,5.0,3.1171832166223
199,2025-02-20T02:00:00,CO,19.731428632406928,1208.0378098704443,216.13475464302087,1.0831235798742722,0,35.377704667836056,31.648263701958356,189.4713479791052,13.846153846153847,0.05
199,2025-02-20T02:00:00,CO,19.731428632406928,1208.0378098704443,216.13475464302087,1.0831235798742722,0,35.377704667836056,31.648263701958356,189.4713479791052,22.692307692307693,0.05
199,2025-02-20T02:00:00,CO,19.731428632406928,1208.0378098704443,216.13475464302087,1.0831235798742722,0,35.377704667836056,31.648263701958356,189.4713479791052,31.53846153846154,0.05
199,2025-02-20T02:00:00,CO,19.731428632406928,1208.0378098704443,216.13475464302087,1.0831235798742722,0,35.377704667836056,31.648263701958356,189.4713479791052,40.38461538461539,0.05
199,2025-02-20T02:00:00,CO,19.731428632406928,1208.0378098704443,216.13475464302087,1.0831235798742722,0,35.377704667836056,,189.4713479791052,49.23076923076923,0.05
199,2025-02-20T02:00:00,CO,19.731428632406928,1208.0378098704443,216.13475464302087,1.0831235798742722,0,35.377704667836056,31.648263701958356,189.4713479791052,58.07692307692308,0.05
199,2025-02-20T02:00:00,CO,19.731428632406928,1208.0378098704443,216.13475464302087,1.0831235798742722,0,35.377704667836056,31.648263701958356,189.4713479791052,66.92307692307693,
199,2025-02-20T02:00:00,CO,19.731428632406928,1208.0378098704443,216.13475464302087,1.0831235798742722,0,35.377704667836056,31.648263701958356,189.4713479791052,75.76923076923077,0.05
199,2025-02-20T02:00:00,CO,19.731428632406928,1208.0378098704443,216.13475464302087,1.0831235798742722,0,35.377704667836056,31.648263701958356,189.4713479791052,84.61538461538461,0.05
199,2025-02-20T02:00:00,CO,19.731428632406928,1208.0378098704443,216.13475464302087,1.0831235798742722,0,35.377704667836056,31.648263701958356,189.4713479791052,93.46153846153847,0.05
199,2025-02-20T02:00:00,CO,19.731428632406928,1208.0378098704443,216.13475464302087,1.0831235798742722,0,35.377704667836056,31.648263701958356,189.4713479791052,102.30769230769232,0.05
199,2025-02-20T02:00:00,CO,19.731428632406928,1208.0378098704443,216.13475464302087,1.0831235798742722,0,35.377704667836056,31.648263701958356,189.4713479791052,111.15384615384616,0.05
199,2025-02-20T02:00:00,CO,19.731428632406928,1208.0378098704443,216.13475464302087,1.0831235798742722,0,35.377704667836056,31.648263701958356,189.4713479791052,120.0,0.05
200,2025-02-20T08:00:00,NOx,73.52166982581426,3200.6688938151706,327.9534243257564,1.1195172574044647,1,18.08801843807101,51.79486901057126,44.604169018991314,5.0,0.2226230778396276
200,2025-02-20T08:00:00,NOx,73.52166982581426,3200.6688938151706,327.9534243257564,1.1195172574044647,1,18.08801843807101,51.79486901057126,44.604169018991314,13.846153846153847,0.05
200,2025-02-20T08:00:00,NOx,73.52166982581426,3200.6688938151706,327.9534243257564,1.1195172574044647,1,18.08801843807101,51.79486901057126,44.604169018991314,22.692307692307693,0.05
200,2025-02-20T08:00:00,NOx,73.52166982581426,3200.6688938151706,327.9534243257564,1.1195172574044647,1,18.08801843807101,51.79486901057126,44.604169018991314,31.53846153846154,0.05
200,2025-02-20T08:00:00,NOx,73.52166982581426,3200.6688938151706,327.9534243257564,1.1195172574044647,1,18.08801843807101,51.79486901057126,44.604169018991314,40.38461538461539,0.05
200,2025-02-20T08:00:00,NOx,73.52166982581426,3200.6688938151706,327.9534243257564,1.1195172574044647,1,18.08801843807101,51.79486901057126,44.604169018991314,49.23076923076923,0.05
200,2025-02-20T08:00:00,NOx,73.52166982581426,3200.6688938151706,327.9534243257564,1.1195172574044647,1,18.08801843807101,51.79486901057126,44.604169018991314,58.07692307692308,0.05
200,2025-02-20T08:00:00,NOx,73.52166982581426,3200.6688938151706,327.9534243257564,,1,18.08801843807101,51.79486901057126,44.604169018991314,66.92307692307693,0.05
200,2025-02-20T08:00:00,NOx,73.52166982581426,3200.6688938151706,327.9534243257564,1.1195172574044647,1,18.08801843807101,51.79486901057126,44.604169018991314,75.76923076923077,0.05
200,2025-02-20T08:00:00,NOx,73.52166982581426,3200.6688938151706,327.9534243257564,1.1195172574044647,1,18.08801843807101,51.79486901057126,44.604169018991314,84.61538461538461,0.05
200,2025-02-20T08:00:00,NOx,73.52166982581426,3200.6688938151706,327.9534243257564,1.1195172574044647,1,18.08801843807101,51.79486901057126,44.604169018991314,93.46153846153847,0.05
200,2025-02-20T08:00:00,NOx,73.52166982581426,3200.6688938151706,327.9534243257564,1.1195172574044647,1,18.08801843807101,51.79486901057126,44.604169018991314,102.30769230769232,0.05
200,2025-02-20T08:00:00,NOx,73.52166982581426,3200.6688938151706,327.9534243257564,1.1195172574044647,1,18.08801843807101,51.79486901057126,44.604169018991314,111.15384615384616,0.05
200,2025-02-20T08:00:00,NOx,73.52166982581426,3200.6688938151706,327.9534243257564,1.1195172574044647,1,18.08801843807101,51.79486901057126,44.604169018991314,120.0,0.05
201,2025-02-20T14:00:00,CO,41.616820818160036,11500.280834927584,162.6492237371619,0.4949635146569449,1,21.750628931444165,53.75279587851694,680.4134229096065,5.0,266.3432447622764
201,2025-02-20T14:00:00,CO,41.616820818160036,11500.280834927584,162.6492237371619,0.4949635146569449,1,21.750628931444165,53.75279587851694,680.4134229096065,13.846153846153847,54.21401739074588
201,2025-02-20T14:00:00,CO,41.616820818160036,11500.280834927584,162.6492237371619,0.4949635146569449,1,21.750628931444165,53.75279587851694,680.4134229096065,22.692307692307693,11.014902521457087
201,2025-02-20T14:00:00,CO,41.616820818160036,11500.280834927584,162.6492237371619,0.4949635146569449,1,21.750628931444165,,680.4134229096065,31.53846153846154,2.2334461793336513
201,2025-02-20T14:00:00,CO,41.616820818160036,11500.280834927584,162.6492237371619,0.4949635146569449,1,21.750628931444165,53.75279587851694,680.4134229096065,40.38461538461539,0.4382086217218551
201,2025-02-20T14:00:00,CO,41.616820818160036,11500.280834927584,162.6492237371619,0.4949635146569449,1,21.750628931444165,53.75279587851694,680.4134229096065,49.23076923076923,0.08792726724927992
201,2025-02-20T14:00:00,CO,41.616820818160036,11500.280834927584,162.6492237371619,0.4949635146569449,1,21.750628931444165,53.75279587851694,680.4134229096065,58.07692307692308,0.05
201,2025-02-20T14:00:00,CO,41.616820818160036,11500.280834927584,162.6492237371619,0.4949635146569449,1,21.750628931444165,53.75279587851694,680.4134229096065,66.92307692307693,0.05
201,2025-02-20T14:00:00,CO,41.616820818160036,11500.280834927584,162.6492237371619,0.4949635146569449,1,21.750628931444165,53.75279587851694,680.4134229096065,75.76923076923077,0.05
201,2025-02-20T14:00:00,CO,41.616820818160036,11500.280834927584,162.6492237371619,0.4949635146569449,1,21.750628931444165,53.75279587851694,680.4134229096065,84.61538461538461,0.05
201,2025-02-20T14:00:00,CO,41.616820818160036,11500.280834927584,162.6492237371619,0.4949635146569449,1,21.750628931444165,53.75279587851694,680.4134229096065,93.46153846153847,0.05
201,2025-02-20T14:00:00,CO,41.616820818160036,11500.280834927584,162.6492237371619,0.4949635146569449,1,21.750628931444165,53.75279587851694,680.4134229096065,102.30769230769232,0.05
201,2025-02-20T14:00:00,CO,41.616820818160036,11500.280834927584,162.6492237371619,0.4949635146569449,1,21.750628931444165,53.75279587851694,680.4134229096065,111.15384615384616,0.05
201,2025-02-20T14:00:00,CO,41.616820818160036,11500.280834927584,162.6492237371619,0.4949635146569449,1,21.750628931444165,53.75279587851694,680.4134229096065,120.0,0.05
202,2025-02-20T20:00:00,CO,13.71896072828878,3447.383596580627,240.2548804047955,0.9797720000496937,4,32.29104196540165,41.478888557051675,545.3267960715227,5.0,157.67915260144264
202,2025-02-20T20:00:00,CO,13.71896072828878,3447.383596580627,240.2548804047955,0.9797720000496937,4,32.29104196540165,41.478888557051675,545.3267960715227,13.846153846153847,16.036203848715626
202,2025-02-20T20:00:00,CO,13.71896072828878,3447.383596580627,240.2548804047955,0.9797720000496937,4,32.29104196540165,41.478888557051675,545.3267960715227,22.692307692307693,1.6599869937240208
202,2025-02-20T20:00:00,CO,13.71896072828878,3447.383596580627,240.2548804047955,0.9797720000496937,4,32.29104196540165,41.478888557051675,545.3267960715227,31.53846153846154,0.19194089246538965
202,2025-02-20T20:00:00,CO,13.71896072828878,3447.383596580627,240.2548804047955,0.9797720000496937,4,32.29104196540165,41.478888557051675,545.3267960715227,40.38461538461539,0.05
202,2025-02-20T20:00:00,CO,13.71896072828878,3447.383596580627,240.2548804047955,0.9797720000496937,4,32.29104196540165,41.478888557051675,545.3267960715227,49.23076923076923,0.05
202,2025-02-20T20:00:00,CO,13.71896072828878,3447.383596580627,240.2548804047955,0.9797720000496937,4,32.29104196540165,41.478888557051675,545.3267960715227,58.07692307692308,0.05
202,2025-02-20T20:00:00,CO,13.71896072828878,3447.383596580627,240.2548804047955,0.9797720000496937,4,32.29104196540165,41.478888557051675,545.3267960715227,66.92307692307693,0.05
202,2025-02-20T20:00:00,CO,13.71896072828878,3447.383596580627,240.2548804047955,0.9797720000496937,4,,41.478888557051675,545.3267960715227,75.76923076923077,0.05
202,2025-02-20T20:00:00,CO,13.71896072828878,3447.383596580627,240.2548804047955,0.9797720000496937,4,32.29104196540165,41.478888557051675,545.3267960715227,84.61538461538461,0.05
202,2025-02-20T20:00:00,CO,13.71896072828878,3447.383596580627,240.2548804047955,0.9797720000496937,4,32.29104196540165,41.478888557051675,545.3267960715227,93.46153846153847,0.05
202,2025-02-20T20:00:00,CO,13.71896072828878,3447.383596580627,240.2548804047955,0.9797720000496937,4,32.29104196540165,41.478888557051675,545.3267960715227,102.30769230769232,0.05
202,2025-02-20T20:00:00,CO,13.71896072828878,3447.383596580627,240.2548804047955,0.9797720000496937,4,32.29104196540165,41.478888557051675,545.3267960715227,111.15384615384616,0.05
202,2025-02-20T20:00:00,CO,13.71896072828878,3447.383596580627,240.2548804047955,0.9797720000496937,4,32.29104196540165,41.478888557051675,545.3267960715227,120.0,0.05
203,2025-02-21T02:00:00,CO,28.84890156537105,10644.00516901448,208.49231493293794,0.6211577841600153,2,26.581502319736387,48.69045356203794,269.1108676708929,5.0,127.11748343516875
203,2025-02-21T02:00:00,CO,28.84890156537105,10644.00516901448,208.49231493293794,,2,26.581502319736387,48.69045356203794,269.1108676708929,13.846153846153847,35.288902561413764
203,2025-02-21T02:00:00,CO,28.84890156537105,10644.00516901448,208.49231493293794,0.6211577841600153,2,26.581502319736387,48.69045356203794,269.1108676708929,22.692307692307693,9.615609405849487
203,2025-02-21T02:00:00,CO,28.84890156537105,10644.00516901448,208.49231493293794,0.6211577841600153,2,,48.69045356203794,269.1108676708929,31.53846153846154,3.0505535667687647
203,2025-02-21T02:00:00,CO,28.84890156537105,10644.00516901448,208.49231493293794,0.6211577841600153,2,26.581502319736387,48.69045356203794,269.1108676708929,40.38461538461539,0.6394246904043324
203,2025-02-21T02:00:00,CO,28.84890156537105,10644.00516901448,208.49231493293794,0.6211577841600153,2,26.581502319736387,48.69045356203794,269.1108676708929,49.23076923076923,0.19823377835477352
203,2025-02-21T02:00:00,CO,28.84890156537105,10644.00516901448,208.49231493293794,0.6211577841600153,2,26.581502319736387,48.69045356203794,269.1108676708929,58.07692307692308,0.05574982121627587
203,2025-02-21T02:00:00,CO,28.84890156537105,10644.00516901448,208.49231493293794,0.6211577841600153,2,26.581502319736387,48.69045356203794,269.1108676708929,66.92307692307693,0.05
203,2025-02-21T02:00:00,CO,28.84890156537105,10644.00516901448,208.49231493293794,0.6211577841600153,2,26.581502319736387,48.69045356203794,269.1108676708929,75.76923076923077,0.05
203,2025-02-21T02:00:00,CO,28.84890156537105,10644.00516901448,208.49231493293794,0.6211577841600153,2,26.581502319736387,48.69045356203794,269.1108676708929,84.61538461538461,0.05
203,2025-02-21T02:00:00,CO,28.84890156537105,10644.00516901448,208.49231493293794,0.6211577841600153,2,26.581502319736387,48.69045356203794,269.1108676708929,93.46153846153847,0.05
203,2025-02-21T02:00:00,CO,28.84890156537105,10644.00516901448,208.49231493293794,0.6211577841600153,2,26.581502319736387,48.69045356203794,269.1108676708929,102.30769230769232,0.05
203,2025-02-21T02:00:00,CO,28.84890156537105,10644.00516901448,208.49231493293794,0.6211577841600153,2,26.581502319736387,48.69045356203794,269.1108676708929,111.15384615384616,0.05
203,2025-02-21T02:00:00,CO,28.84890156537105,10644.00516901448,208.49231493293794,0.6211577841600153,2,26.581502319736387,48.69045356203794,269.1108676708929,120.0,0.05
204,2025-02-21T08:00:00,SO2,41.31545709695264,9482.142782417659,308.12942986865477,0.4056155365377557,2,22.757280728772393,51.55165525439713,522.8540247161641,5.0,157.81763902222718
204,2025-02-21T08:00:00,SO2,41.31545709695264,9482.142782417659,308.12942986865477,0.4056155365377557,2,22.757280728772393,51.55165525439713,522.8540247161641,13.846153846153847,29.424629560350965
204,2025-02-21T08:00:00,SO2,41.31545709695264,9482.142782417659,308.12942986865477,0.4056155365377557,2,22.757280728772393,51.55165525439713,522.8540247161641,22.692307692307693,3.6357050344674913
204,2025-02-21T08:00:00,SO2,41.31545709695264,9482.142782417659,308.12942986865477,0.4056155365377557,2,22.757280728772393,51.55165525439713,522.8540247161641,31.53846153846154,0.5663328229568764
204,2025-02-21T08:00:00,SO2,41.31545709695264,9482.142782417659,308.12942986865477,0.4056155365377557,2,22.757280728772393,51.55165525439713,522.8540247161641,40.38461538461539,0.08736569541507672
204,2025-02-21T08:00:00,SO2,41.31545709695264,9482.142782417659,308.12942986865477,0.4056155365377557,2,,51.55165525439713,522.8540247161641,49.23076923076923,0.05
204,2025-02-21T08:00:00,SO2,41.31545709695264,9482.142782417659,308.12942986865477,0.4056155365377557,2,22.757280728772393,51.55165525439713,522.8540247161641,58.07692307692308,0.05
204,2025-02-21T08:00:00,SO2,41.31545709695264,9482.142782417659,308.12942986865477,0.4056155365377557,2,22.757280728772393,51.55165525439713,522.8540247161641,66.92307692307693,0.05
204,2025-02-21T08:00:00,SO2,41.31545709695264,9482.142782417659,308.12942986865477,0.4056155365377557,2,22.757280728772393,51.55165525439713,522.8540247161641,75.76923076923077,0.05
204,2025-02-21T08:00:00,SO2,41.31545709695264,9482.142782417659,308.12942986865477,0.4056155365377557,2,22.757280728772393,51.55165525439713,522.8540247161641,84.61538461538461,0.05
204,2025-02-21T08:00:00,SO2,41.31545709695264,9482.142782417659,308.12942986865477,0.4056155365377557,2,22.757280728772393,51.55165525439713,522.8540247161641,93.46153846153847,0.05
204,2025-02-21T08:00:00,SO2,41.31545709695264,9482.142782417659,308.12942986865477,0.4056155365377557,2,22.757280728772393,51.55165525439713,522.8540247161641,102.30769230769232,0.05
204,2025-02-21T08:00:00,SO2,41.31545709695264,9482.142782417659,308.12942986865477,0.4056155365377557,2,22.757280728772393,51.55165525439713,522.8540247161641,111.15384615384616,0.05
204,2025-02-21T08:00:00,SO2,41.31545709695264,9482.142782417659,308.12942986865477,0.4056155365377557,2,22.757280728772393,51.55165525439713,522.8540247161641,120.0,0.05
205,2025-02-21T14:00:00,SO2,23.77786510010258,8584.429943471085,195.41059759770937,1.5996150489349055,1,22.500472593693047,41.83145232486936,376.0007838623529,5.0,183.82146790837538
205,2025-02-21T14:00:00,SO2,23.77786510010258,8584.429943471085,195.41059759770937,1.5996150489349055,1,,41.83145232486936,376.0007838623529,13.846153846153847,41.98557234871274
205,2025-02-21T14:00:00,SO2,23.77786510010258,8584.429943471085,195.41059759770937,1.5996150489349055,1,22.500472593693047,41.83145232486936,376.0007838623529,22.692307692307693,10.397751645492749
205,2025-02-21T14:00:00,SO2,23.77786510010258,8584.429943471085,195.41059759770937,1.5996150489349055,1,22.500472593693047,41.83145232486936,376.0007838623529,31.53846153846154,2.9469577816372823
205,2025-02-21T14:00:00,SO2,23.77786510010258,8584.429943471085,195.41059759770937,1.5996150489349055,1,22.500472593693047,41.83145232486936,376.0007838623529,40.38461538461539,0.7633669378223489
205,2025-02-21T14:00:00,SO2,23.77786510010258,8584.429943471085,195.41059759770937,1.5996150489349055,1,22.500472593693047,41.83145232486936,376.0007838623529,49.23076923076923,0.19063692203957708
205,2025-02-21T14:00:00,SO2,23.77786510010258,8584.429943471085,195.41059759770937,1.5996150489349055,1,22.500472593693047,41.83145232486936,376.0007838623529,58.07692307692308,0.05494723914206893
205,2025-02-21T14:00:00,SO2,23.77786510010258,8584.429943471085,195.41059759770937,1.5996150489349055,1,22.500472593693047,41.83145232486936,376.0007838623529,66.92307692307693,0.05
205,2025-02-21T14:00:00,SO2,23.77786510010258,8584.429943471085,195.41059759770937,1.5996150489349055,1,22.500472593693047,41.83145232486936,376.0007838623529,75.76923076923077,0.05
205,2025-02-21T14:00:00,SO2,23.77786510010258,8584.429943471085,195.41059759770937,1.5996150489349055,1,22.500472593693047,41.83145232486936,376.0007838623529,84.61538461538461,0.05
205,2025-02-21T14:00:00,SO2,23.77786510010258,8584.429943471085,195.41059759770937,1.5996150489349055,1,22.500472593693047,41.83145232486936,376.0007838623529,93.46153846153847,0.05
205,2025-02-21T14:00:00,SO2,23.77786510010258,8584.429943471085,195.41059759770937,1.5996150489349055,1,22.500472593693047,41.83145232486936,376.0007838623529,102.30769230769232,0.05
205,2025-02-21T14:00:00,SO2,23.77786510010258,8584.429943471085,195.41059759770937,,1,22.500472593693047,41.83145232486936,376.0007838623529,111.15384615384616,0.05
205,2025-02-21T14:00:00,SO2,23.77786510010258,8584.429943471085,195.41059759770937,1.5996150489349055,1,22.500472593693047,41.83145232486936,376.0007838623529,120.0,0.05
206,2025-02-21T20:00:00,NOx,35.40492974062905,2150.4673393790545,225.5555742029119,0.7729804551818775,4,24.479590935036327,73.89413554312014,609.108520355942,5.0,3.5795369836496898
206,2025-02-21T20:00:00,NOx,35.40492974062905,2150.4673393790545,225.5555742029119,0.7729804551818775,4,24.479590935036327,73.89413554312014,609.108520355942,13.846153846153847,0.05
206,2025-02-21T20:00:00,NOx,35.40492974062905,2150.4673393790545,225.5555742029119,0.7729804551818775,4,24.479590935036327,73.89413554312014,609.108520355942,22.692307692307693,0.05
206,2025-02-21T20:00:00,NOx,35.40492974062905,2150.4673393790545,225.5555742029119,0.7729804551818775,4,24.479590935036327,73.89413554312014,609.108520355942,31.53846153846154,0.05
206,2025-02-21T20:00:00,NOx,35.40492974062905,2150.4673393790545,225.5555742029119,0.7729804551818775,4,24.479590935036327,73.89413554312014,609.108520355942,40.38461538461539,0.05
206,2025-02-21T20:00:00,NOx,35.40492974062905,2150.4673393790545,225.5555742029119,0.7729804551818775,4,24.479590935036327,73.89413554312014,609.108520355942,49.23076923076923,0.05
206,2025-02-21T20:00:00,NOx,35.40492974062905,2150.4673393790545,225.5555742029119,0.7729804551818775,4,24.479590935036327,73.89413554312014,609.108520355942,58.07692307692308,0.05
206,2025-02-21T20:00:00,NOx,35.40492974062905,2150.4673393790545,225.5555742029119,0.7729804551818775,4,24.479590935036327,73.89413554312014,609.108520355942,66.92307692307693,0.05
206,2025-02-21T20:00:00,NOx,35.40492974062905,2150.4673393790545,225.5555742029119,0.7729804551818775,4,24.479590935036327,73.89413554312014,609.108520355942,75.76923076923077,0.05
206,2025-02-21T20:00:00,NOx,35.40492974062905,2150.4673393790545,225.5555742029119,0.7729804551818775,4,24.479590935036327,73.89413554312014,609.108520355942,84.61538461538461,0.05
206,2025-02-21T20:00:00,NOx,35.40492974062905,2150.4673393790545,225.5555742029119,0.7729804551818775,4,24.479590935036327,73.89413554312014,609.108520355942,93.46153846153847,0.05
206,2025-02-21T20:00:00,NOx,35.40492974062905,2150.4673393790545,225.5555742029119,0.7729804551818775,4,24.479590935036327,73.89413554312014,609.108520355942,102.30769230769232,0.05
206,2025-02-21T20:00:00,NOx,35.40492974062905,2150.4673393790545,225.5555742029119,0.7729804551818775,4,24.479590935036327,73.89413554312014,609.108520355942,111.15384615384616,0.05
206,2025-02-21T20:00:00,NOx,35.40492974062905,2150.4673393790545,225.5555742029119,0.7729804551818775,4,24.479590935036327,73.89413554312014,609.108520355942,120.0,0.05
207,2025-02-22T02:00:00,CO,80.1510396311689,2521.8351302750298,182.79473250914742,1.2278861280377817,4,,36.27164352025132,692.3404307903221,5.0,0.05
207,2025-02-22T02:00:00,CO,80.1510396311689,2521.8351302750298,182.79473250914742,1.2278861280377817,4,30.633367711598716,,692.3404307903221,13.846153846153847,0.05
207,2025-02-22T02:00:00,CO,80.1510396311689,2521.8351302750298,182.79473250914742,1.2278861280377817,4,30.633367711598716,36.27164352025132,692.3404307903221,22.692307692307693,0.05
207,2025-02-22T02:00:00,CO,80.1510396311689,2521.8351302750298,182.79473250914742,1.2278861280377817,4,30.633367711598716,36.27164352025132,692.3404307903221,31.53846153846154,0.05
207,2025-02-22T02:00:00,CO,80.1510396311689,2521.8351302750298,182.79473250914742,1.2278861280377817,4,30.633367711598716,36.27164352025132,692.3404307903221,40.38461538461539,0.05
207,2025-02-22T02:00:00,CO,80.1510396311689,2521.8351302750298,182.79473250914742,1.2278861280377817,4,30.633367711598716,36.27164352025132,692.3404307903221,49.23076923076923,0.05
207,2025-02-22T02:00:00,CO,80.1510396311689,2521.8351302750298,182.79473250914742,1.2278861280377817,4,30.633367711598716,36.27164352025132,692.3404307903221,58.07692307692308,0.05
207,2025-02-22T02:00:00,CO,80.1510396311689,2521.8351302750298,182.79473250914742,1.2278861280377817,4,30.633367711598716,36.27164352025132,692.3404307903221,66.92307692307693,0.05
207,2025-02-22T02:00:00,CO,80.1510396311689,2521.8351302750298,182.79473250914742,1.2278861280377817,4,30.633367711598716,36.27164352025132,692.3404307903221,75.76923076923077,0.05
207,2025-02-22T02:00:00,CO,80.1510396311689,2521.8351302750298,182.79473250914742,1.2278861280377817,4,30.633367711598716,36.27164352025132,692.3404307903221,84.61538461538461,0.05
207,2025-02-22T02:00:00,CO,80.1510396311689,2521.8351302750298,182.79473250914742,1.2278861280377817,4,30.633367711598716,36.27164352025132,692.3404307903221,93.46153846153847,
207,2025-02-22T02:00:00,CO,80.1510396311689,2521.8351302750298,182.79473250914742,1.2278861280377817,4,30.633367711598716,36.27164352025132,692.3404307903221,102.30769230769232,0.05
207,2025-02-22T02:00:00,CO,80.1510396311689,2521.8351302750298,182.79473250914742,1.2278861280377817,4,30.633367711598716,36.27164352025132,692.3404307903221,111.15384615384616,0.05
207,2025-02-22T02:00:00,CO,80.1510396311689,2521.8351302750298,182.79473250914742,1.2278861280377817,4,30.633367711598716,36.27164352025132,692.3404307903221,120.0,0.05
208,2025-02-22T08:00:00,SO2,38.242473091984465,4842.111287102369,330.1488676951913,0.4643105832629304,3,27.72716846533238,39.621805253963615,219.1000462324655,5.0,31.64753060703946
208,2025-02-22T08:00:00,SO2,38.242473091984465,4842.111287102369,330.1488676951913,0.4643105832629304,3,27.72716846533238,39.621805253963615,219.1000462324655,13.846153846153847,0.9251781936003323
208,2025-02-22T08:00:00,SO2,38.242473091984465,4842.111287102369,330.1488676951913,0.4643105832629304,3,27.72716846533238,39.621805253963615,219.1000462324655,22.692307692307693,
208,2025-02-22T08:00:00,SO2,38.242473091984465,4842.111287102369,330.1488676951913,0.4643105832629304,3,,39.621805253963615,219.1000462324655,31.53846153846154,0.05
208,2025-02-22T08:00:00,SO2,38.242473091984465,4842.111287102369,330.1488676951913,0.4643105832629304,3,27.72716846533238,39.621805253963615,219.1000462324655,40.38461538461539,0.05
208,2025-02-22T08:00:00,SO2,38.242473091984465,4842.111287102369,330.1488676951913,0.4643105832629304,3,27.72716846533238,39.621805253963615,219.1000462324655,49.23076923076923,0.05
208,2025-02-22T08:00:00,SO2,38.242473091984465,4842.111287102369,330.1488676951913,0.4643105832629304,3,27.72716846533238,39.621805253963615,219.1000462324655,58.07692307692308,0.05
208,2025-02-22T08:00:00,SO2,38.242473091984465,4842.111287102369,330.1488676951913,0.4643105832629304,3,27.72716846533238,39.621805253963615,219.1000462324655,66.92307692307693,0.05
208,2025-02-22T08:00:00,SO2,38.242473091984465,4842.111287102369,330.1488676951913,0.4643105832629304,3,27.72716846533238,39.621805253963615,219.1000462324655,75.76923076923077,
208,2025-02-22T08:00:00,SO2,38.242473091984465,4842.111287102369,330.1488676951913,0.4643105832629304,3,27.72716846533238,39.621805253963615,219.1000462324655,84.61538461538461,0.05
208,2025-02-22T08:00:00,SO2,38.242473091984465,4842.111287102369,330.1488676951913,0.4643105832629304,3,27.72716846533238,39.621805253963615,219.1000462324655,93.46153846153847,0.05
208,2025-02-22T08:00:00,SO2,38.242473091984465,4842.111287102369,330.1488676951913,0.4643105832629304,3,27.72716846533238,39.621805253963615,219.1000462324655,102.30769230769232,0.05
208,2025-02-22T08:00:00,SO2,38.242473091984465,4842.111287102369,330.1488676951913,0.4643105832629304,3,27.72716846533238,39.621805253963615,219.1000462324655,111.15384615384616,0.05
208,2025-02-22T08:00:00,SO2,38.242473091984465,4842.111287102369,330.1488676951913,0.4643105832629304,3,27.72716846533238,39.621805253963615,219.1000462324655,120.0,0.05
209,2025-02-22T14:00:00,SO2,36.18491430276836,4280.290999096318,97.46156542000546,0.6647215304036228,0,24.656107442452004,62.98634422387813,184.1312499765747,5.0,28.860340852594863
209,2025-02-22T14:00:00,SO2,36.18491430276836,4280.290999096318,97.46156542000546,0.6647215304036228,0,24.656107442452004,62.98634422387813,184.1312499765747,13.846153846153847,0.7234702177318415
209,2025-02-22T14:00:00,SO2,36.18491430276836,4280.290999096318,97.46156542000546,0.6647215304036228,0,24.656107442452004,62.98634422387813,184.1312499765747,22.692307692307693,0.05
209,2025-02-22T14:00:00,SO2,36.18491430276836,4280.290999096318,97.46156542000546,0.6647215304036228,0,24.656107442452004,62.98634422387813,184.1312499765747,31.53846153846154,0.05
209,2025-02-22T14:00:00,SO2,36.18491430276836,4280.290999096318,97.46156542000546,0.6647215304036228,0,24.656107442452004,62.98634422387813,184.1312499765747,40.38461538461539,0.05
209,2025-02-22T14:00:00,SO2,36.18491430276836,4280.290999096318,97.46156542000546,0.6647215304036228,0,24.656107442452004,62.98634422387813,184.1312499765747,49.23076923076923,0.05
209,2025-02-22T14:00:00,SO2,36.18491430276836,4280.290999096318,97.46156542000546,0.6647215304036228,0,24.656107442452004,62.98634422387813,184.1312499765747,58.07692307692308,0.05
209,2025-02-22T14:00:00,SO2,36.18491430276836,4280.290999096318,97.46156542000546,0.6647215304036228,0,24.656107442452004,62.98634422387813,184.1312499765747,66.92307692307693,0.05
209,2025-02-22T14:00:00,SO2,36.18491430276836,4280.290999096318,97.46156542000546,0.6647215304036228,0,24.656107442452004,62.98634422387813,184.1312499765747,75.76923076923077,0.05
209,2025-02-22T14:00:00,SO2,36.18491430276836,4280.290999096318,97.46156542000546,0.6647215304036228,0,24.656107442452004,62.98634422387813,184.1312499765747,84.61538461538461,0.05
209,2025-02-22T14:00:00,SO2,36.18491430276836,4280.290999096318,97.46156542000546,0.6647215304036228,0,24.656107442452004,62.98634422387813,184.1312499765747,93.46153846153847,0.05
209,2025-02-22T14:00:00,SO2,36.18491430276836,4280.290999096318,97.46156542000546,0.6647215304036228,0,24.656107442452004,62.98634422387813,184.1312499765747,102.30769230769232,0.05
209,2025-02-22T14:00:00,SO2,36.18491430276836,4280.290999096318,97.46156542000546,0.6647215304036228,0,24.656107442452004,62.98634422387813,184.1312499765747,111.15384615384616,0.05
209,2025-02-22T14:00:00,SO2,36.18491430276836,4280.290999096318,97.46156542000546,0.6647215304036228,0,24.656107442452004,62.98634422387813,184.1312499765747,120.0,0.05
210,2025-02-22T20:00:00,CO,16.736694609134926,5723.378603374994,355.0901161168236,,4,26.056786799867368,39.09673271518419,444.1519208963032,5.0,195.296549516681
210,2025-02-22T20:00:00,CO,16.736694609134926,5723.378603374994,355.0901161168236,1.1285527780250928,4,26.056786799867368,39.09673271518419,444.1519208963032,13.846153846153847,52.404125443760826
210,2025-02-22T20:00:00,CO,16.736694609134926,5723.378603374994,355.0901161168236,1.1285527780250928,4,26.056786799867368,39.09673271518419,444.1519208963032,22.692307692307693,
210,2025-02-22T20:00:00,CO,16.736694609134926,5723.378603374994,355.0901161168236,1.1285527780250928,4,26.056786799867368,39.09673271518419,444.1519208963032,31.53846153846154,3.817450787205165
210,2025-02-22T20:00:00,CO,16.736694609134926,5723.378603374994,355.0901161168236,1.1285527780250928,4,26.056786799867368,39.09673271518419,444.1519208963032,40.38461538461539,1.0497896029492826
210,2025-02-22T20:00:00,CO,16.736694609134926,5723.378603374994,355.0901161168236,1.1285527780250928,4,26.056786799867368,39.09673271518419,444.1519208963032,49.23076923076923,0.287176949170733
210,2025-02-22T20:00:00,CO,16.736694609134926,5723.378603374994,355.0901161168236,1.1285527780250928,4,26.056786799867368,39.09673271518419,444.1519208963032,58.07692307692308,0.07174883144685329
210,2025-02-22T20:00:00,CO,16.736694609134926,5723.378603374994,355.0901161168236,1.1285527780250928,4,26.056786799867368,39.09673271518419,444.1519208963032,66.92307692307693,0.05
210,2025-02-22T20:00:00,CO,16.736694609134926,5723.378603374994,355.0901161168236,1.1285527780250928,4,26.056786799867368,39.09673271518419,444.1519208963032,75.76923076923077,0.05
210,2025-02-22T20:00:00,CO,16.736694609134926,5723.378603374994,355.0901161168236,1.1285527780250928,4,26.056786799867368,39.09673271518419,444.1519208963032,84.61538461538461,0.05
210,2025-02-22T20:00:00,CO,16.736694609134926,5723.378603374994,355.0901161168236,1.1285527780250928,4,26.056786799867368,39.09673271518419,444.1519208963032,93.46153846153847,0.05
210,2025-02-22T20:00:00,CO,16.736694609134926,5723.378603374994,355.0901161168236,1.1285527780250928,4,26.056786799867368,39.09673271518419,444.1519208963032,102.30769230769232,0.05
210,2025-02-22T20:00:00,CO,16.736694609134926,5723.378603374994,355.0901161168236,1.1285527780250928,4,26.056786799867368,39.09673271518419,444.1519208963032,111.15384615384616,0.05
210,2025-02-22T20:00:00,CO,16.736694609134926,5723.378603374994,355.0901161168236,1.1285527780250928,4,26.056786799867368,39.09673271518419,444.1519208963032,120.0,0.05
211,2025-02-23T02:00:00,CO,75.93631184447798,1085.9565759506436,33.13170119799727,1.3997164655006107,3,18.928480895552443,56.487709020005084,507.3906998417303,5.0,0.05
211,2025-02-23T02:00:00,CO,75.93631184447798,1085.9565759506436,33.13170119799727,1.3997164655006107,3,18.928480895552443,56.487709020005084,507.3906998417303,13.846153846153847,0.05
211,2025-02-23T02:00:00,CO,75.93631184447798,1085.9565759506436,33.13170119799727,1.3997164655006107,3,18.928480895552443,56.487709020005084,507.3906998417303,22.692307692307693,0.05
211,2025-02-23T02:00:00,CO,75.93631184447798,1085.9565759506436,33.13170119799727,1.3997164655006107,3,18.928480895552443,56.487709020005084,507.3906998417303,31.53846153846154,0.05
211,2025-02-23T02:00:00,CO,75.93631184447798,1085.9565759506436,33.13170119799727,1.3997164655006107,3,18.928480895552443,56.487709020005084,507.3906998417303,40.38461538461539,0.05
211,2025-02-23T02:00:00,CO,75.93631184447798,1085.9565759506436,33.13170119799727,1.3997164655006107,3,18.928480895552443,56.487709020005084,507.3906998417303,49.23076923076923,0.05
211,2025-02-23T02:00:00,CO,75.93631184447798,1085.9565759506436,33.13170119799727,1.3997164655006107,3,18.928480895552443,56.487709020005084,507.3906998417303,58.07692307692308,0.05
211,2025-02-23T02:00:00,CO,75.93631184447798,1085.9565759506436,33.13170119799727,1.3997164655006107,3,18.928480895552443,56.487709020005084,507.3906998417303,66.92307692307693,0.05
211,2025-02-23T02:00:00,CO,75.93631184447798,1085.9565759506436,33.13170119799727,1.3997164655006107,3,18.928480895552443,56.487709020005084,507.3906998417303,75.76923076923077,0.05
211,2025-02-23T02:00:00,CO,75.93631184447798,1085.9565759506436,33.13170119799727,1.3997164655006107,3,18.928480895552443,56.487709020005084,507.3906998417303,84.61538461538461,0.05
211,2025-02-23T02:00:00,CO,75.93631184447798,1085.9565759506436,33.13170119799727,1.3997164655006107,3,18.928480895552443,56.487709020005084,507.3906998417303,93.46153846153847,0.05
211,2025-02-23T02:00:00,CO,75.93631184447798,1085.9565759506436,33.13170119799727,1.3997164655006107,3,18.928480895552443,56.487709020005084,507.3906998417303,102.30769230769232,0.05
211,2025-02-23T02:00:00,CO,75.93631184447798,1085.9565759506436,33.13170119799727,1.3997164655006107,3,18.928480895552443,56.487709020005084,507.3906998417303,111.15384615384616,0.05
211,2025-02-23T02:00:00,CO,75.93631184447798,1085.9565759506436,33.13170119799727,1.3997164655006107,3,18.928480895552443,56.487709020005084,507.3906998417303,120.0,0.05
212,2025-02-23T08:00:00,CO,57.54236391662796,7055.917547800553,80.52000036555918,1.3527070910967869,2,,57.97802864159481,498.00689576759663,5.0,32.84058595635252
212,2025-02-23T08:00:00,CO,57.54236391662796,7055.917547800553,80.52000036555918,1.3527070910967869,2,28.985398032033274,,498.00689576759663,13.846153846153847,0.32186043151964694
212,2025-02-23T08:00:00,CO,57.54236391662796,7055.917547800553,80.52000036555918,1.3527070910967869,2,28.985398032033274,57.97802864159481,498.00689576759663,22.692307692307693,0.05
212,2025-02-23T08:00:00,CO,57.54236391662796,7055.917547800553,80.52000036555918,1.3527070910967869,2,28.985398032033274,57.97802864159481,498.00689576759663,31.53846153846154,0.05
212,2025-02-23T08:00:00,CO,57.54236391662796,7055.917547800553,80.52000036555918,1.3527070910967869,2,28.985398032033274,57.97802864159481,498.00689576759663,40.38461538461539,0.05
212,2025-02-23T08:00:00,CO,57.54236391662796,7055.917547800553,80.52000036555918,1.3527070910967869,2,28.985398032033274,57.97802864159481,498.00689576759663,49.23076923076923,0.05
212,2025-02-23T08:00:00,CO,57.54236391662796,7055.917547800553,80.52000036555918,1.3527070910967869,2,28.985398032033274,57.97802864159481,498.00689576759663,58.07692307692308,0.05
212,2025-02-23T08:00:00,CO,57.54236391662796,7055.917547800553,80.52000036555918,1.3527070910967869,2,28.985398032033274,57.97802864159481,498.00689576759663,66.92307692307693,0.05
212,2025-02-23T08:00:00,CO,57.54236391662796,7055.917547800553,80.52000036555918,1.3527070910967869,2,28.985398032033274,57.97802864159481,498.00689576759663,75.76923076923077,0.05
212,2025-02-23T08:00:00,CO,57.54236391662796,7055.917547800553,80.52000036555918,1.3527070910967869,2,28.985398032033274,57.97802864159481,498.00689576759663,84.61538461538461,0.05
212,2025-02-23T08:00:00,CO,57.54236391662796,7055.917547800553,80.52000036555918,1.3527070910967869,2,28.985398032033274,57.97802864159481,498.00689576759663,93.46153846153847,0.05
212,2025-02-23T08:00:00,CO,57.54236391662796,7055.917547800553,80.52000036555918,1.3527070910967869,2,28.985398032033274,57.97802864159481,498.00689576759663,102.30769230769232,0.05
212,2025-02-23T08:00:00,CO,57.54236391662796,7055.917547800553,80.52000036555918,1.3527070910967869,2,28.985398032033274,57.97802864159481,498.00689576759663,111.15384615384616,0.05
212,2025-02-23T08:00:00,CO,57.54236391662796,7055.917547800553,80.52000036555918,1.3527070910967869,2,28.985398032033274,57.97802864159481,498.00689576759663,120.0,0.05
213,2025-02-23T14:00:00,SO2,36.118839521489576,6265.333046685649,92.79493058552235,0.7224989641557631,1,32.34621437412808,35.46772862563447,481.8269937380328,5.0,97.4148197721237
213,2025-02-23T14:00:00,SO2,36.118839521489576,6265.333046685649,92.79493058552235,0.7224989641557631,1,32.34621437412808,35.46772862563447,481.8269937380328,13.846153846153847,5.264617198659945
213,2025-02-23T14:00:00,SO2,36.118839521489576,6265.333046685649,92.79493058552235,0.7224989641557631,1,32.34621437412808,35.46772862563447,481.8269937380328,22.692307692307693,0.29718303539196217
213,2025-02-23T14:00:00,SO2,36.118839521489576,6265.333046685649,92.79493058552235,0.7224989641557631,1,32.34621437412808,35.46772862563447,481.8269937380328,31.53846153846154,0.05
213,2025-02-23T14:00:00,SO2,36.118839521489576,6265.333046685649,92.79493058552235,0.7224989641557631,1,32.34621437412808,35.46772862563447,481.8269937380328,40.38461538461539,0.05
213,2025-02-23T14:00:00,SO2,36.118839521489576,6265.333046685649,92.79493058552235,0.7224989641557631,1,32.34621437412808,35.46772862563447,481.8269937380328,49.23076923076923,0.05
213,2025-02-23T14:00:00,SO2,36.118839521489576,6265.333046685649,92.79493058552235,0.7224989641557631,1,32.34621437412808,35.46772862563447,481.8269937380328,58.07692307692308,0.05
213,2025-02-23T14:00:00,SO2,36.118839521489576,6265.333046685649,92.79493058552235,0.7224989641557631,1,32.34621437412808,35.46772862563447,481.8269937380328,66.92307692307693,0.05
213,2025-02-23T14:00:00,SO2,36.118839521489576,6265.333046685649,92.79493058552235,0.7224989641557631,1,32.34621437412808,35.46772862563447,481.8269937380328,75.76923076923077,0.05
213,2025-02-23T14:00:00,SO2,36.118839521489576,6265.333046685649,92.79493058552235,0.7224989641557631,1,32.34621437412808,35.46772862563447,481.8269937380328,84.61538461538461,0.05
213,2025-02-23T14:00:00,SO2,36.118839521489576,6265.333046685649,92.79493058552235,0.7224989641557631,1,32.34621437412808,35.46772862563447,481.8269937380328,93.46153846153847,0.05
213,2025-02-23T14:00:00,SO2,36.118839521489576,6265.333046685649,92.79493058552235,0.7224989641557631,1,32.34621437412808,35.46772862563447,481.8269937380328,102.30769230769232,0.05
213,2025-02-23T14:00:00,SO2,36.118839521489576,6265.333046685649,92.79493058552235,0.7224989641557631,1,32.34621437412808,35.46772862563447,481.8269937380328,111.15384615384616,0.05
213,2025-02-23T14:00:00,SO2,36.118839521489576,6265.333046685649,92.79493058552235,0.7224989641557631,1,,35.46772862563447,481.8269937380328,120.0,0.05
214,2025-02-23T20:00:00,NOx,101.4158078929098,10452.441113747522,266.56757563753,0.6476507012046391,3,30.288065021286403,74.52812999593718,382.41025218886125,5.0,26.46341439432842
214,2025-02-23T20:00:00,NOx,101.4158078929098,10452.441113747522,266.56757563753,0.6476507012046391,3,30.288065021286403,74.52812999593718,382.41025218886125,13.846153846153847,0.2203285292280651
214,2025-02-23T20:00:00,NOx,101.4158078929098,10452.441113747522,266.56757563753,0.6476507012046391,3,30.288065021286403,74.52812999593718,382.41025218886125,22.692307692307693,0.05
214,2025-02-23T20:00:00,NOx,101.4158078929098,10452.441113747522,266.56757563753,0.6476507012046391,3,30.288065021286403,74.52812999593718,382.41025218886125,31.53846153846154,0.05
214,2025-02-23T20:00:00,NOx,101.4158078929098,10452.441113747522,266.56757563753,0.6476507012046391,3,30.288065021286403,74.52812999593718,382.41025218886125,40.38461538461539,0.05
214,2025-02-23T20:00:00,NOx,101.4158078929098,10452.441113747522,266.56757563753,0.6476507012046391,3,30.288065021286403,74.52812999593718,382.41025218886125,49.23076923076923,0.05
214,2025-02-23T20:00:00,NOx,101.4158078929098,10452.441113747522,266.56757563753,0.6476507012046391,3,30.288065021286403,74.52812999593718,382.41025218886125,58.07692307692308,0.05
214,2025-02-23T20:00:00,NOx,101.4158078929098,10452.441113747522,266.56757563753,0.6476507012046391,3,30.288065021286403,74.52812999593718,382.41025218886125,66.92307692307693,0.05
214,2025-02-23T20:00:00,NOx,101.4158078929098,10452.441113747522,266.56757563753,0.6476507012046391,3,30.288065021286403,74.52812999593718,382.41025218886125,75.76923076923077,0.05
214,2025-02-23T20:00:00,NOx,101.4158078929098,10452.441113747522,266.56757563753,0.6476507012046391,3,30.288065021286403,74.52812999593718,382.41025218886125,84.61538461538461,0.05
214,2025-02-23T20:00:00,NOx,101.4158078929098,10452.441113747522,266.56757563753,0.6476507012046391,3,30.288065021286403,74.52812999593718,382.41025218886125,93.46153846153847,0.05
214,2025-02-23T20:00:00,NOx,101.4158078929098,10452.441113747522,266.56757563753,0.6476507012046391,3,30.288065021286403,74.52812999593718,382.41025218886125,102.30769230769232,0.05
214,2025-02-23T20:00:00,NOx,101.4158078929098,10452.441113747522,266.56757563753,0.6476507012046391,3,30.288065021286403,74.52812999593718,382.41025218886125,111.15384615384616,0.05
214,2025-02-23T20:00:00,NOx,101.4158078929098,10452.441113747522,266.56757563753,0.6476507012046391,3,30.288065021286403,74.52812999593718,382.41025218886125,120.0,0.05
215,2025-02-24T02:00:00,CO,58.61822247493529,7008.139115131498,262.07013470465154,0.3065130592992314,0,26.78963533157785,37.829089287533854,736.6882593448659,5.0,158.30720661840652
215,2025-02-24T02:00:00,CO,58.61822247493529,7008.139115131498,262.07013470465154,0.3065130592992314,0,26.78963533157785,37.829089287533854,736.6882593448659,13.846153846153847,10.383055735116987
215,2025-02-24T02:00:00,CO,58.61822247493529,7008.139115131498,262.07013470465154,0.3065130592992314,0,26.78963533157785,37.829089287533854,736.6882593448659,22.692307692307693,0.584422572587261
215,2025-02-24T02:00:00,CO,58.61822247493529,7008.139115131498,262.07013470465154,0.3065130592992314,0,26.78963533157785,37.829089287533854,736.6882593448659,31.53846153846154,0.05
215,2025-02-24T02:00:00,CO,58.61822247493529,7008.139115131498,262.07013470465154,0.3065130592992314,0,26.78963533157785,37.829089287533854,736.6882593448659,40.38461538461539,0.05
215,2025-02-24T02:00:00,CO,58.61822247493529,7008.139115131498,262.07013470465154,0.3065130592992314,0,26.78963533157785,37.829089287533854,736.6882593448659,49.23076923076923,0.05
215,2025-02-24T02:00:00,CO,58.61822247493529,7008.139115131498,262.07013470465154,0.3065130592992314,0,26.78963533157785,37.829089287533854,736.6882593448659,58.07692307692308,0.05
215,2025-02-24T02:00:00,CO,58.61822247493529,7008.139115131498,262.07013470465154,0.3065130592992314,0,26.78963533157785,37.829089287533854,736.6882593448659,66.92307692307693,0.05
215,2025-02-24T02:00:00,CO,58.61822247493529,7008.139115131498,262.07013470465154,0.3065130592992314,0,26.78963533157785,37.829089287533854,736.6882593448659,75.76923076923077,0.05
215,2025-02-24T02:00:00,CO,58.61822247493529,7008.139115131498,262.07013470465154,0.3065130592992314,0,26.78963533157785,37.829089287533854,736.6882593448659,84.61538461538461,0.05
215,2025-02-24T02:00:00,CO,58.61822247493529,7008.139115131498,262.07013470465154,0.3065130592992314,0,26.78963533157785,37.829089287533854,736.6882593448659,93.46153846153847,0.05
215,2025-02-24T02:00:00,CO,58.61822247493529,7008.139115131498,262.07013470465154,0.3065130592992314,0,26.78963533157785,37.829089287533854,736.6882593448659,102.30769230769232,0.05
215,2025-02-24T02:00:00,CO,58.61822247493529,7008.139115131498,262.07013470465154,0.3065130592992314,0,,37.829089287533854,736.6882593448659,111.15384615384616,0.05
215,2025-02-24T02:00:00,CO,58.61822247493529,7008.139115131498,262.07013470465154,0.3065130592992314,0,26.78963533157785,37.829089287533854,736.6882593448659,120.0,0.05
216,2025-02-24T08:00:00,SO2,108.75757994139548,6213.352148020731,405.6014931819119,0.6236844379779136,0,19.759274970487724,53.436052845543635,205.1721696403444,5.0,4.149515395934348
216,2025-02-24T08:00:00,SO2,108.75757994139548,6213.352148020731,405.6014931819119,0.6236844379779136,0,19.759274970487724,53.436052845543635,205.1721696403444,13.846153846153847,0.05
216,2025-02-24T08:00:00,SO2,108.75757994139548,6213.352148020731,405.6014931819119,0.6236844379779136,0,19.759274970487724,53.436052845543635,205.1721696403444,22.692307692307693,0.05
216,2025-02-24T08:00:00,SO2,108.75757994139548,6213.352148020731,405.6014931819119,0.6236844379779136,0,19.759274970487724,53.436052845543635,205.1721696403444,31.53846153846154,0.05
216,2025-02-24T08:00:00,SO2,108.75757994139548,6213.352148020731,405.6014931819119,0.6236844379779136,0,19.759274970487724,53.436052845543635,205.1721696403444,40.38461538461539,0.05
216,2025-02-24T08:00:00,SO2,108.75757994139548,6213.352148020731,405.6014931819119,0.6236844379779136,0,19.759274970487724,53.436052845543635,205.1721696403444,49.23076923076923,0.05
216,2025-02-24T08:00:00,SO2,108.75757994139548,6213.352148020731,405.6014931819119,0.6236844379779136,0,19.759274970487724,53.436052845543635,205.1721696403444,58.07692307692308,0.05
216,2025-02-24T08:00:00,SO2,108.75757994139548,6213.352148020731,405.6014931819119,0.6236844379779136,0,19.759274970487724,53.436052845543635,205.1721696403444,66.92307692307693,0.05
216,2025-02-24T08:00:00,SO2,108.75757994139548,6213.352148020731,405.6014931819119,0.6236844379779136,0,19.759274970487724,53.436052845543635,205.1721696403444,75.76923076923077,0.05
216,2025-02-24T08:00:00,SO2,108.75757994139548,6213.352148020731,405.6014931819119,0.6236844379779136,0,19.759274970487724,53.436052845543635,205.1721696403444,84.61538461538461,0.05
216,2025-02-24T08:00:00,SO2,108.75757994139548,6213.352148020731,405.6014931819119,0.6236844379779136,0,19.759274970487724,53.436052845543635,205.1721696403444,93.46153846153847,0.05
216,2025-02-24T08:00:00,SO2,108.75757994139548,6213.352148020731,405.6014931819119,0.6236844379779136,0,19.759274970487724,53.436052845543635,205.1721696403444,102.30769230769232,0.05
216,2025-02-24T08:00:00,SO2,108.75757994139548,6213.352148020731,405.6014931819119,0.6236844379779136,0,19.759274970487724,53.436052845543635,205.1721696403444,111.15384615384616,0.05
216,2025-02-24T08:00:00,SO2,108.75757994139548,6213.352148020731,405.6014931819119,0.6236844379779136,0,19.759274970487724,53.436052845543635,205.1721696403444,120.0,0.05
217,2025-02-24T14:00:00,NOx,79.5737413481205,10176.754406450535,49.679949520205135,0.4854288190611155,3,18.96989164543933,36.52685345495268,43.25493608103061,5.0,4.011260658804254
217,2025-02-24T14:00:00,NOx,79.5737413481205,10176.754406450535,49.679949520205135,0.4854288190611155,3,18.96989164543933,,43.25493608103061,13.846153846153847,0.061499875113943954
217,2025-02-24T14:00:00,NOx,79.5737413481205,10176.754406450535,49.679949520205135,0.4854288190611155,3,18.96989164543933,36.52685345495268,43.25493608103061,22.692307692307693,0.05
217,2025-02-24T14:00:00,NOx,79.5737413481205,10176.754406450535,49.679949520205135,0.4854288190611155,3,18.96989164543933,36.52685345495268,43.25493608103061,31.53846153846154,0.05
217,2025-02-24T14:00:00,NOx,79.5737413481205,10176.754406450535,49.679949520205135,0.4854288190611155,3,18.96989164543933,36.52685345495268,43.25493608103061,40.38461538461539,0.05
217,2025-02-24T14:00:00,NOx,79.5737413481205,10176.754406450535,49.679949520205135,0.4854288190611155,3,18.96989164543933,36.52685345495268,43.25493608103061,49.23076923076923,0.05
217,2025-02-24T14:00:00,NOx,79.5737413481205,10176.754406450535,49.679949520205135,0.4854288190611155,3,18.96989164543933,36.52685345495268,43.25493608103061,58.07692307692308,0.05
217,2025-02-24T14:00:00,NOx,79.5737413481205,10176.754406450535,49.679949520205135,0.4854288190611155,3,18.96989164543933,,43.25493608103061,66.92307692307693,0.05
217,2025-02-24T14:00:00,NOx,79.5737413481205,10176.754406450535,49.679949520205135,0.4854288190611155,3,18.96989164543933,36.52685345495268,43.25493608103061,75.76923076923077,0.05
217,2025-02-24T14:00:00,NOx,79.5737413481205,10176.754406450535,49.679949520205135,0.4854288190611155,3,18.96989164543933,36.52685345495268,43.25493608103061,84.61538461538461,0.05
217,2025-02-24T14:00:00,NOx,79.5737413481205,10176.754406450535,49.679949520205135,0.4854288190611155,3,18.96989164543933,36.52685345495268,43.25493608103061,93.46153846153847,0.05
217,2025-02-24T14:00:00,NOx,79.5737413481205,10176.754406450535,49.679949520205135,0.4854288190611155,3,18.96989164543933,36.52685345495268,43.25493608103061,102.30769230769232,0.05
217,2025-02-24T14:00:00,NOx,79.5737413481205,10176.754406450535,49.679949520205135,0.4854288190611155,3,18.96989164543933,36.52685345495268,43.25493608103061,111.15384615384616,0.05
217,2025-02-24T14:00:00,NOx,79.5737413481205,10176.754406450535,49.679949520205135,0.4854288190611155,3,18.96989164543933,36.52685345495268,43.25493608103061,120.0,0.05
218,2025-02-24T20:00:00,NOx,107.07832725738405,11711.273327755544,216.08183973050575,0.7150815497646883,3,28.85748576190629,40.43827926730183,170.83999257697425,5.0,13.885960776542898
218,2025-02-24T20:00:00,NOx,107.07832725738405,11711.273327755544,216.08183973050575,0.7150815497646883,3,28.85748576190629,40.43827926730183,170.83999257697425,13.846153846153847,
218,2025-02-24T20:00:00,NOx,107.07832725738405,11711.273327755544,216.08183973050575,0.7150815497646883,3,28.85748576190629,40.43827926730183,170.83999257697425,22.692307692307693,0.05
218,2025-02-24T20:00:00,NOx,107.07832725738405,11711.273327755544,216.08183973050575,0.7150815497646883,3,28.85748576190629,40.43827926730183,170.83999257697425,31.53846153846154,0.05
218,2025-02-24T20:00:00,NOx,107.07832725738405,11711.273327755544,216.08183973050575,0.7150815497646883,3,28.85748576190629,40.43827926730183,170.83999257697425,40.38461538461539,0.05
218,2025-02-24T20:00:00,NOx,107.07832725738405,11711.273327755544,216.08183973050575,0.7150815497646883,3,28.85748576190629,40.43827926730183,170.83999257697425,49.23076923076923,0.05
218,2025-02-24T20:00:00,NOx,107.07832725738405,11711.273327755544,216.08183973050575,0.7150815497646883,3,28.85748576190629,40.43827926730183,170.83999257697425,58.07692307692308,0.05
218,2025-02-24T20:00:00,NOx,107.07832725738405,11711.273327755544,216.08183973050575,0.7150815497646883,3,28.85748576190629,40.43827926730183,170.83999257697425,66.92307692307693,0.05
218,2025-02-24T20:00:00,NOx,107.07832725738405,11711.273327755544,216.08183973050575,0.7150815497646883,3,28.85748576190629,40.43827926730183,170.83999257697425,75.76923076923077,0.05
218,2025-02-24T20:00:00,NOx,107.07832725738405,11711.273327755544,216.08183973050575,0.7150815497646883,3,28.85748576190629,40.43827926730183,170.83999257697425,84.61538461538461,0.05
218,2025-02-24T20:00:00,NOx,107.07832725738405,11711.273327755544,216.08183973050575,0.7150815497646883,3,28.85748576190629,40.43827926730183,170.83999257697425,93.46153846153847,0.05
218,2025-02-24T20:00:00,NOx,107.07832725738405,11711.273327755544,216.08183973050575,0.7150815497646883,3,28.85748576190629,40.43827926730183,170.83999257697425,102.30769230769232,0.05
218,2025-02-24T20:00:00,NOx,107.07832725738405,11711.273327755544,216.08183973050575,0.7150815497646883,3,28.85748576190629,40.43827926730183,170.83999257697425,111.15384615384616,0.05
218,2025-02-24T20:00:00,NOx,107.07832725738405,11711.273327755544,216.08183973050575,0.7150815497646883,3,28.85748576190629,40.43827926730183,170.83999257697425,120.0,0.05
219,2025-02-25T02:00:00,CO,43.62745863950853,2173.942859654222,72.99553860635154,1.0071631234641236,3,19.975297154271246,31.175879427715817,405.19042326270494,5.0,0.4138672593825879
219,2025-02-25T02:00:00,CO,43.62745863950853,2173.942859654222,72.99553860635154,1.0071631234641236,3,19.975297154271246,31.175879427715817,405.19042326270494,13.846153846153847,0.05
219,2025-02-25T02:00:00,CO,43.62745863950853,2173.942859654222,72.99553860635154,1.0071631234641236,3,19.975297154271246,31.175879427715817,405.19042326270494,22.692307692307693,0.05
219,2025-02-25T02:00:00,CO,43.62745863950853,2173.942859654222,72.99553860635154,1.0071631234641236,3,19.975297154271246,31.175879427715817,405.19042326270494,31.53846153846154,0.05
219,2025-02-25T02:00:00,CO,43.62745863950853,2173.942859654222,72.99553860635154,1.0071631234641236,3,19.975297154271246,31.175879427715817,405.19042326270494,40.38461538461539,0.05
219,2025-02-25T02:00:00,CO,43.62745863950853,2173.942859654222,72.99553860635154,1.0071631234641236,3,19.975297154271246,31.175879427715817,405.19042326270494,49.23076923076923,0.05
219,2025-02-25T02:00:00,CO,43.62745863950853,2173.942859654222,72.99553860635154,1.0071631234641236,3,19.975297154271246,31.175879427715817,405.19042326270494,58.07692307692308,0.05
219,2025-02-25T02:00:00,CO,43.62745863950853,2173.942859654222,72.99553860635154,1.0071631234641236,3,19.975297154271246,31.175879427715817,405.19042326270494,66.92307692307693,0.05
219,2025-02-25T02:00:00,CO,43.62745863950853,2173.942859654222,72.99553860635154,1.0071631234641236,3,19.975297154271246,31.175879427715817,405.19042326270494,75.76923076923077,0.05
219,2025-02-25T02:00:00,CO,43.62745863950853,2173.942859654222,72.99553860635154,1.0071631234641236,3,19.975297154271246,31.175879427715817,405.19042326270494,84.61538461538461,0.05
219,2025-02-25T02:00:00,CO,43.62745863950853,2173.942859654222,72.99553860635154,1.0071631234641236,3,19.975297154271246,31.175879427715817,405.19042326270494,93.46153846153847,0.05
219,2025-02-25T02:00:00,CO,43.62745863950853,2173.942859654222,72.99553860635154,1.0071631234641236,3,19.975297154271246,31.175879427715817,405.19042326270494,102.30769230769232,0.05
219,2025-02-25T02:00:00,CO,43.62745863950853,2173.942859654222,72.99553860635154,1.0071631234641236,3,19.975297154271246,31.175879427715817,405.19042326270494,111.15384615384616,0.05
219,2025-02-25T02:00:00,CO,43.62745863950853,2173.942859654222,72.99553860635154,1.0071631234641236,3,19.975297154271246,31.175879427715817,405.19042326270494,120.0,0.05
220,2025-02-25T08:00:00,CO,43.673537288112016,4226.561560022439,139.7452444301489,0.872027709493918,4,28.187797672319846,37.08739373484065,118.23367575602381,5.0,4.201900374804583
220,2025-02-25T08:00:00,CO,43.673537288112016,4226.561560022439,139.7452444301489,0.872027709493918,4,28.187797672319846,37.08739373484065,118.23367575602381,13.846153846153847,0.05
220,2025-02-25T08:00:00,CO,43.673537288112016,4226.561560022439,139.7452444301489,0.872027709493918,4,28.187797672319846,37.08739373484065,118.23367575602381,22.692307692307693,0.05
220,2025-02-25T08:00:00,CO,43.673537288112016,4226.561560022439,139.7452444301489,0.872027709493918,4,28.187797672319846,37.08739373484065,118.23367575602381,31.53846153846154,0.05
220,2025-02-25T08:00:00,CO,43.673537288112016,4226.561560022439,139.7452444301489,0.872027709493918,4,28.187797672319846,37.08739373484065,118.23367575602381,40.38461538461539,0.05
220,2025-02-25T08:00:00,CO,43.673537288112016,4226.561560022439,139.7452444301489,0.872027709493918,4,28.187797672319846,37.08739373484065,118.23367575602381,49.23076923076923,0.05
220,2025-02-25T08:00:00,CO,43.673537288112016,4226.561560022439,139.7452444301489,0.872027709493918,4,28.187797672319846,37.08739373484065,118.23367575602381,58.07692307692308,0.05
220,2025-02-25T08:00:00,CO,43.673537288112016,4226.561560022439,139.7452444301489,0.872027709493918,4,28.187797672319846,37.08739373484065,118.23367575602381,66.92307692307693,0.05
220,2025-02-25T08:00:00,CO,43.673537288112016,4226.561560022439,139.7452444301489,0.872027709493918,4,28.187797672319846,37.08739373484065,118.23367575602381,75.76923076923077,0.05
220,2025-02-25T08:00:00,CO,43.673537288112016,4226.561560022439,139.7452444301489,0.872027709493918,4,28.187797672319846,37.08739373484065,118.23367575602381,84.61538461538461,0.05
220,2025-02-25T08:00:00,CO,43.673537288112016,4226.561560022439,139.7452444301489,0.872027709493918,4,,37.08739373484065,118.23367575602381,93.46153846153847,0.05
220,2025-02-25T08:00:00,CO,43.673537288112016,4226.561560022439,139.7452444301489,0.872027709493918,4,28.187797672319846,37.08739373484065,118.23367575602381,102.30769230769232,0.05
220,2025-02-25T08:00:00,CO,43.673537288112016,4226.561560022439,139.7452444301489,0.872027709493918,4,28.187797672319846,37.08739373484065,118.23367575602381,111.15384615384616,0.05
220,2025-02-25T08:00:00,CO,43.673537288112016,4226.561560022439,139.7452444301489,0.872027709493918,4,28.187797672319846,37.08739373484065,118.23367575602381,120.0,0.05
221,2025-02-25T14:00:00,CO,17.3717866762754,4472.266312733578,395.3398201788618,1.4878913909134093,3,27.80796834519267,82.38039640440508,705.1837750011018,5.0,295.77361274013936
221,2025-02-25T14:00:00,CO,17.3717866762754,4472.266312733578,395.3398201788618,1.4878913909134093,3,27.80796834519267,82.38039640440508,705.1837750011018,13.846153846153847,48.88096044360731
221,2025-02-25T14:00:00,CO,17.3717866762754,4472.266312733578,395.3398201788618,1.4878913909134093,3,27.80796834519267,82.38039640440508,705.1837750011018,22.692307692307693,8.98141214915447
221,2025-02-25T14:00:00,CO,17.3717866762754,4472.266312733578,395.3398201788618,1.4878913909134093,3,27.80796834519267,82.38039640440508,705.1837750011018,31.53846153846154,1.7655311530051914
221,2025-02-25T14:00:00,CO,17.3717866762754,4472.266312733578,395.3398201788618,1.4878913909134093,3,27.80796834519267,82.38039640440508,705.1837750011018,40.38461538461539,0.30950243484153955
221,2025-02-25T14:00:00,CO,17.3717866762754,4472.266312733578,395.3398201788618,1.4878913909134093,3,27.80796834519267,82.38039640440508,705.1837750011018,49.23076923076923,0.05142062798171357
221,2025-02-25T14:00:00,CO,17.3717866762754,4472.266312733578,395.3398201788618,1.4878913909134093,3,27.80796834519267,82.38039640440508,705.1837750011018,58.07692307692308,0.05
221,2025-02-25T14:00:00,CO,17.3717866762754,4472.266312733578,395.3398201788618,1.4878913909134093,3,27.80796834519267,82.38039640440508,705.1837750011018,66.92307692307693,0.05
221,2025-02-25T14:00:00,CO,17.3717866762754,4472.266312733578,395.3398201788618,1.4878913909134093,3,27.80796834519267,82.38039640440508,705.1837750011018,75.76923076923077,0.05
221,2025-02-25T14:00:00,CO,17.3717866762754,4472.266312733578,395.3398201788618,1.4878913909134093,3,,82.38039640440508,705.1837750011018,84.61538461538461,0.05
221,2025-02-25T14:00:00,CO,17.3717866762754,4472.266312733578,395.3398201788618,1.4878913909134093,3,27.80796834519267,82.38039640440508,705.1837750011018,93.46153846153847,0.05
221,2025-02-25T14:00:00,CO,17.3717866762754,4472.266312733578,395.3398201788618,1.4878913909134093,3,27.80796834519267,82.38039640440508,705.1837750011018,102.30769230769232,0.05
221,2025-02-25T14:00:00,CO,17.3717866762754,4472.266312733578,395.3398201788618,1.4878913909134093,3,27.80796834519267,82.38039640440508,705.1837750011018,111.15384615384616,0.05
221,2025-02-25T14:00:00,CO,17.3717866762754,4472.266312733578,395.3398201788618,1.4878913909134093,3,27.80796834519267,82.38039640440508,705.1837750011018,120.0,0.05
222,2025-02-25T20:00:00,NOx,45.17017971549912,7614.644141690088,169.482498893222,0.8552829723934193,2,31.363329537183297,70.74411038228298,483.455099116878,5.0,126.96250750069146
222,2025-02-25T20:00:00,NOx,45.17017971549912,7614.644141690088,169.482498893222,0.8552829723934193,2,31.363329537183297,70.74411038228298,483.455099116878,13.846153846153847,7.695974516302885
222,2025-02-25T20:00:00,NOx,45.17017971549912,7614.644141690088,169.482498893222,0.8552829723934193,2,31.363329537183297,70.74411038228298,483.455099116878,22.692307692307693,0.6549667988580153
222,2025-02-25T20:00:00,NOx,45.17017971549912,7614.644141690088,169.482498893222,0.8552829723934193,2,31.363329537183297,70.74411038228298,483.455099116878,31.53846153846154,0.05
222,2025-02-25T20:00:00,NOx,45.17017971549912,7614.644141690088,169.482498893222,0.8552829723934193,2,31.363329537183297,70.74411038228298,483.455099116878,40.38461538461539,0.05
222,2025-02-25T20:00:00,NOx,45.17017971549912,7614.644141690088,169.482498893222,0.8552829723934193,2,31.363329537183297,70.74411038228298,483.455099116878,49.23076923076923,0.05
222,2025-02-25T20:00:00,NOx,45.17017971549912,7614.644141690088,169.482498893222,0.8552829723934193,2,31.363329537183297,70.74411038228298,483.455099116878,58.07692307692308,0.05
222,2025-02-25T20:00:00,NOx,45.17017971549912,7614.644141690088,169.482498893222,0.8552829723934193,2,31.363329537183297,70.74411038228298,483.455099116878,66.92307692307693,0.05
222,2025-02-25T20:00:00,NOx,45.17017971549912,7614.644141690088,169.482498893222,0.8552829723934193,2,31.363329537183297,70.74411038228298,483.455099116878,75.76923076923077,0.05
222,2025-02-25T20:00:00,NOx,45.17017971549912,7614.644141690088,169.482498893222,0.8552829723934193,2,31.363329537183297,70.74411038228298,483.455099116878,84.61538461538461,0.05
222,2025-02-25T20:00:00,NOx,45.17017971549912,7614.644141690088,169.482498893222,0.8552829723934193,2,31.363329537183297,70.74411038228298,483.455099116878,93.46153846153847,0.05
222,2025-02-25T20:00:00,NOx,45.17017971549912,7614.644141690088,169.482498893222,0.8552829723934193,2,31.363329537183297,70.74411038228298,483.455099116878,102.30769230769232,0.05
222,2025-02-25T20:00:00,NOx,45.17017971549912,7614.644141690088,169.482498893222,0.8552829723934193,2,31.363329537183297,70.74411038228298,483.455099116878,111.15384615384616,0.05
222,2025-02-25T20:00:00,NOx,45.17017971549912,7614.644141690088,169.482498893222,0.8552829723934193,2,31.363329537183297,70.74411038228298,483.455099116878,120.0,0.05
223,2025-02-26T02:00:00,NOx,49.26302257900239,5235.8601815769325,46.81313037569086,1.4892223771908741,4,26.137719198297074,44.68861096208766,105.72798914649222,5.0,3.2674162688705564
223,2025-02-26T02:00:00,NOx,49.26302257900239,5235.8601815769325,46.81313037569086,1.4892223771908741,4,26.137719198297074,44.68861096208766,105.72798914649222,13.846153846153847,0.05
223,2025-02-26T02:00:00,NOx,49.26302257900239,5235.8601815769325,46.81313037569086,1.4892223771908741,4,26.137719198297074,44.68861096208766,105.72798914649222,22.692307692307693,0.05
223,2025-02-26T02:00:00,NOx,49.26302257900239,5235.8601815769325,46.81313037569086,1.4892223771908741,4,26.137719198297074,44.68861096208766,105.72798914649222,31.53846153846154,0.05
223,2025-02-26T02:00:00,NOx,49.26302257900239,5235.8601815769325,46.81313037569086,1.4892223771908741,4,26.137719198297074,44.68861096208766,105.72798914649222,40.38461538461539,0.05
223,2025-02-26T02:00:00,NOx,49.26302257900239,5235.8601815769325,46.81313037569086,1.4892223771908741,4,26.137719198297074,44.68861096208766,105.72798914649222,49.23076923076923,0.05
223,2025-02-26T02:00:00,NOx,49.26302257900239,5235.8601815769325,46.81313037569086,1.4892223771908741,4,26.137719198297074,44.68861096208766,105.72798914649222,58.07692307692308,0.05
223,2025-02-26T02:00:00,NOx,49.26302257900239,5235.8601815769325,46.81313037569086,1.4892223771908741,4,26.137719198297074,44.68861096208766,105.72798914649222,66.92307692307693,0.05
223,2025-02-26T02:00:00,NOx,49.26302257900239,5235.8601815769325,46.81313037569086,1.4892223771908741,4,26.137719198297074,44.68861096208766,105.72798914649222,75.76923076923077,0.05
223,2025-02-26T02:00:00,NOx,49.26302257900239,5235.8601815769325,46.81313037569086,1.4892223771908741,4,26.137719198297074,44.68861096208766,105.72798914649222,84.61538461538461,0.05
223,2025-02-26T02:00:00,NOx,49.26302257900239,5235.8601815769325,46.81313037569086,1.4892223771908741,4,26.137719198297074,44.68861096208766,105.72798914649222,93.46153846153847,0.05
223,2025-02-26T02:00:00,NOx,49.26302257900239,5235.8601815769325,46.81313037569086,1.4892223771908741,4,26.137719198297074,44.68861096208766,105.72798914649222,102.30769230769232,0.05
223,2025-02-26T02:00:00,NOx,49.26302257900239,5235.8601815769325,46.81313037569086,1.4892223771908741,4,,44.68861096208766,105.72798914649222,111.15384615384616,0.05
223,2025-02-26T02:00:00,NOx,49.26302257900239,5235.8601815769325,46.81313037569086,1.4892223771908741,4,26.137719198297074,44.68861096208766,105.72798914649222,120.0,0.05
224,2025-02-26T08:00:00,NOx,83.91220028647017,10089.599873827883,146.39473118338537,0.7085730293838386,3,35.37491551607067,59.94578409533069,266.57294183160695,5.0,16.827812295728442
224,2025-02-26T08:00:00,NOx,83.91220028647017,10089.599873827883,146.39473118338537,0.7085730293838386,3,35.37491551607067,59.94578409533069,266.57294183160695,13.846153846153847,0.22650280051719515
224,2025-02-26T08:00:00,NOx,83.91220028647017,10089.599873827883,146.39473118338537,0.7085730293838386,3,,59.94578409533069,266.57294183160695,22.692307692307693,0.05
224,2025-02-26T08:00:00,NOx,83.91220028647017,10089.599873827883,146.39473118338537,0.7085730293838386,3,35.37491551607067,59.94578409533069,266.57294183160695,31.53846153846154,0.05
224,2025-02-26T08:00:00,NOx,83.91220028647017,10089.599873827883,146.39473118338537,0.7085730293838386,3,35.37491551607067,59.94578409533069,266.57294183160695,40.38461538461539,0.05
224,2025-02-26T08:00:00,NOx,83.91220028647017,10089.599873827883,146.39473118338537,0.7085730293838386,3,35.37491551607067,59.94578409533069,266.57294183160695,49.23076923076923,0.05
224,2025-02-26T08:00:00,NOx,83.91220028647017,10089.599873827883,146.39473118338537,0.7085730293838386,3,35.37491551607067,59.94578409533069,266.57294183160695,58.07692307692308,0.05
224,2025-02-26T08:00:00,NOx,83.91220028647017,10089.599873827883,146.39473118338537,0.7085730293838386,3,35.37491551607067,59.94578409533069,266.57294183160695,66.92307692307693,0.05
224,2025-02-26T08:00:00,NOx,83.91220028647017,10089.599873827883,146.39473118338537,0.7085730293838386,3,35.37491551607067,59.94578409533069,266.57294183160695,75.76923076923077,0.05
224,2025-02-26T08:00:00,NOx,83.91220028647017,10089.599873827883,146.39473118338537,0.7085730293838386,3,35.37491551607067,59.94578409533069,266.57294183160695,84.61538461538461,0.05
224,2025-02-26T08:00:00,NOx,83.91220028647017,10089.599873827883,146.39473118338537,0.7085730293838386,3,35.37491551607067,59.94578409533069,266.57294183160695,93.46153846153847,0.05
224,2025-02-26T08:00:00,NOx,83.91220028647017,10089.599873827883,146.39473118338537,0.7085730293838386,3,35.37491551607067,59.94578409533069,266.57294183160695,102.30769230769232,0.05
224,2025-02-26T08:00:00,NOx,83.91220028647017,10089.599873827883,146.39473118338537,0.7085730293838386,3,35.37491551607067,59.94578409533069,266.57294183160695,111.15384615384616,0.05
224,2025-02-26T08:00:00,NOx,83.91220028647017,10089.599873827883,146.39473118338537,0.7085730293838386,3,35.37491551607067,59.94578409533069,266.57294183160695,120.0,0.05
225,2025-02-26T14:00:00,NOx,20.344731267394593,2392.4833457683044,408.07807594403545,1.4440724999410763,0,37.036648973949376,50.671058039699425,635.8862898069374,5.0,90.52879265957333
225,2025-02-26T14:00:00,NOx,20.344731267394593,2392.4833457683044,408.07807594403545,,0,37.036648973949376,50.671058039699425,635.8862898069374,13.846153846153847,2.3247726592106153
225,2025-02-26T14:00:00,NOx,20.344731267394593,2392.4833457683044,408.07807594403545,1.4440724999410763,0,37.036648973949376,50.671058039699425,635.8862898069374,22.692307692307693,0.07972242662996253
225,2025-02-26T14:00:00,NOx,20.344731267394593,2392.4833457683044,408.07807594403545,1.4440724999410763,0,37.036648973949376,50.671058039699425,635.8862898069374,31.53846153846154,0.05
225,2025-02-26T14:00:00,NOx,20.344731267394593,2392.4833457683044,408.07807594403545,,0,37.036648973949376,50.671058039699425,635.8862898069374,40.38461538461539,0.05
225,2025-02-26T14:00:00,NOx,20.344731267394593,2392.4833457683044,408.07807594403545,1.4440724999410763,0,37.036648973949376,50.671058039699425,635.8862898069374,49.23076923076923,0.05
225,2025-02-26T14:00:00,NOx,20.344731267394593,2392.4833457683044,408.07807594403545,1.4440724999410763,0,37.036648973949376,50.671058039699425,635.8862898069374,58.07692307692308,0.05
225,2025-02-26T14:00:00,NOx,20.344731267394593,2392.4833457683044,408.07807594403545,1.4440724999410763,0,37.036648973949376,50.671058039699425,635.8862898069374,66.92307692307693,0.05
225,2025-02-26T14:00:00,NOx,20.344731267394593,2392.4833457683044,408.07807594403545,1.4440724999410763,0,37.036648973949376,50.671058039699425,635.8862898069374,75.76923076923077,0.05
225,2025-02-26T14:00:00,NOx,20.344731267394593,2392.4833457683044,408.07807594403545,1.4440724999410763,0,37.036648973949376,50.671058039699425,635.8862898069374,84.61538461538461,0.05
225,2025-02-26T14:00:00,NOx,20.344731267394593,2392.4833457683044,408.07807594403545,1.4440724999410763,0,37.036648973949376,50.671058039699425,635.8862898069374,93.46153846153847,0.05
225,2025-02-26T14:00:00,NOx,20.344731267394593,2392.4833457683044,408.07807594403545,1.4440724999410763,0,37.036648973949376,50.671058039699425,635.8862898069374,102.30769230769232,0.05
225,2025-02-26T14:00:00,NOx,20.344731267394593,2392.4833457683044,408.07807594403545,1.4440724999410763,0,37.036648973949376,50.671058039699425,635.8862898069374,111.15384615384616,0.05
225,2025-02-26T14:00:00,NOx,20.344731267394593,2392.4833457683044,408.07807594403545,1.4440724999410763,0,37.036648973949376,50.671058039699425,635.8862898069374,120.0,0.05
226,2025-02-26T20:00:00,CO,96.14320378331162,1763.188482311472,110.11960003599894,0.8649667233563856,1,29.23755669786021,48.26067089249353,783.5613688890822,5.0,0.05
226,2025-02-26T20:00:00,CO,96.14320378331162,1763.188482311472,110.11960003599894,0.8649667233563856,1,29.23755669786021,48.26067089249353,783.5613688890822,13.846153846153847,0.05
226,2025-02-26T20:00:00,CO,96.14320378331162,1763.188482311472,110.11960003599894,0.8649667233563856,1,29.23755669786021,48.26067089249353,783.5613688890822,22.692307692307693,0.05
226,2025-02-26T20:00:00,CO,96.14320378331162,1763.188482311472,110.11960003599894,0.8649667233563856,1,29.23755669786021,48.26067089249353,783.5613688890822,31.53846153846154,0.05
226,2025-02-26T20:00:00,CO,96.14320378331162,1763.188482311472,110.11960003599894,0.8649667233563856,1,29.23755669786021,48.26067089249353,783.5613688890822,40.38461538461539,0.05
226,2025-02-26T20:00:00,CO,96.14320378331162,1763.188482311472,110.11960003599894,0.8649667233563856,1,29.23755669786021,48.26067089249353,783.5613688890822,49.23076923076923,0.05
226,2025-02-26T20:00:00,CO,96.14320378331162,1763.188482311472,110.11960003599894,0.8649667233563856,1,29.23755669786021,48.26067089249353,783.5613688890822,58.07692307692308,0.05
226,2025-02-26T20:00:00,CO,96.14320378331162,1763.188482311472,110.11960003599894,0.8649667233563856,1,29.23755669786021,48.26067089249353,783.5613688890822,66.92307692307693,0.05
226,2025-02-26T20:00:00,CO,96.14320378331162,1763.188482311472,110.11960003599894,0.8649667233563856,1,29.23755669786021,48.26067089249353,783.5613688890822,75.76923076923077,0.05
226,2025-02-26T20:00:00,CO,96.14320378331162,1763.188482311472,110.11960003599894,0.8649667233563856,1,,48.26067089249353,783.5613688890822,84.61538461538461,0.05
226,2025-02-26T20:00:00,CO,96.14320378331162,1763.188482311472,110.11960003599894,0.8649667233563856,1,29.23755669786021,48.26067089249353,783.5613688890822,93.46153846153847,0.05
226,2025-02-26T20:00:00,CO,96.14320378331162,1763.188482311472,110.11960003599894,0.8649667233563856,1,29.23755669786021,48.26067089249353,783.5613688890822,102.30769230769232,0.05
226,2025-02-26T20:00:00,CO,96.14320378331162,1763.188482311472,110.11960003599894,0.8649667233563856,1,29.23755669786021,48.26067089249353,783.5613688890822,111.15384615384616,0.05
226,2025-02-26T20:00:00,CO,96.14320378331162,1763.188482311472,110.11960003599894,0.8649667233563856,1,29.23755669786021,48.26067089249353,783.5613688890822,120.0,0.05
227,2025-02-27T02:00:00,CO,100.35619520076183,3797.6658326703473,355.3750890647154,0.6971191991883849,4,21.77465108685925,68.63851357764585,396.0942224011571,5.0,0.19398603536175804
227,2025-02-27T02:00:00,CO,100.35619520076183,3797.6658326703473,355.3750890647154,0.6971191991883849,4,21.77465108685925,68.63851357764585,396.0942224011571,13.846153846153847,0.05
227,2025-02-27T02:00:00,CO,100.35619520076183,3797.6658326703473,355.3750890647154,0.6971191991883849,4,21.77465108685925,68.63851357764585,396.0942224011571,22.692307692307693,0.05
227,2025-02-27T02:00:00,CO,100.35619520076183,3797.6658326703473,355.3750890647154,0.6971191991883849,4,21.77465108685925,68.63851357764585,396.0942224011571,31.53846153846154,0.05
227,2025-02-27T02:00:00,CO,100.35619520076183,3797.6658326703473,355.3750890647154,0.6971191991883849,4,21.77465108685925,68.63851357764585,396.0942224011571,40.38461538461539,0.05
227,2025-02-27T02:00:00,CO,100.35619520076183,3797.6658326703473,355.3750890647154,0.6971191991883849,4,21.77465108685925,68.63851357764585,396.0942224011571,49.23076923076923,0.05
227,2025-02-27T02:00:00,CO,100.35619520076183,3797.6658326703473,355.3750890647154,0.6971191991883849,4,,68.63851357764585,396.0942224011571,58.07692307692308,0.05
227,2025-02-27T02:00:00,CO,100.35619520076183,3797.6658326703473,355.3750890647154,0.6971191991883849,4,21.77465108685925,68.63851357764585,396.0942224011571,66.92307692307693,0.05
227,2025-02-27T02:00:00,CO,100.35619520076183,3797.6658326703473,355.3750890647154,0.6971191991883849,4,21.77465108685925,68.63851357764585,396.0942224011571,75.76923076923077,0.05
227,2025-02-27T02:00:00,CO,100.35619520076183,3797.6658326703473,355.3750890647154,0.6971191991883849,4,21.77465108685925,68.63851357764585,396.0942224011571,84.61538461538461,0.05
227,2025-02-27T02:00:00,CO,100.35619520076183,3797.6658326703473,355.3750890647154,0.6971191991883849,4,21.77465108685925,68.63851357764585,396.0942224011571,93.46153846153847,0.05
227,2025-02-27T02:00:00,CO,100.35619520076183,3797.6658326703473,355.3750890647154,0.6971191991883849,4,21.77465108685925,68.63851357764585,396.0942224011571,102.30769230769232,0.05
227,2025-02-27T02:00:00,CO,100.35619520076183,3797.6658326703473,355.3750890647154,0.6971191991883849,4,,68.63851357764585,396.0942224011571,111.15384615384616,0.05
227,2025-02-27T02:00:00,CO,100.35619520076183,3797.6658326703473,355.3750890647154,0.6971191991883849,4,21.77465108685925,68.63851357764585,396.0942224011571,120.0,0.05
228,2025-02-27T08:00:00,CO,83.06748952148419,5581.636829382966,337.30256905647144,0.37399482170803994,2,22.083772792840083,81.63685657148335,158.2148079523236,5.0,5.635378764818213
228,2025-02-27T08:00:00,CO,83.06748952148419,5581.636829382966,337.30256905647144,0.37399482170803994,2,22.083772792840083,81.63685657148335,158.2148079523236,13.846153846153847,0.05
228,2025-02-27T08:00:00,CO,83.06748952148419,5581.636829382966,337.30256905647144,0.37399482170803994,2,22.083772792840083,81.63685657148335,158.2148079523236,22.692307692307693,0.05
228,2025-02-27T08:00:00,CO,83.06748952148419,5581.636829382966,337.30256905647144,0.37399482170803994,2,22.083772792840083,81.63685657148335,158.2148079523236,31.53846153846154,0.05
228,2025-02-27T08:00:00,CO,83.06748952148419,5581.636829382966,337.30256905647144,0.37399482170803994,2,22.083772792840083,81.63685657148335,158.2148079523236,40.38461538461539,0.05
228,2025-02-27T08:00:00,CO,83.06748952148419,5581.636829382966,337.30256905647144,0.37399482170803994,2,,81.63685657148335,158.2148079523236,49.23076923076923,0.05
228,2025-02-27T08:00:00,CO,83.06748952148419,5581.636829382966,337.30256905647144,0.37399482170803994,2,22.083772792840083,81.63685657148335,158.2148079523236,58.07692307692308,0.05
228,2025-02-27T08:00:00,CO,83.06748952148419,5581.636829382966,337.30256905647144,0.37399482170803994,2,22.083772792840083,81.63685657148335,158.2148079523236,66.92307692307693,0.05
228,2025-02-27T08:00:00,CO,83.06748952148419,5581.636829382966,337.30256905647144,0.37399482170803994,2,22.083772792840083,81.63685657148335,158.2148079523236,75.76923076923077,0.05
228,2025-02-27T08:00:00,CO,83.06748952148419,5581.636829382966,337.30256905647144,0.37399482170803994,2,22.083772792840083,81.63685657148335,158.2148079523236,84.61538461538461,0.05
228,2025-02-27T08:00:00,CO,83.06748952148419,5581.636829382966,337.30256905647144,0.37399482170803994,2,22.083772792840083,81.63685657148335,158.2148079523236,93.46153846153847,0.05
228,2025-02-27T08:00:00,CO,83.06748952148419,5581.636829382966,337.30256905647144,0.37399482170803994,2,22.083772792840083,81.63685657148335,158.2148079523236,102.30769230769232,0.05
228,2025-02-27T08:00:00,CO,83.06748952148419,5581.636829382966,337.30256905647144,0.37399482170803994,2,22.083772792840083,81.63685657148335,158.2148079523236,111.15384615384616,0.05
228,2025-02-27T08:00:00,CO,83.06748952148419,5581.636829382966,337.30256905647144,0.37399482170803994,2,22.083772792840083,81.63685657148335,158.2148079523236,120.0,0.05
229,2025-02-27T14:00:00,NOx,31.2505683403181,8034.612794269115,110.60753757644447,0.33577002019870417,4,31.706304848384846,31.641692998329667,120.72526076609084,5.0,35.09919106171923
229,2025-02-27T14:00:00,NOx,31.2505683403181,8034.612794269115,110.60753757644447,0.33577002019870417,4,31.706304848384846,31.641692998329667,120.72526076609084,13.846153846153847,4.016111351555183
229,2025-02-27T14:00:00,NOx,31.2505683403181,8034.612794269115,110.60753757644447,0.33577002019870417,4,31.706304848384846,,120.72526076609084,22.692307692307693,0.4021102218283663
229,2025-02-27T14:00:00,NOx,31.2505683403181,8034.612794269115,110.60753757644447,0.33577002019870417,4,31.706304848384846,31.641692998329667,120.72526076609084,31.53846153846154,0.05
229,2025-02-27T14:00:00,NOx,31.2505683403181,8034.612794269115,110.60753757644447,0.33577002019870417,4,31.706304848384846,31.641692998329667,120.72526076609084,40.38461538461539,0.05
229,2025-02-27T14:00:00,NOx,31.2505683403181,8034.612794269115,110.60753757644447,0.33577002019870417,4,31.706304848384846,31.641692998329667,120.72526076609084,49.23076923076923,0.05
229,2025-02-27T14:00:00,NOx,31.2505683403181,8034.612794269115,110.60753757644447,0.33577002019870417,4,31.706304848384846,31.641692998329667,120.72526076609084,58.07692307692308,0.05
229,2025-02-27T14:00:00,NOx,31.2505683403181,8034.612794269115,110.60753757644447,0.33577002019870417,4,31.706304848384846,31.641692998329667,120.72526076609084,66.92307692307693,0.05
229,2025-02-27T14:00:00,NOx,31.2505683403181,8034.612794269115,110.60753757644447,0.33577002019870417,4,31.706304848384846,31.641692998329667,120.72526076609084,75.76923076923077,0.05
229,2025-02-27T14:00:00,NOx,31.2505683403181,8034.612794269115,110.60753757644447,0.33577002019870417,4,31.706304848384846,31.641692998329667,120.72526076609084,84.61538461538461,0.05
229,2025-02-27T14:00:00,NOx,31.2505683403181,8034.612794269115,110.60753757644447,0.33577002019870417,4,31.706304848384846,31.641692998329667,120.72526076609084,93.46153846153847,0.05
229,2025-02-27T14:00:00,NOx,31.2505683403181,8034.612794269115,110.60753757644447,0.33577002019870417,4,31.706304848384846,31.641692998329667,120.72526076609084,102.30769230769232,0.05
229,2025-02-27T14:00:00,NOx,31.2505683403181,8034.612794269115,110.60753757644447,0.33577002019870417,4,31.706304848384846,31.641692998329667,120.72526076609084,111.15384615384616,0.05
229,2025-02-27T14:00:00,NOx,31.2505683403181,8034.612794269115,110.60753757644447,0.33577002019870417,4,,31.641692998329667,120.72526076609084,120.0,0.05
230,2025-02-27T20:00:00,NOx,119.87722996230175,1090.3737546185744,30.132056250516523,0.7229955778651798,4,35.67674472197263,79.75495286183812,709.1989820330823,5.0,0.05
230,2025-02-27T20:00:00,NOx,119.87722996230175,1090.3737546185744,30.132056250516523,0.7229955778651798,4,35.67674472197263,79.75495286183812,709.1989820330823,13.846153846153847,0.05
230,2025-02-27T20:00:00,NOx,119.87722996230175,1090.3737546185744,30.132056250516523,0.7229955778651798,4,35.67674472197263,79.75495286183812,709.1989820330823,22.692307692307693,0.05
230,2025-02-27T20:00:00,NOx,119.87722996230175,1090.3737546185744,30.132056250516523,0.7229955778651798,4,35.67674472197263,79.75495286183812,709.1989820330823,31.53846153846154,0.05
230,2025-02-27T20:00:00,NOx,119.87722996230175,1090.3737546185744,30.132056250516523,0.7229955778651798,4,35.67674472197263,79.75495286183812,709.1989820330823,40.38461538461539,0.05
230,2025-02-27T20:00:00,NOx,119.87722996230175,1090.3737546185744,30.132056250516523,0.7229955778651798,4,35.67674472197263,79.75495286183812,709.1989820330823,49.23076923076923,0.05
230,2025-02-27T20:00:00,NOx,119.87722996230175,1090.3737546185744,30.132056250516523,0.7229955778651798,4,35.67674472197263,79.75495286183812,709.1989820330823,58.07692307692308,0.05
230,2025-02-27T20:00:00,NOx,119.87722996230175,1090.3737546185744,30.132056250516523,0.7229955778651798,4,35.67674472197263,79.75495286183812,709.1989820330823,66.92307692307693,0.05
230,2025-02-27T20:00:00,NOx,119.87722996230175,1090.3737546185744,30.132056250516523,0.7229955778651798,4,35.67674472197263,79.75495286183812,709.1989820330823,75.76923076923077,0.05
230,2025-02-27T20:00:00,NOx,119.87722996230175,1090.3737546185744,30.132056250516523,0.7229955778651798,4,35.67674472197263,79.75495286183812,709.1989820330823,84.61538461538461,0.05
230,2025-02-27T20:00:00,NOx,119.87722996230175,1090.3737546185744,30.132056250516523,0.7229955778651798,4,35.67674472197263,79.75495286183812,709.1989820330823,93.46153846153847,0.05
230,2025-02-27T20:00:00,NOx,119.87722996230175,1090.3737546185744,30.132056250516523,0.7229955778651798,4,35.67674472197263,79.75495286183812,709.1989820330823,102.30769230769232,0.05
230,2025-02-27T20:00:00,NOx,119.87722996230175,1090.3737546185744,30.132056250516523,0.7229955778651798,4,35.67674472197263,79.75495286183812,709.1989820330823,111.15384615384616,0.05
230,2025-02-27T20:00:00,NOx,119.87722996230175,1090.3737546185744,30.132056250516523,0.7229955778651798,4,35.67674472197263,79.75495286183812,709.1989820330823,120.0,0.05
231,2025-02-28T02:00:00,CO,79.61327874250425,10598.86959023274,182.257930357569,0.477465171062296,1,26.00049991568826,72.15800928703763,489.53063230049264,5.0,86.57504432039912
231,2025-02-28T02:00:00,CO,79.61327874250425,10598.86959023274,182.257930357569,0.477465171062296,1,26.00049991568826,72.15800928703763,489.53063230049264,13.846153846153847,4.62658000611507
231,2025-02-28T02:00:00,CO,79.61327874250425,10598.86959023274,182.257930357569,0.477465171062296,1,26.00049991568826,72.15800928703763,489.53063230049264,22.692307692307693,0.2476748592378279
231,2025-02-28T02:00:00,CO,79.61327874250425,10598.86959023274,182.257930357569,0.477465171062296,1,26.00049991568826,72.15800928703763,489.53063230049264,31.53846153846154,0.05
231,2025-02-28T02:00:00,CO,79.61327874250425,10598.86959023274,182.257930357569,0.477465171062296,1,26.00049991568826,72.15800928703763,489.53063230049264,40.38461538461539,0.05
231,2025-02-28T02:00:00,CO,79.61327874250425,10598.86959023274,182.257930357569,0.477465171062296,1,26.00049991568826,72.15800928703763,489.53063230049264,49.23076923076923,0.05
231,2025-02-28T02:00:00,CO,79.61327874250425,10598.86959023274,182.257930357569,0.477465171062296,1,26.00049991568826,72.15800928703763,489.53063230049264,58.07692307692308,0.05
231,2025-02-28T02:00:00,CO,79.61327874250425,10598.86959023274,182.257930357569,0.477465171062296,1,26.00049991568826,72.15800928703763,489.53063230049264,66.92307692307693,0.05
231,2025-02-28T02:00:00,CO,79.61327874250425,10598.86959023274,182.257930357569,0.477465171062296,1,26.00049991568826,72.15800928703763,489.53063230049264,75.76923076923077,0.05
231,2025-02-28T02:00:00,CO,79.61327874250425,10598.86959023274,182.257930357569,0.477465171062296,1,26.00049991568826,72.15800928703763,489.53063230049264,84.61538461538461,0.05
231,2025-02-28T02:00:00,CO,79.61327874250425,10598.86959023274,182.257930357569,0.477465171062296,1,26.00049991568826,72.15800928703763,489.53063230049264,93.46153846153847,0.05
231,2025-02-28T02:00:00,CO,79.61327874250425,10598.86959023274,182.257930357569,0.477465171062296,1,26.00049991568826,72.15800928703763,489.53063230049264,102.30769230769232,0.05
231,2025-02-28T02:00:00,CO,79.61327874250425,10598.86959023274,182.257930357569,0.477465171062296,1,26.00049991568826,72.15800928703763,489.53063230049264,111.15384615384616,0.05
231,2025-02-28T02:00:00,CO,79.61327874250425,10598.86959023274,182.257930357569,0.477465171062296,1,26.00049991568826,72.15800928703763,489.53063230049264,120.0,0.05
232,2025-02-28T08:00:00,CO,33.40333532886815,11491.159884975523,370.4354562496353,0.7132357935386785,2,28.376284983076,45.80514989566377,678.1048080498028,5.0,344.1016391923688
232,2025-02-28T08:00:00,CO,33.40333532886815,11491.159884975523,370.4354562496353,0.7132357935386785,2,28.376284983076,45.80514989566377,678.1048080498028,13.846153846153847,106.57169587826091
232,2025-02-28T08:00:00,CO,33.40333532886815,11491.159884975523,370.4354562496353,0.7132357935386785,2,28.376284983076,45.80514989566377,678.1048080498028,22.692307692307693,26.489146526867238
232,2025-02-28T08:00:00,CO,33.40333532886815,11491.159884975523,370.4354562496353,0.7132357935386785,2,28.376284983076,45.80514989566377,678.1048080498028,31.53846153846154,8.614419408053307
232,2025-02-28T08:00:00,CO,33.40333532886815,11491.159884975523,370.4354562496353,0.7132357935386785,2,28.376284983076,45.80514989566377,678.1048080498028,40.38461538461539,2.3612105443194356
232,2025-02-28T08:00:00,CO,33.40333532886815,11491.159884975523,370.4354562496353,0.7132357935386785,2,28.376284983076,45.80514989566377,678.1048080498028,49.23076923076923,0.7643689885930544
232,2025-02-28T08:00:00,CO,33.40333532886815,11491.159884975523,370.4354562496353,0.7132357935386785,2,28.376284983076,45.80514989566377,678.1048080498028,58.07692307692308,0.22807198134357695
232,2025-02-28T08:00:00,CO,33.40333532886815,11491.159884975523,370.4354562496353,0.7132357935386785,2,28.376284983076,45.80514989566377,678.1048080498028,66.92307692307693,0.06895039244253293
232,2025-02-28T08:00:00,CO,33.40333532886815,11491.159884975523,370.4354562496353,0.7132357935386785,2,28.376284983076,45.80514989566377,678.1048080498028,75.76923076923077,0.05
232,2025-02-28T08:00:00,CO,33.40333532886815,11491.159884975523,370.4354562496353,0.7132357935386785,2,28.376284983076,45.80514989566377,678.1048080498028,84.61538461538461,0.05
232,2025-02-28T08:00:00,CO,33.40333532886815,11491.159884975523,370.4354562496353,0.7132357935386785,2,28.376284983076,45.80514989566377,678.1048080498028,93.46153846153847,0.05
232,2025-02-28T08:00:00,CO,33.40333532886815,11491.159884975523,370.4354562496353,0.7132357935386785,2,28.376284983076,45.80514989566377,678.1048080498028,102.30769230769232,0.05
232,2025-02-28T08:00:00,CO,33.40333532886815,11491.159884975523,370.4354562496353,0.7132357935386785,2,28.376284983076,45.80514989566377,678.1048080498028,111.15384615384616,0.05
232,2025-02-28T08:00:00,CO,33.40333532886815,11491.159884975523,370.4354562496353,0.7132357935386785,2,28.376284983076,45.80514989566377,678.1048080498028,120.0,0.05
233,2025-02-28T14:00:00,CO,18.94969007489237,4722.578201560325,103.9609202927247,1.143819162146966,4,35.58007769605439,43.16529149473914,292.9907953146754,5.0,83.22556831000335
233,2025-02-28T14:00:00,CO,18.94969007489237,4722.578201560325,103.9609202927247,1.143819162146966,4,35.58007769605439,43.16529149473914,292.9907953146754,13.846153846153847,9.365834742630728
233,2025-02-28T14:00:00,CO,18.94969007489237,4722.578201560325,103.9609202927247,1.143819162146966,4,35.58007769605439,43.16529149473914,292.9907953146754,22.692307692307693,1.0723462454205173
233,2025-02-28T14:00:00,CO,18.94969007489237,4722.578201560325,103.9609202927247,1.143819162146966,4,35.58007769605439,43.16529149473914,292.9907953146754,31.53846153846154,0.09155963015407514
233,2025-02-28T14:00:00,CO,18.94969007489237,4722.578201560325,103.9609202927247,1.143819162146966,4,35.58007769605439,,292.9907953146754,40.38461538461539,0.05
233,2025-02-28T14:00:00,CO,18.94969007489237,4722.578201560325,103.9609202927247,1.143819162146966,4,35.58007769605439,43.16529149473914,292.9907953146754,49.23076923076923,0.05
233,2025-02-28T14:00:00,CO,18.94969007489237,4722.578201560325,103.9609202927247,1.143819162146966,4,35.58007769605439,43.16529149473914,292.9907953146754,58.07692307692308,0.05
233,2025-02-28T14:00:00,CO,18.94969007489237,4722.578201560325,103.9609202927247,1.143819162146966,4,35.58007769605439,43.16529149473914,292.9907953146754,66.92307692307693,0.05
233,2025-02-28T14:00:00,CO,18.94969007489237,4722.578201560325,103.9609202927247,1.143819162146966,4,35.58007769605439,43.16529149473914,292.9907953146754,75.76923076923077,0.05
233,2025-02-28T14:00:00,CO,18.94969007489237,4722.578201560325,103.9609202927247,1.143819162146966,4,35.58007769605439,43.16529149473914,292.9907953146754,84.61538461538461,0.05
233,2025-02-28T14:00:00,CO,18.94969007489237,4722.578201560325,103.9609202927247,1.143819162146966,4,35.58007769605439,43.16529149473914,292.9907953146754,93.46153846153847,
233,2025-02-28T14:00:00,CO,18.94969007489237,4722.578201560325,103.9609202927247,1.143819162146966,4,35.58007769605439,43.16529149473914,292.9907953146754,102.30769230769232,0.05
233,2025-02-28T14:00:00,CO,18.94969007489237,4722.578201560325,103.9609202927247,1.143819162146966,4,35.58007769605439,43.16529149473914,292.9907953146754,111.15384615384616,0.05
233,2025-02-28T14:00:00,CO,18.94969007489237,4722.578201560325,103.9609202927247,1.143819162146966,4,35.58007769605439,43.16529149473914,292.9907953146754,120.0,0.05
234,2025-02-28T20:00:00,SO2,47.20703290488747,2235.4174312319574,442.5369484175679,1.163597149810708,1,33.04276544657847,66.89453643935141,332.26869101949944,5.0,3.1900232017310453
234,2025-02-28T20:00:00,SO2,47.20703290488747,2235.4174312319574,442.5369484175679,1.163597149810708,1,33.04276544657847,66.89453643935141,332.26869101949944,13.846153846153847,0.05
234,2025-02-28T20:00:00,SO2,47.20703290488747,2235.4174312319574,442.5369484175679,1.163597149810708,1,33.04276544657847,66.89453643935141,332.26869101949944,22.692307692307693,0.05
234,2025-02-28T20:00:00,SO2,47.20703290488747,2235.4174312319574,442.5369484175679,1.163597149810708,1,33.04276544657847,66.89453643935141,332.26869101949944,31.53846153846154,0.05
234,2025-02-28T20:00:00,SO2,47.20703290488747,2235.4174312319574,442.5369484175679,1.163597149810708,1,33.04276544657847,66.89453643935141,332.26869101949944,40.38461538461539,0.05
234,2025-02-28T20:00:00,SO2,47.20703290488747,2235.4174312319574,442.5369484175679,,1,33.04276544657847,66.89453643935141,332.26869101949944,49.23076923076923,0.05
234,2025-02-28T20:00:00,SO2,47.20703290488747,2235.4174312319574,442.5369484175679,1.163597149810708,1,33.04276544657847,66.89453643935141,332.26869101949944,58.07692307692308,0.05
234,2025-02-28T20:00:00,SO2,47.20703290488747,2235.4174312319574,442.5369484175679,1.163597149810708,1,33.04276544657847,66.89453643935141,332.26869101949944,66.92307692307693,0.05
234,2025-02-28T20:00:00,SO2,47.20703290488747,2235.4174312319574,442.5369484175679,1.163597149810708,1,33.04276544657847,66.89453643935141,332.26869101949944,75.76923076923077,0.05
234,2025-02-28T20:00:00,SO2,47.20703290488747,2235.4174312319574,442.5369484175679,1.163597149810708,1,33.04276544657847,66.89453643935141,332.26869101949944,84.61538461538461,0.05
234,2025-02-28T20:00:00,SO2,47.20703290488747,2235.4174312319574,442.5369484175679,1.163597149810708,1,33.04276544657847,66.89453643935141,332.26869101949944,93.46153846153847,0.05
234,2025-02-28T20:00:00,SO2,47.20703290488747,2235.4174312319574,442.5369484175679,1.163597149810708,1,33.04276544657847,66.89453643935141,332.26869101949944,102.30769230769232,0.05
234,2025-02-28T20:00:00,SO2,47.20703290488747,2235.4174312319574,442.5369484175679,1.163597149810708,1,33.04276544657847,66.89453643935141,332.26869101949944,111.15384615384616,0.05
234,2025-02-28T20:00:00,SO2,47.20703290488747,2235.4174312319574,442.5369484175679,1.163597149810708,1,33.04276544657847,66.89453643935141,332.26869101949944,120.0,0.05
235,2025-03-01T02:00:00,CO,74.0425072013067,6119.971448000988,253.29569995693186,0.3408604954031452,4,35.945673350662034,79.62474038989754,456.52530348040085,5.0,18.808581853082583
235,2025-03-01T02:00:00,CO,74.0425072013067,6119.971448000988,253.29569995693186,0.3408604954031452,4,35.945673350662034,79.62474038989754,456.52530348040085,13.846153846153847,0.059695005469890546
235,2025-03-01T02:00:00,CO,74.0425072013067,6119.971448000988,253.29569995693186,0.3408604954031452,4,35.945673350662034,79.62474038989754,456.52530348040085,22.692307692307693,0.05
235,2025-03-01T02:00:00,CO,74.0425072013067,6119.971448000988,253.29569995693186,0.3408604954031452,4,35.945673350662034,79.62474038989754,456.52530348040085,31.53846153846154,0.05
235,2025-03-01T02:00:00,CO,74.0425072013067,6119.971448000988,253.29569995693186,0.3408604954031452,4,35.945673350662034,79.62474038989754,456.52530348040085,40.38461538461539,0.05
235,2025-03-01T02:00:00,CO,74.0425072013067,6119.971448000988,253.29569995693186,0.3408604954031452,4,35.945673350662034,79.62474038989754,456.52530348040085,49.23076923076923,0.05
235,2025-03-01T02:00:00,CO,74.0425072013067,6119.971448000988,253.29569995693186,0.3408604954031452,4,35.945673350662034,79.62474038989754,456.52530348040085,58.07692307692308,0.05
235,2025-03-01T02:00:00,CO,74.0425072013067,6119.971448000988,253.29569995693186,0.3408604954031452,4,35.945673350662034,79.62474038989754,456.52530348040085,66.92307692307693,0.05
235,2025-03-01T02:00:00,CO,74.0425072013067,6119.971448000988,253.29569995693186,0.3408604954031452,4,35.945673350662034,79.62474038989754,456.52530348040085,75.76923076923077,0.05
235,2025-03-01T02:00:00,CO,74.0425072013067,6119.971448000988,253.29569995693186,0.3408604954031452,4,35.945673350662034,79.62474038989754,456.52530348040085,84.61538461538461,0.05
235,2025-03-01T02:00:00,CO,74.0425072013067,6119.971448000988,253.29569995693186,0.3408604954031452,4,35.945673350662034,79.62474038989754,456.52530348040085,93.46153846153847,0.05
235,2025-03-01T02:00:00,CO,74.0425072013067,6119.971448000988,253.29569995693186,0.3408604954031452,4,35.945673350662034,79.62474038989754,456.52530348040085,102.30769230769232,0.05
235,2025-03-01T02:00:00,CO,74.0425072013067,6119.971448000988,253.29569995693186,0.3408604954031452,4,35.945673350662034,79.62474038989754,456.52530348040085,111.15384615384616,0.05
235,2025-03-01T02:00:00,CO,74.0425072013067,6119.971448000988,253.29569995693186,0.3408604954031452,4,35.945673350662034,79.62474038989754,456.52530348040085,120.0,0.05
236,2025-03-01T08:00:00,CO,45.67131754801504,7986.431603810286,288.11685534400954,0.2640374370386897,4,32.696993079698736,71.12380194409452,84.82158549637049,5.0,17.6780962849825
236,2025-03-01T08:00:00,CO,45.67131754801504,7986.431603810286,288.11685534400954,0.2640374370386897,4,32.696993079698736,71.12380194409452,84.82158549637049,13.846153846153847,0.9351283223602966
236,2025-03-01T08:00:00,CO,45.67131754801504,7986.431603810286,288.11685534400954,0.2640374370386897,4,32.696993079698736,71.12380194409452,84.82158549637049,22.692307692307693,0.05504539607492419
236,2025-03-01T08:00:00,CO,45.67131754801504,7986.431603810286,288.11685534400954,0.2640374370386897,4,32.696993079698736,71.12380194409452,84.82158549637049,31.53846153846154,0.05
236,2025-03-01T08:00:00,CO,45.67131754801504,7986.431603810286,288.11685534400954,0.2640374370386897,4,32.696993079698736,71.12380194409452,84.82158549637049,40.38461538461539,0.05
236,2025-03-01T08:00:00,CO,45.67131754801504,7986.431603810286,288.11685534400954,0.2640374370386897,4,32.696993079698736,71.12380194409452,84.82158549637049,49.23076923076923,0.05
236,2025-03-01T08:00:00,CO,45.67131754801504,7986.431603810286,288.11685534400954,0.2640374370386897,4,32.696993079698736,71.12380194409452,84.82158549637049,58.07692307692308,0.05
236,2025-03-01T08:00:00,CO,45.67131754801504,7986.431603810286,288.11685534400954,0.2640374370386897,4,32.696993079698736,71.12380194409452,84.82158549637049,66.92307692307693,0.05
236,2025-03-01T08:00:00,CO,45.67131754801504,7986.431603810286,288.11685534400954,0.2640374370386897,4,32.696993079698736,71.12380194409452,84.82158549637049,75.76923076923077,0.05
236,2025-03-01T08:00:00,CO,45.67131754801504,7986.431603810286,288.11685534400954,0.2640374370386897,4,32.696993079698736,71.12380194409452,84.82158549637049,84.61538461538461,0.05
236,2025-03-01T08:00:00,CO,45.67131754801504,7986.431603810286,288.11685534400954,0.2640374370386897,4,32.696993079698736,71.12380194409452,84.82158549637049,93.46153846153847,0.05
236,2025-03-01T08:00:00,CO,45.67131754801504,7986.431603810286,288.11685534400954,0.2640374370386897,4,32.696993079698736,71.12380194409452,84.82158549637049,102.30769230769232,0.05
236,2025-03-01T08:00:00,CO,45.67131754801504,7986.431603810286,288.11685534400954,0.2640374370386897,4,32.696993079698736,71.12380194409452,84.82158549637049,111.15384615384616,0.05
236,2025-03-01T08:00:00,CO,45.67131754801504,7986.431603810286,288.11685534400954,0.2640374370386897,4,32.696993079698736,71.12380194409452,84.82158549637049,120.0,0.05
237,2025-03-01T14:00:00,NOx,36.57527783250471,7300.556565220706,64.13117145795943,0.8367157835601237,3,21.654553630762184,78.00287092549137,378.1246216547922,5.0,66.83071959689069
237,2025-03-01T14:00:00,NOx,36.57527783250471,7300.556565220706,64.13117145795943,0.8367157835601237,3,21.654553630762184,78.00287092549137,378.1246216547922,13.846153846153847,4.123603983984739
237,2025-03-01T14:00:00,NOx,36.57527783250471,7300.556565220706,64.13117145795943,0.8367157835601237,3,21.654553630762184,78.00287092549137,378.1246216547922,22.692307692307693,0.22162897329812162
237,2025-03-01T14:00:00,NOx,36.57527783250471,7300.556565220706,64.13117145795943,0.8367157835601237,3,21.654553630762184,78.00287092549137,378.1246216547922,31.53846153846154,0.05
237,2025-03-01T14:00:00,NOx,36.57527783250471,7300.556565220706,64.13117145795943,0.8367157835601237,3,21.654553630762184,78.00287092549137,378.1246216547922,40.38461538461539,0.05
237,2025-03-01T14:00:00,NOx,36.57527783250471,7300.556565220706,64.13117145795943,0.8367157835601237,3,21.654553630762184,78.00287092549137,378.1246216547922,49.23076923076923,0.05
237,2025-03-01T14:00:00,NOx,36.57527783250471,7300.556565220706,64.13117145795943,0.8367157835601237,3,21.654553630762184,78.00287092549137,378.1246216547922,58.07692307692308,0.05
237,2025-03-01T14:00:00,NOx,36.57527783250471,7300.556565220706,64.13117145795943,0.8367157835601237,3,21.654553630762184,78.00287092549137,378.1246216547922,66.92307692307693,0.05
237,2025-03-01T14:00:00,NOx,36.57527783250471,7300.556565220706,64.13117145795943,0.8367157835601237,3,21.654553630762184,78.00287092549137,378.1246216547922,75.76923076923077,0.05
237,2025-03-01T14:00:00,NOx,36.57527783250471,7300.556565220706,64.13117145795943,0.8367157835601237,3,21.654553630762184,78.00287092549137,378.1246216547922,84.61538461538461,0.05
237,2025-03-01T14:00:00,NOx,36.57527783250471,7300.556565220706,64.13117145795943,0.8367157835601237,3,21.654553630762184,78.00287092549137,378.1246216547922,93.46153846153847,0.05
237,2025-03-01T14:00:00,NOx,36.57527783250471,7300.556565220706,64.13117145795943,0.8367157835601237,3,21.654553630762184,78.00287092549137,378.1246216547922,102.30769230769232,0.05
237,2025-03-01T14:00:00,NOx,36.57527783250471,7300.556565220706,64.13117145795943,0.8367157835601237,3,21.654553630762184,78.00287092549137,378.1246216547922,111.15384615384616,0.05
237,2025-03-01T14:00:00,NOx,36.57527783250471,7300.556565220706,64.13117145795943,0.8367157835601237,3,21.654553630762184,78.00287092549137,378.1246216547922,120.0,0.05
238,2025-03-01T20:00:00,SO2,82.97433390981035,10121.57503100106,288.3796060986773,1.4229469478797214,3,28.982811537711594,,726.8809381392575,5.0,52.101181933221014
238,2025-03-01T20:00:00,SO2,82.97433390981035,10121.57503100106,288.3796060986773,1.4229469478797214,3,28.982811537711594,55.95342402666002,726.8809381392575,13.846153846153847,0.6359934750835282
238,2025-03-01T20:00:00,SO2,82.97433390981035,10121.57503100106,288.3796060986773,1.4229469478797214,3,,,726.8809381392575,22.692307692307693,0.05
238,2025-03-01T20:00:00,SO2,82.97433390981035,10121.57503100106,288.3796060986773,1.4229469478797214,3,28.982811537711594,55.95342402666002,726.8809381392575,31.53846153846154,0.05
238,2025-03-01T20:00:00,SO2,82.97433390981035,10121.57503100106,288.3796060986773,1.4229469478797214,3,28.982811537711594,55.95342402666002,726.8809381392575,40.38461538461539,0.05
238,2025-03-01T20:00:00,SO2,82.97433390981035,10121.57503100106,288.3796060986773,1.4229469478797214,3,28.982811537711594,55.95342402666002,726.8809381392575,49.23076923076923,0.05
238,2025-03-01T20:00:00,SO2,82.97433390981035,10121.57503100106,288.3796060986773,1.4229469478797214,3,28.982811537711594,55.95342402666002,726.8809381392575,58.07692307692308,0.05
238,2025-03-01T20:00:00,SO2,82.97433390981035,10121.57503100106,288.3796060986773,1.4229469478797214,3,28.982811537711594,55.95342402666002,726.8809381392575,66.92307692307693,0.05
238,2025-03-01T20:00:00,SO2,82.97433390981035,10121.57503100106,288.3796060986773,1.4229469478797214,3,28.982811537711594,55.95342402666002,726.8809381392575,75.76923076923077,0.05
238,2025-03-01T20:00:00,SO2,82.97433390981035,10121.57503100106,288.3796060986773,1.4229469478797214,3,28.982811537711594,55.95342402666002,726.8809381392575,84.61538461538461,0.05
238,2025-03-01T20:00:00,SO2,82.97433390981035,10121.57503100106,288.3796060986773,1.4229469478797214,3,28.982811537711594,55.95342402666002,726.8809381392575,93.46153846153847,0.05
238,2025-03-01T20:00:00,SO2,82.97433390981035,10121.57503100106,288.3796060986773,1.4229469478797214,3,28.982811537711594,55.95342402666002,726.8809381392575,102.30769230769232,0.05
238,2025-03-01T20:00:00,SO2,82.97433390981035,10121.57503100106,288.3796060986773,1.4229469478797214,3,28.982811537711594,55.95342402666002,726.8809381392575,111.15384615384616,0.05
238,2025-03-01T20:00:00,SO2,82.97433390981035,10121.57503100106,288.3796060986773,1.4229469478797214,3,28.982811537711594,,726.8809381392575,120.0,0.05
239,2025-03-02T02:00:00,CO,69.71724684211937,10382.781158685784,344.78060423148764,0.6429825209914561,1,20.477812185767156,79.04090198573458,689.1074474404804,5.0,183.73367451883075
239,2025-03-02T02:00:00,CO,69.71724684211937,10382.781158685784,344.78060423148764,0.6429825209914561,1,20.477812185767156,79.04090198573458,689.1074474404804,13.846153846153847,17.615713817173994
239,2025-03-02T02:00:00,CO,69.71724684211937,10382.781158685784,344.78060423148764,0.6429825209914561,1,20.477812185767156,79.04090198573458,689.1074474404804,22.692307692307693,1.382427800725371
239,2025-03-02T02:00:00,CO,69.71724684211937,10382.781158685784,344.78060423148764,0.6429825209914561,1,20.477812185767156,79.04090198573458,689.1074474404804,31.53846153846154,0.13532326150138665
239,2025-03-02T02:00:00,CO,69.71724684211937,10382.781158685784,344.78060423148764,0.6429825209914561,1,20.477812185767156,79.04090198573458,689.1074474404804,40.38461538461539,0.05
239,2025-03-02T02:00:00,CO,69.71724684211937,10382.781158685784,344.78060423148764,0.6429825209914561,1,20.477812185767156,79.04090198573458,689.1074474404804,49.23076923076923,0.05
239,2025-03-02T02:00:00,CO,69.71724684211937,10382.781158685784,344.78060423148764,0.6429825209914561,1,20.477812185767156,79.04090198573458,689.1074474404804,58.07692307692308,0.05
239,2025-03-02T02:00:00,CO,69.71724684211937,10382.781158685784,344.78060423148764,0.6429825209914561,1,20.477812185767156,79.04090198573458,689.1074474404804,66.92307692307693,0.05
239,2025-03-02T02:00:00,CO,69.71724684211937,10382.781158685784,344.78060423148764,0.6429825209914561,1,20.477812185767156,79.04090198573458,689.1074474404804,75.76923076923077,0.05
239,2025-03-02T02:00:00,CO,69.71724684211937,10382.781158685784,344.78060423148764,0.6429825209914561,1,20.477812185767156,79.04090198573458,689.1074474404804,84.61538461538461,0.05
239,2025-03-02T02:00:00,CO,69.71724684211937,10382.781158685784,344.78060423148764,0.6429825209914561,1,20.477812185767156,79.04090198573458,689.1074474404804,93.46153846153847,0.05
239,2025-03-02T02:00:00,CO,69.71724684211937,10382.781158685784,344.78060423148764,0.6429825209914561,1,20.477812185767156,79.04090198573458,689.1074474404804,102.30769230769232,0.05
239,2025-03-02T02:00:00,CO,69.71724684211937,10382.781158685784,344.78060423148764,0.6429825209914561,1,20.477812185767156,79.04090198573458,689.1074474404804,111.15384615384616,0.05
239,2025-03-02T02:00:00,CO,69.71724684211937,10382.781158685784,344.78060423148764,0.6429825209914561,1,20.477812185767156,79.04090198573458,689.1074474404804,120.0,0.05
240,2025-03-02T08:00:00,CO,33.41618529599497,10053.950957433974,448.63780272060603,0.3827580102777261,4,33.26774108286567,28.861256902992373,92.10568820928407,5.0,38.62678624910563
240,2025-03-02T08:00:00,CO,33.41618529599497,10053.950957433974,448.63780272060603,0.3827580102777261,4,33.26774108286567,28.861256902992373,92.10568820928407,13.846153846153847,9.87955114125726
240,2025-03-02T08:00:00,CO,33.41618529599497,10053.950957433974,448.63780272060603,0.3827580102777261,4,33.26774108286567,28.861256902992373,92.10568820928407,22.692307692307693,2.381857569390439
240,2025-03-02T08:00:00,CO,33.41618529599497,10053.950957433974,448.63780272060603,0.3827580102777261,4,33.26774108286567,28.861256902992373,92.10568820928407,31.53846153846154,0.5965815782868147
240,2025-03-02T08:00:00,CO,33.41618529599497,10053.950957433974,448.63780272060603,0.3827580102777261,4,33.26774108286567,28.861256902992373,92.10568820928407,40.38461538461539,0.13853865747701527
240,2025-03-02T08:00:00,CO,33.41618529599497,10053.950957433974,448.63780272060603,0.3827580102777261,4,33.26774108286567,28.861256902992373,92.10568820928407,49.23076923076923,0.05
240,2025-03-02T08:00:00,CO,33.41618529599497,10053.950957433974,448.63780272060603,0.3827580102777261,4,33.26774108286567,28.861256902992373,92.10568820928407,58.07692307692308,0.05
240,2025-03-02T08:00:00,CO,33.41618529599497,10053.950957433974,448.63780272060603,0.3827580102777261,4,33.26774108286567,28.861256902992373,92.10568820928407,66.92307692307693,0.05
240,2025-03-02T08:00:00,CO,33.41618529599497,10053.950957433974,448.63780272060603,0.3827580102777261,4,33.26774108286567,28.861256902992373,92.10568820928407,75.76923076923077,0.05
240,2025-03-02T08:00:00,CO,33.41618529599497,10053.950957433974,448.63780272060603,0.3827580102777261,4,33.26774108286567,28.861256902992373,92.10568820928407,84.61538461538461,0.05
240,2025-03-02T08:00:00,CO,33.41618529599497,10053.950957433974,448.63780272060603,0.3827580102777261,4,33.26774108286567,28.861256902992373,92.10568820928407,93.46153846153847,0.05
240,2025-03-02T08:00:00,CO,33.41618529599497,10053.950957433974,448.63780272060603,0.3827580102777261,4,33.26774108286567,28.861256902992373,92.10568820928407,102.30769230769232,0.05
240,2025-03-02T08:00:00,CO,33.41618529599497,10053.950957433974,448.63780272060603,0.3827580102777261,4,33.26774108286567,28.861256902992373,92.10568820928407,111.15384615384616,0.05
240,2025-03-02T08:00:00,CO,33.41618529599497,10053.950957433974,448.63780272060603,0.3827580102777261,4,33.26774108286567,28.861256902992373,92.10568820928407,120.0,0.05
241,2025-03-02T14:00:00,SO2,53.121321267019894,8859.239940593656,298.9430608722833,1.3134661704690465,0,35.93885583666615,65.80365132580567,91.40606142232892,5.0,23.849397417677775
241,2025-03-02T14:00:00,SO2,53.121321267019894,8859.239940593656,298.9430608722833,1.3134661704690465,0,35.93885583666615,65.80365132580567,91.40606142232892,13.846153846153847,2.8394994858343887
241,2025-03-02T14:00:00,SO2,53.121321267019894,8859.239940593656,298.9430608722833,1.3134661704690465,0,35.93885583666615,65.80365132580567,91.40606142232892,22.692307692307693,0.2759703833182586
241,2025-03-02T14:00:00,SO2,53.121321267019894,8859.239940593656,298.9430608722833,1.3134661704690465,0,35.93885583666615,65.80365132580567,91.40606142232892,31.53846153846154,0.05
241,2025-03-02T14:00:00,SO2,53.121321267019894,8859.239940593656,298.9430608722833,1.3134661704690465,0,35.93885583666615,65.80365132580567,91.40606142232892,40.38461538461539,0.05
241,2025-03-02T14:00:00,SO2,53.121321267019894,8859.239940593656,298.9430608722833,1.3134661704690465,0,,,91.40606142232892,49.23076923076923,0.05
241,2025-03-02T14:00:00,SO2,53.121321267019894,8859.239940593656,298.9430608722833,1.3134661704690465,0,35.93885583666615,65.80365132580567,91.40606142232892,58.07692307692308,0.05
241,2025-03-02T14:00:00,SO2,53.121321267019894,8859.239940593656,298.9430608722833,1.3134661704690465,0,35.93885583666615,65.80365132580567,91.40606142232892,66.92307692307693,0.05
241,2025-03-02T14:00:00,SO2,53.121321267019894,8859.239940593656,298.9430608722833,1.3134661704690465,0,35.93885583666615,65.80365132580567,91.40606142232892,75.76923076923077,0.05
241,2025-03-02T14:00:00,SO2,53.121321267019894,8859.239940593656,298.9430608722833,1.3134661704690465,0,35.93885583666615,65.80365132580567,91.40606142232892,84.61538461538461,0.05
241,2025-03-02T14:00:00,SO2,53.121321267019894,8859.239940593656,298.9430608722833,1.3134661704690465,0,35.93885583666615,,91.40606142232892,93.46153846153847,0.05
241,2025-03-02T14:00:00,SO2,53.121321267019894,8859.239940593656,298.9430608722833,1.3134661704690465,0,35.93885583666615,65.80365132580567,91.40606142232892,102.30769230769232,0.05
241,2025-03-02T14:00:00,SO2,53.121321267019894,8859.239940593656,298.9430608722833,1.3134661704690465,0,35.93885583666615,65.80365132580567,91.40606142232892,111.15384615384616,0.05
241,2025-03-02T14:00:00,SO2,53.121321267019894,8859.239940593656,298.9430608722833,,0,35.93885583666615,65.80365132580567,91.40606142232892,120.0,0.05
242,2025-03-02T20:00:00,SO2,92.42176413376568,11236.428595857045,227.39577158009212,0.8079448735862859,4,30.3261419210418,46.09356321828002,607.1676578263247,5.0,42.54709669317365
242,2025-03-02T20:00:00,SO2,92.42176413376568,11236.428595857045,227.39577158009212,0.8079448735862859,4,30.3261419210418,46.09356321828002,607.1676578263247,13.846153846153847,0.31840390363212806
242,2025-03-02T20:00:00,SO2,92.42176413376568,11236.428595857045,227.39577158009212,0.8079448735862859,4,30.3261419210418,46.09356321828002,607.1676578263247,22.692307692307693,0.05
242,2025-03-02T20:00:00,SO2,92.42176413376568,11236.428595857045,227.39577158009212,0.8079448735862859,4,30.3261419210418,46.09356321828002,607.1676578263247,31.53846153846154,0.05
242,2025-03-02T20:00:00,SO2,92.42176413376568,11236.428595857045,227.39577158009212,0.8079448735862859,4,30.3261419210418,46.09356321828002,607.1676578263247,40.38461538461539,0.05
242,2025-03-02T20:00:00,SO2,92.42176413376568,11236.428595857045,227.39577158009212,0.8079448735862859,4,30.3261419210418,46.09356321828002,607.1676578263247,49.23076923076923,0.05
242,2025-03-02T20:00:00,SO2,92.42176413376568,11236.428595857045,227.39577158009212,0.8079448735862859,4,30.3261419210418,46.09356321828002,607.1676578263247,58.07692307692308,0.05
242,2025-03-02T20:00:00,SO2,92.42176413376568,11236.428595857045,227.39577158009212,0.8079448735862859,4,30.3261419210418,46.09356321828002,607.1676578263247,66.92307692307693,0.05
242,2025-03-02T20:00:00,SO2,92.42176413376568,11236.428595857045,227.39577158009212,0.8079448735862859,4,30.3261419210418,46.09356321828002,607.1676578263247,75.76923076923077,0.05
242,2025-03-02T20:00:00,SO2,92.42176413376568,11236.428595857045,227.39577158009212,0.8079448735862859,4,30.3261419210418,46.09356321828002,607.1676578263247,84.61538461538461,0.05
242,2025-03-02T20:00:00,SO2,92.42176413376568,11236.428595857045,227.39577158009212,0.8079448735862859,4,30.3261419210418,46.09356321828002,607.1676578263247,93.46153846153847,0.05
242,2025-03-02T20:00:00,SO2,92.42176413376568,11236.428595857045,227.39577158009212,0.8079448735862859,4,30.3261419210418,46.09356321828002,607.1676578263247,102.30769230769232,0.05
242,2025-03-02T20:00:00,SO2,92.42176413376568,11236.428595857045,227.39577158009212,0.8079448735862859,4,30.3261419210418,46.09356321828002,607.1676578263247,111.15384615384616,0.05
242,2025-03-02T20:00:00,SO2,92.42176413376568,11236.428595857045,227.39577158009212,0.8079448735862859,4,30.3261419210418,46.09356321828002,607.1676578263247,120.0,0.05
243,2025-03-03T02:00:00,NOx,106.9563925358651,9924.262180104719,370.94511286128613,0.8750859533199679,1,34.399798955575456,66.44228878127802,140.6630625895953,5.0,20.694140018754872
243,2025-03-03T02:00:00,NOx,106.9563925358651,9924.262180104719,370.94511286128613,0.8750859533199679,1,34.399798955575456,66.44228878127802,140.6630625895953,13.846153846153847,0.7514771119325483
243,2025-03-03T02:00:00,NOx,106.9563925358651,9924.262180104719,370.94511286128613,,1,34.399798955575456,66.44228878127802,140.6630625895953,22.692307692307693,0.05
243,2025-03-03T02:00:00,NOx,106.9563925358651,9924.262180104719,370.94511286128613,0.8750859533199679,1,34.399798955575456,66.44228878127802,140.6630625895953,31.53846153846154,0.05
243,2025-03-03T02:00:00,NOx,106.9563925358651,9924.262180104719,370.94511286128613,0.8750859533199679,1,34.399798955575456,66.44228878127802,140.6630625895953,40.38461538461539,0.05
243,2025-03-03T02:00:00,NOx,106.9563925358651,9924.262180104719,370.94511286128613,0.8750859533199679,1,34.399798955575456,66.44228878127802,140.6630625895953,49.23076923076923,0.05
243,2025-03-03T02:00:00,NOx,106.9563925358651,9924.262180104719,370.94511286128613,0.8750859533199679,1,34.399798955575456,66.44228878127802,140.6630625895953,58.07692307692308,0.05
243,2025-03-03T02:00:00,NOx,106.9563925358651,9924.262180104719,370.94511286128613,0.8750859533199679,1,34.399798955575456,66.44228878127802,140.6630625895953,66.92307692307693,0.05
243,2025-03-03T02:00:00,NOx,106.9563925358651,9924.262180104719,370.94511286128613,0.8750859533199679,1,34.399798955575456,66.44228878127802,140.6630625895953,75.76923076923077,0.05
243,2025-03-03T02:00:00,NOx,106.9563925358651,9924.262180104719,370.94511286128613,0.8750859533199679,1,34.399798955575456,66.44228878127802,140.6630625895953,84.61538461538461,0.05
243,2025-03-03T02:00:00,NOx,106.9563925358651,9924.262180104719,370.94511286128613,0.8750859533199679,1,34.399798955575456,66.44228878127802,140.6630625895953,93.46153846153847,0.05
243,2025-03-03T02:00:00,NOx,106.9563925358651,9924.262180104719,370.94511286128613,0.8750859533199679,1,34.399798955575456,66.44228878127802,140.6630625895953,102.30769230769232,0.05
243,2025-03-03T02:00:00,NOx,106.9563925358651,9924.262180104719,370.94511286128613,0.8750859533199679,1,34.399798955575456,66.44228878127802,140.6630625895953,111.15384615384616,0.05
243,2025-03-03T02:00:00,NOx,106.9563925358651,9924.262180104719,370.94511286128613,0.8750859533199679,1,34.399798955575456,66.44228878127802,140.6630625895953,120.0,0.05
244,2025-03-03T08:00:00,CO,93.53483026485372,6554.117050658928,61.37111041392379,1.1666635380288517,2,28.47254339089369,72.62793865898577,268.18856255826915,5.0,4.615512154382246
244,2025-03-03T08:00:00,CO,93.53483026485372,6554.117050658928,61.37111041392379,1.1666635380288517,2,28.47254339089369,72.62793865898577,268.18856255826915,13.846153846153847,0.05
244,2025-03-03T08:00:00,CO,93.53483026485372,6554.117050658928,61.37111041392379,1.1666635380288517,2,28.47254339089369,72.62793865898577,268.18856255826915,22.692307692307693,0.05
244,2025-03-03T08:00:00,CO,93.53483026485372,6554.117050658928,61.37111041392379,1.1666635380288517,2,28.47254339089369,72.62793865898577,268.18856255826915,31.53846153846154,0.05
244,2025-03-03T08:00:00,CO,93.53483026485372,6554.117050658928,61.37111041392379,1.1666635380288517,2,28.47254339089369,72.62793865898577,268.18856255826915,40.38461538461539,0.05
244,2025-03-03T08:00:00,CO,93.53483026485372,6554.117050658928,61.37111041392379,1.1666635380288517,2,28.47254339089369,72.62793865898577,268.18856255826915,49.23076923076923,0.05
244,2025-03-03T08:00:00,CO,93.53483026485372,6554.117050658928,61.37111041392379,1.1666635380288517,2,28.47254339089369,72.62793865898577,268.18856255826915,58.07692307692308,0.05
244,2025-03-03T08:00:00,CO,93.53483026485372,6554.117050658928,61.37111041392379,1.1666635380288517,2,28.47254339089369,72.62793865898577,268.18856255826915,66.92307692307693,0.05
244,2025-03-03T08:00:00,CO,93.53483026485372,6554.117050658928,61.37111041392379,1.1666635380288517,2,28.47254339089369,72.62793865898577,268.18856255826915,75.76923076923077,0.05
244,2025-03-03T08:00:00,CO,93.53483026485372,6554.117050658928,61.37111041392379,1.1666635380288517,2,28.47254339089369,72.62793865898577,268.18856255826915,84.61538461538461,0.05
244,2025-03-03T08:00:00,CO,93.53483026485372,6554.117050658928,61.37111041392379,1.1666635380288517,2,28.47254339089369,72.62793865898577,268.18856255826915,93.46153846153847,0.05
244,2025-03-03T08:00:00,CO,93.53483026485372,6554.117050658928,61.37111041392379,1.1666635380288517,2,28.47254339089369,72.62793865898577,268.18856255826915,102.30769230769232,0.05
244,2025-03-03T08:00:00,CO,93.53483026485372,6554.117050658928,61.37111041392379,1.1666635380288517,2,28.47254339089369,72.62793865898577,268.18856255826915,111.15384615384616,0.05
244,2025-03-03T08:00:00,CO,93.53483026485372,6554.117050658928,61.37111041392379,1.1666635380288517,2,28.47254339089369,72.62793865898577,268.18856255826915,120.0,0.05
245,2025-03-03T14:00:00,CO,82.56334295312743,6954.0387926073745,70.48526473741865,1.4298886455192874,3,28.252264961072573,53.401660791847924,190.81389584051936,5.0,3.4405114624699467
245,2025-03-03T14:00:00,CO,82.56334295312743,6954.0387926073745,70.48526473741865,1.4298886455192874,3,28.252264961072573,53.401660791847924,190.81389584051936,13.846153846153847,0.05
245,2025-03-03T14:00:00,CO,82.56334295312743,6954.0387926073745,70.48526473741865,1.4298886455192874,3,28.252264961072573,53.401660791847924,190.81389584051936,22.692307692307693,0.05
245,2025-03-03T14:00:00,CO,82.56334295312743,6954.0387926073745,70.48526473741865,1.4298886455192874,3,28.252264961072573,53.401660791847924,190.81389584051936,31.53846153846154,0.05
245,2025-03-03T14:00:00,CO,82.56334295312743,6954.0387926073745,70.48526473741865,1.4298886455192874,3,28.252264961072573,53.401660791847924,190.81389584051936,40.38461538461539,0.05
245,2025-03-03T14:00:00,CO,82.56334295312743,6954.0387926073745,70.48526473741865,1.4298886455192874,3,28.252264961072573,53.401660791847924,190.81389584051936,49.23076923076923,0.05
245,2025-03-03T14:00:00,CO,82.56334295312743,6954.0387926073745,70.48526473741865,1.4298886455192874,3,28.252264961072573,53.401660791847924,190.81389584051936,58.07692307692308,0.05
245,2025-03-03T14:00:00,CO,82.56334295312743,6954.0387926073745,70.48526473741865,1.4298886455192874,3,28.252264961072573,53.401660791847924,190.81389584051936,66.92307692307693,0.05
245,2025-03-03T14:00:00,CO,82.56334295312743,6954.0387926073745,70.48526473741865,1.4298886455192874,3,28.252264961072573,53.401660791847924,190.81389584051936,75.76923076923077,0.05
245,2025-03-03T14:00:00,CO,82.56334295312743,6954.0387926073745,70.48526473741865,1.4298886455192874,3,28.252264961072573,53.401660791847924,190.81389584051936,84.61538461538461,0.05
245,2025-03-03T14:00:00,CO,82.56334295312743,6954.0387926073745,70.48526473741865,1.4298886455192874,3,28.252264961072573,53.401660791847924,190.81389584051936,93.46153846153847,0.05
245,2025-03-03T14:00:00,CO,82.56334295312743,6954.0387926073745,70.48526473741865,1.4298886455192874,3,28.252264961072573,53.401660791847924,190.81389584051936,102.30769230769232,0.05
245,2025-03-03T14:00:00,CO,82.56334295312743,6954.0387926073745,70.48526473741865,1.4298886455192874,3,28.252264961072573,53.401660791847924,190.81389584051936,111.15384615384616,0.05
245,2025-03-03T14:00:00,CO,82.56334295312743,6954.0387926073745,70.48526473741865,,3,28.252264961072573,53.401660791847924,190.81389584051936,120.0,0.05
246,2025-03-03T20:00:00,SO2,74.79195343957016,6553.647661071003,262.86895043854156,0.5908091992403981,2,18.6133395692806,63.760703438250374,598.1697109359114,5.0,43.21955172777439
246,2025-03-03T20:00:00,SO2,74.79195343957016,6553.647661071003,262.86895043854156,0.5908091992403981,2,18.6133395692806,63.760703438250374,598.1697109359114,13.846153846153847,0.29622277095156996
246,2025-03-03T20:00:00,SO2,74.79195343957016,6553.647661071003,262.86895043854156,0.5908091992403981,2,18.6133395692806,,598.1697109359114,22.692307692307693,0.05
246,2025-03-03T20:00:00,SO2,74.79195343957016,6553.647661071003,262.86895043854156,0.5908091992403981,2,18.6133395692806,63.760703438250374,598.1697109359114,31.53846153846154,0.05
246,2025-03-03T20:00:00,SO2,74.79195343957016,6553.647661071003,262.86895043854156,0.5908091992403981,2,18.6133395692806,63.760703438250374,598.1697109359114,40.38461538461539,0.05
246,2025-03-03T20:00:00,SO2,74.79195343957016,6553.647661071003,262.86895043854156,0.5908091992403981,2,18.6133395692806,63.760703438250374,598.1697109359114,49.23076923076923,0.05
246,2025-03-03T20:00:00,SO2,74.79195343957016,6553.647661071003,262.86895043854156,0.5908091992403981,2,18.6133395692806,63.760703438250374,598.1697109359114,58.07692307692308,0.05
246,2025-03-03T20:00:00,SO2,74.79195343957016,6553.647661071003,262.86895043854156,0.5908091992403981,2,18.6133395692806,63.760703438250374,598.1697109359114,66.92307692307693,0.05
246,2025-03-03T20:00:00,SO2,74.79195343957016,6553.647661071003,262.86895043854156,0.5908091992403981,2,18.6133395692806,63.760703438250374,598.1697109359114,75.76923076923077,0.05
246,2025-03-03T20:00:00,SO2,74.79195343957016,6553.647661071003,262.86895043854156,0.5908091992403981,2,18.6133395692806,63.760703438250374,598.1697109359114,84.61538461538461,0.05
246,2025-03-03T20:00:00,SO2,74.79195343957016,6553.647661071003,262.86895043854156,0.5908091992403981,2,18.6133395692806,63.760703438250374,598.1697109359114,93.46153846153847,0.05
246,2025-03-03T20:00:00,SO2,74.79195343957016,6553.647661071003,262.86895043854156,0.5908091992403981,2,18.6133395692806,63.760703438250374,598.1697109359114,102.30769230769232,0.05
246,2025-03-03T20:00:00,SO2,74.79195343957016,6553.647661071003,262.86895043854156,0.5908091992403981,2,18.6133395692806,63.760703438250374,598.1697109359114,111.15384615384616,0.05
246,2025-03-03T20:00:00,SO2,74.79195343957016,6553.647661071003,262.86895043854156,0.5908091992403981,2,18.6133395692806,63.760703438250374,598.1697109359114,120.0,0.05
247,2025-03-04T02:00:00,CO,45.64827894654777,3303.184556030005,359.7865770961402,1.5457486744647841,3,27.849996973561854,27.52183848591953,238.03268048336167,5.0,3.85930325845192
247,2025-03-04T02:00:00,CO,45.64827894654777,3303.184556030005,359.7865770961402,1.5457486744647841,3,27.849996973561854,27.52183848591953,238.03268048336167,13.846153846153847,0.05
247,2025-03-04T02:00:00,CO,45.64827894654777,3303.184556030005,359.7865770961402,1.5457486744647841,3,27.849996973561854,27.52183848591953,238.03268048336167,22.692307692307693,0.05
247,2025-03-04T02:00:00,CO,45.64827894654777,3303.184556030005,359.7865770961402,1.5457486744647841,3,27.849996973561854,27.52183848591953,238.03268048336167,31.53846153846154,0.05
247,2025-03-04T02:00:00,CO,45.64827894654777,3303.184556030005,359.7865770961402,1.5457486744647841,3,27.849996973561854,27.52183848591953,238.03268048336167,40.38461538461539,0.05
247,2025-03-04T02:00:00,CO,45.64827894654777,3303.184556030005,359.7865770961402,1.5457486744647841,3,27.849996973561854,27.52183848591953,238.03268048336167,49.23076923076923,0.05
247,2025-03-04T02:00:00,CO,45.64827894654777,3303.184556030005,359.7865770961402,1.5457486744647841,3,27.849996973561854,27.52183848591953,238.03268048336167,58.07692307692308,0.05
247,2025-03-04T02:00:00,CO,45.64827894654777,3303.184556030005,359.7865770961402,1.5457486744647841,3,27.849996973561854,27.52183848591953,238.03268048336167,66.92307692307693,0.05
247,2025-03-04T02:00:00,CO,45.64827894654777,3303.184556030005,359.7865770961402,1.5457486744647841,3,27.849996973561854,27.52183848591953,238.03268048336167,75.76923076923077,0.05
247,2025-03-04T02:00:00,CO,45.64827894654777,3303.184556030005,359.7865770961402,1.5457486744647841,3,27.849996973561854,27.52183848591953,238.03268048336167,84.61538461538461,0.05
247,2025-03-04T02:00:00,CO,45.64827894654777,3303.184556030005,359.7865770961402,1.5457486744647841,3,27.849996973561854,27.52183848591953,238.03268048336167,93.46153846153847,0.05
247,2025-03-04T02:00:00,CO,45.64827894654777,3303.184556030005,359.7865770961402,1.5457486744647841,3,27.849996973561854,27.52183848591953,238.03268048336167,102.30769230769232,0.05
247,2025-03-04T02:00:00,CO,45.64827894654777,3303.184556030005,359.7865770961402,1.5457486744647841,3,27.849996973561854,27.52183848591953,238.03268048336167,111.15384615384616,0.05
247,2025-03-04T02:00:00,CO,45.64827894654777,3303.184556030005,359.7865770961402,1.5457486744647841,3,27.849996973561854,27.52183848591953,238.03268048336167,120.0,0.05
248,2025-03-04T08:00:00,CO,98.16504857327593,6006.556587208379,400.18325582903014,1.107829518267963,0,23.8447021226403,33.02083141310401,770.4910170814787,5.0,8.947452903622503
248,2025-03-04T08:00:00,CO,98.16504857327593,6006.556587208379,400.18325582903014,1.107829518267963,0,23.8447021226403,33.02083141310401,770.4910170814787,13.846153846153847,0.05
248,2025-03-04T08:00:00,CO,98.16504857327593,6006.556587208379,400.18325582903014,1.107829518267963,0,23.8447021226403,33.02083141310401,770.4910170814787,22.692307692307693,0.05
248,2025-03-04T08:00:00,CO,98.16504857327593,6006.556587208379,400.18325582903014,1.107829518267963,0,23.8447021226403,33.02083141310401,770.4910170814787,31.53846153846154,0.05
248,2025-03-04T08:00:00,CO,98.16504857327593,6006.556587208379,400.18325582903014,1.107829518267963,0,23.8447021226403,33.02083141310401,770.4910170814787,40.38461538461539,0.05
248,2025-03-04T08:00:00,CO,98.16504857327593,6006.556587208379,400.18325582903014,1.107829518267963,0,23.8447021226403,33.02083141310401,770.4910170814787,49.23076923076923,0.05
248,2025-03-04T08:00:00,CO,98.16504857327593,6006.556587208379,400.18325582903014,1.107829518267963,0,23.8447021226403,33.02083141310401,770.4910170814787,58.07692307692308,0.05
248,2025-03-04T08:00:00,CO,98.16504857327593,6006.556587208379,400.18325582903014,1.107829518267963,0,23.8447021226403,33.02083141310401,770.4910170814787,66.92307692307693,0.05
248,2025-03-04T08:00:00,CO,98.16504857327593,6006.556587208379,400.18325582903014,1.107829518267963,0,23.8447021226403,33.02083141310401,770.4910170814787,75.76923076923077,0.05
248,2025-03-04T08:00:00,CO,98.16504857327593,6006.556587208379,400.18325582903014,1.107829518267963,0,23.8447021226403,33.02083141310401,770.4910170814787,84.61538461538461,0.05
248,2025-03-04T08:00:00,CO,98.16504857327593,6006.556587208379,400.18325582903014,1.107829518267963,0,23.8447021226403,33.02083141310401,770.4910170814787,93.46153846153847,0.05
248,2025-03-04T08:00:00,CO,98.16504857327593,6006.556587208379,400.18325582903014,1.107829518267963,0,23.8447021226403,33.02083141310401,770.4910170814787,102.30769230769232,0.05
248,2025-03-04T08:00:00,CO,98.16504857327593,6006.556587208379,400.18325582903014,1.107829518267963,0,23.8447021226403,33.02083141310401,770.4910170814787,111.15384615384616,0.05
248,2025-03-04T08:00:00,CO,98.16504857327593,6006.556587208379,400.18325582903014,1.107829518267963,0,,33.02083141310401,770.4910170814787,120.0,0.05
249,2025-03-04T14:00:00,SO2,100.265399682054,10627.472645233102,49.29353878482359,1.5898192581962687,3,22.95558828879389,43.56602116284097,229.49515418473905,5.0,9.71362309533702
249,2025-03-04T14:00:00,SO2,100.265399682054,10627.472645233102,49.29353878482359,1.5898192581962687,3,22.95558828879389,43.56602116284097,229.49515418473905,13.846153846153847,0.05
249,2025-03-04T14:00:00,SO2,100.265399682054,10627.472645233102,49.29353878482359,1.5898192581962687,3,22.95558828879389,43.56602116284097,229.49515418473905,22.692307692307693,0.05
249,2025-03-04T14:00:00,SO2,100.265399682054,10627.472645233102,49.29353878482359,1.5898192581962687,3,22.95558828879389,43.56602116284097,229.49515418473905,31.53846153846154,0.05
249,2025-03-04T14:00:00,SO2,100.265399682054,10627.472645233102,49.29353878482359,1.5898192581962687,3,22.95558828879389,43.56602116284097,229.49515418473905,40.38461538461539,0.05
249,2025-03-04T14:00:00,SO2,100.265399682054,10627.472645233102,49.29353878482359,1.5898192581962687,3,22.95558828879389,43.56602116284097,229.49515418473905,49.23076923076923,0.05
249,2025-03-04T14:00:00,SO2,100.265399682054,10627.472645233102,49.29353878482359,1.5898192581962687,3,22.95558828879389,43.56602116284097,229.49515418473905,58.07692307692308,0.05
249,2025-03-04T14:00:00,SO2,100.265399682054,10627.472645233102,49.29353878482359,1.5898192581962687,3,22.95558828879389,43.56602116284097,229.49515418473905,66.92307692307693,0.05
249,2025-03-04T14:00:00,SO2,100.265399682054,10627.472645233102,49.29353878482359,1.5898192581962687,3,22.95558828879389,43.56602116284097,229.49515418473905,75.76923076923077,0.05
249,2025-03-04T14:00:00,SO2,100.265399682054,10627.472645233102,49.29353878482359,1.5898192581962687,3,22.95558828879389,43.56602116284097,229.49515418473905,84.61538461538461,0.05
249,2025-03-04T14:00:00,SO2,100.265399682054,10627.472645233102,49.29353878482359,1.5898192581962687,3,22.95558828879389,43.56602116284097,229.49515418473905,93.46153846153847,0.05
249,2025-03-04T14:00:00,SO2,100.265399682054,10627.472645233102,49.29353878482359,1.5898192581962687,3,22.95558828879389,43.56602116284097,229.49515418473905,102.30769230769232,0.05
249,2025-03-04T14:00:00,SO2,100.265399682054,10627.472645233102,49.29353878482359,1.5898192581962687,3,22.95558828879389,43.56602116284097,229.49515418473905,111.15384615384616,0.05
249,2025-03-04T14:00:00,SO2,100.265399682054,10627.472645233102,49.29353878482359,1.5898192581962687,3,22.95558828879389,43.56602116284097,229.49515418473905,120.0,0.05
250,2025-03-04T20:00:00,NOx,49.47934360478775,5904.296184954334,222.34362426979595,0.31153388245118524,2,30.821287262304054,57.76313476452603,97.21566237149831,5.0,11.951385519474998
250,2025-03-04T20:00:00,NOx,49.47934360478775,5904.296184954334,222.34362426979595,0.31153388245118524,2,30.821287262304054,57.76313476452603,97.21566237149831,13.846153846153847,0.4046945311724662
250,2025-03-04T20:00:00,NOx,49.47934360478775,5904.296184954334,222.34362426979595,0.31153388245118524,2,30.821287262304054,57.76313476452603,97.21566237149831,22.692307692307693,0.05
250,2025-03-04T20:00:00,NOx,49.47934360478775,5904.296184954334,222.34362426979595,0.31153388245118524,2,30.821287262304054,57.76313476452603,97.21566237149831,31.53846153846154,0.05
250,2025-03-04T20:00:00,NOx,49.47934360478775,5904.296184954334,222.34362426979595,0.31153388245118524,2,30.821287262304054,57.76313476452603,97.21566237149831,40.38461538461539,0.05
250,2025-03-04T20:00:00,NOx,49.47934360478775,5904.296184954334,222.34362426979595,0.31153388245118524,2,30.821287262304054,57.76313476452603,97.21566237149831,49.23076923076923,0.05
250,2025-03-04T20:00:00,NOx,49.47934360478775,5904.296184954334,222.34362426979595,0.31153388245118524,2,30.821287262304054,57.76313476452603,97.21566237149831,58.07692307692308,0.05
250,2025-03-04T20:00:00,NOx,49.47934360478775,5904.296184954334,222.34362426979595,0.31153388245118524,2,30.821287262304054,57.76313476452603,97.21566237149831,66.92307692307693,0.05
250,2025-03-04T20:00:00,NOx,49.47934360478775,5904.296184954334,222.34362426979595,0.31153388245118524,2,30.821287262304054,57.76313476452603,97.21566237149831,75.76923076923077,0.05
250,2025-03-04T20:00:00,NOx,49.47934360478775,5904.296184954334,222.34362426979595,0.31153388245118524,2,30.821287262304054,57.76313476452603,97.21566237149831,84.61538461538461,0.05
250,2025-03-04T20:00:00,NOx,49.47934360478775,5904.296184954334,222.34362426979595,0.31153388245118524,2,30.821287262304054,57.76313476452603,97.21566237149831,93.46153846153847,0.05
250,2025-03-04T20:00:00,NOx,49.47934360478775,5904.296184954334,222.34362426979595,0.31153388245118524,2,30.821287262304054,57.76313476452603,97.21566237149831,102.30769230769232,0.05
250,2025-03-04T20:00:00,NOx,49.47934360478775,5904.296184954334,222.34362426979595,0.31153388245118524,2,30.821287262304054,57.76313476452603,97.21566237149831,111.15384615384616,0.05
250,2025-03-04T20:00:00,NOx,49.47934360478775,5904.296184954334,222.34362426979595,0.31153388245118524,2,30.821287262304054,57.76313476452603,97.21566237149831,120.0,0.05
251,2025-03-05T02:00:00,SO2,116.65112156870667,3275.448572174684,347.392533958186,0.7156849729570891,2,21.20544960366183,64.9548820361496,420.6602344403444,5.0,0.05783589735769521
251,2025-03-05T02:00:00,SO2,116.65112156870667,3275.448572174684,347.392533958186,0.7156849729570891,2,21.20544960366183,,420.6602344403444,13.846153846153847,0.05
251,2025-03-05T02:00:00,SO2,116.65112156870667,3275.448572174684,347.392533958186,0.7156849729570891,2,21.20544960366183,64.9548820361496,420.6602344403444,22.692307692307693,0.05
251,2025-03-05T02:00:00,SO2,116.65112156870667,3275.448572174684,347.392533958186,0.7156849729570891,2,21.20544960366183,64.9548820361496,420.6602344403444,31.53846153846154,0.05
251,2025-03-05T02:00:00,SO2,116.65112156870667,3275.448572174684,347.392533958186,0.7156849729570891,2,21.20544960366183,64.9548820361496,420.6602344403444,40.38461538461539,0.05
251,2025-03-05T02:00:00,SO2,116.65112156870667,3275.448572174684,347.392533958186,0.7156849729570891,2,21.20544960366183,64.9548820361496,420.6602344403444,49.23076923076923,0.05
251,2025-03-05T02:00:00,SO2,116.65112156870667,3275.448572174684,347.392533958186,0.7156849729570891,2,21.20544960366183,64.9548820361496,420.6602344403444,58.07692307692308,0.05
251,2025-03-05T02:00:00,SO2,116.65112156870667,3275.448572174684,347.392533958186,0.7156849729570891,2,21.20544960366183,64.9548820361496,420.6602344403444,66.92307692307693,0.05
251,2025-03-05T02:00:00,SO2,116.65112156870667,3275.448572174684,347.392533958186,0.7156849729570891,2,21.20544960366183,64.9548820361496,420.6602344403444,75.76923076923077,0.05
251,2025-03-05T02:00:00,SO2,116.65112156870667,3275.448572174684,347.392533958186,0.7156849729570891,2,21.20544960366183,64.9548820361496,420.6602344403444,84.61538461538461,0.05
251,2025-03-05T02:00:00,SO2,116.65112156870667,3275.448572174684,347.392533958186,0.7156849729570891,2,21.20544960366183,64.9548820361496,420.6602344403444,93.46153846153847,0.05
251,2025-03-05T02:00:00,SO2,116.65112156870667,3275.448572174684,347.392533958186,0.7156849729570891,2,21.20544960366183,64.9548820361496,420.6602344403444,102.30769230769232,0.05
251,2025-03-05T02:00:00,SO2,116.65112156870667,3275.448572174684,347.392533958186,0.7156849729570891,2,21.20544960366183,64.9548820361496,420.6602344403444,111.15384615384616,0.05
251,2025-03-05T02:00:00,SO2,116.65112156870667,3275.448572174684,347.392533958186,0.7156849729570891,2,21.20544960366183,64.9548820361496,420.6602344403444,120.0,0.05
252,2025-03-05T08:00:00,NOx,100.12055471751894,10445.858230606687,373.9144316758253,0.8648931108963459,0,29.383468534775528,34.38572968200191,86.32833376237055,5.0,16.879278264245535
252,2025-03-05T08:00:00,NOx,100.12055471751894,10445.858230606687,373.9144316758253,0.8648931108963459,0,29.383468534775528,34.38572968200191,86.32833376237055,13.846153846153847,1.1093084460085316
252,2025-03-05T08:00:00,NOx,100.12055471751894,10445.858230606687,373.9144316758253,0.8648931108963459,0,29.383468534775528,34.38572968200191,86.32833376237055,22.692307692307693,0.06037713227568982
252,2025-03-05T08:00:00,NOx,100.12055471751894,10445.858230606687,373.9144316758253,0.8648931108963459,0,29.383468534775528,34.38572968200191,86.32833376237055,31.53846153846154,0.05
252,2025-03-05T08:00:00,NOx,100.12055471751894,10445.858230606687,373.9144316758253,0.8648931108963459,0,29.383468534775528,34.38572968200191,86.32833376237055,40.38461538461539,0.05
252,2025-03-05T08:00:00,NOx,100.12055471751894,10445.858230606687,373.9144316758253,0.8648931108963459,0,29.383468534775528,34.38572968200191,86.32833376237055,49.23076923076923,0.05
252,2025-03-05T08:00:00,NOx,100.12055471751894,10445.858230606687,373.9144316758253,0.8648931108963459,0,29.383468534775528,34.38572968200191,86.32833376237055,58.07692307692308,0.05
252,2025-03-05T08:00:00,NOx,100.12055471751894,10445.858230606687,373.9144316758253,0.8648931108963459,0,29.383468534775528,34.38572968200191,86.32833376237055,66.92307692307693,0.05
252,2025-03-05T08:00:00,NOx,100.12055471751894,10445.858230606687,373.9144316758253,0.8648931108963459,0,29.383468534775528,34.38572968200191,86.32833376237055,75.76923076923077,0.05
252,2025-03-05T08:00:00,NOx,100.12055471751894,10445.858230606687,373.9144316758253,0.8648931108963459,0,29.383468534775528,34.38572968200191,86.32833376237055,84.61538461538461,0.05
252,2025-03-05T08:00:00,NOx,100.12055471751894,10445.858230606687,373.9144316758253,0.8648931108963459,0,29.383468534775528,34.38572968200191,86.32833376237055,93.46153846153847,0.05
252,2025-03-05T08:00:00,NOx,100.12055471751894,10445.858230606687,373.9144316758253,0.8648931108963459,0,29.383468534775528,34.38572968200191,86.32833376237055,102.30769230769232,0.05
252,2025-03-05T08:00:00,NOx,100.12055471751894,10445.858230606687,373.9144316758253,0.8648931108963459,0,29.383468534775528,34.38572968200191,86.32833376237055,111.15384615384616,0.05
252,2025-03-05T08:00:00,NOx,100.12055471751894,10445.858230606687,373.9144316758253,0.8648931108963459,0,29.383468534775528,34.38572968200191,86.32833376237055,120.0,0.05
253,2025-03-05T14:00:00,SO2,108.47467052839006,2288.7717709423905,398.92075118849175,1.3821601319646712,0,35.42171719719394,34.101137026989484,128.7617891077213,5.0,0.05
253,2025-03-05T14:00:00,SO2,108.47467052839006,2288.7717709423905,398.92075118849175,1.3821601319646712,0,35.42171719719394,34.101137026989484,128.7617891077213,13.846153846153847,0.05
253,2025-03-05T14:00:00,SO2,108.47467052839006,2288.7717709423905,398.92075118849175,1.3821601319646712,0,35.42171719719394,34.101137026989484,128.7617891077213,22.692307692307693,0.05
253,2025-03-05T14:00:00,SO2,108.47467052839006,2288.7717709423905,398.92075118849175,1.3821601319646712,0,35.42171719719394,34.101137026989484,128.7617891077213,31.53846153846154,0.05
253,2025-03-05T14:00:00,SO2,108.47467052839006,2288.7717709423905,398.92075118849175,1.3821601319646712,0,35.42171719719394,34.101137026989484,128.7617891077213,40.38461538461539,0.05
253,2025-03-05T14:00:00,SO2,108.47467052839006,2288.7717709423905,398.92075118849175,1.3821601319646712,0,35.42171719719394,34.101137026989484,128.7617891077213,49.23076923076923,0.05
253,2025-03-05T14:00:00,SO2,108.47467052839006,2288.7717709423905,398.92075118849175,1.3821601319646712,0,35.42171719719394,34.101137026989484,128.7617891077213,58.07692307692308,0.05
253,2025-03-05T14:00:00,SO2,108.47467052839006,2288.7717709423905,398.92075118849175,1.3821601319646712,0,35.42171719719394,34.101137026989484,128.7617891077213,66.92307692307693,0.05
253,2025-03-05T14:00:00,SO2,108.47467052839006,2288.7717709423905,398.92075118849175,1.3821601319646712,0,35.42171719719394,34.101137026989484,128.7617891077213,75.76923076923077,0.05
253,2025-03-05T14:00:00,SO2,108.47467052839006,2288.7717709423905,398.92075118849175,1.3821601319646712,0,35.42171719719394,34.101137026989484,128.7617891077213,84.61538461538461,0.05
253,2025-03-05T14:00:00,SO2,108.47467052839006,2288.7717709423905,398.92075118849175,1.3821601319646712,0,35.42171719719394,34.101137026989484,128.7617891077213,93.46153846153847,0.05
253,2025-03-05T14:00:00,SO2,108.47467052839006,2288.7717709423905,398.92075118849175,1.3821601319646712,0,35.42171719719394,34.101137026989484,128.7617891077213,102.30769230769232,0.05
253,2025-03-05T14:00:00,SO2,108.47467052839006,2288.7717709423905,398.92075118849175,1.3821601319646712,0,35.42171719719394,34.101137026989484,128.7617891077213,111.15384615384616,0.05
253,2025-03-05T14:00:00,SO2,108.47467052839006,2288.7717709423905,398.92075118849175,1.3821601319646712,0,35.42171719719394,34.101137026989484,128.7617891077213,120.0,0.05
254,2025-03-05T20:00:00,CO,22.376330274586874,3781.0123656769315,240.8957712265451,0.8329948015318415,0,34.98131297274813,38.514538161976716,61.024777488797085,5.0,14.659923176802614
254,2025-03-05T20:00:00,CO,22.376330274586874,3781.0123656769315,240.8957712265451,0.8329948015318415,0,34.98131297274813,38.514538161976716,61.024777488797085,13.846153846153847,1.2444923697498338
254,2025-03-05T20:00:00,CO,22.376330274586874,3781.0123656769315,240.8957712265451,0.8329948015318415,0,34.98131297274813,38.514538161976716,61.024777488797085,22.692307692307693,0.10019526598220185
254,2025-03-05T20:00:00,CO,22.376330274586874,3781.0123656769315,240.8957712265451,0.8329948015318415,0,34.98131297274813,38.514538161976716,61.024777488797085,31.53846153846154,0.05
254,2025-03-05T20:00:00,CO,22.376330274586874,3781.0123656769315,240.8957712265451,0.8329948015318415,0,34.98131297274813,38.514538161976716,61.024777488797085,40.38461538461539,0.05
254,2025-03-05T20:00:00,CO,22.376330274586874,3781.0123656769315,240.8957712265451,0.8329948015318415,0,34.98131297274813,38.514538161976716,61.024777488797085,49.23076923076923,0.05
254,2025-03-05T20:00:00,CO,22.376330274586874,3781.0123656769315,240.8957712265451,0.8329948015318415,0,34.98131297274813,38.514538161976716,61.024777488797085,58.07692307692308,0.05
254,2025-03-05T20:00:00,CO,22.376330274586874,3781.0123656769315,240.8957712265451,0.8329948015318415,0,34.98131297274813,38.514538161976716,61.024777488797085,66.92307692307693,0.05
254,2025-03-05T20:00:00,CO,22.376330274586874,3781.0123656769315,240.8957712265451,0.8329948015318415,0,34.98131297274813,38.514538161976716,61.024777488797085,75.76923076923077,0.05
254,2025-03-05T20:00:00,CO,22.376330274586874,3781.0123656769315,240.8957712265451,0.8329948015318415,0,34.98131297274813,38.514538161976716,61.024777488797085,84.61538461538461,0.05
254,2025-03-05T20:00:00,CO,22.376330274586874,3781.0123656769315,240.8957712265451,0.8329948015318415,0,34.98131297274813,38.514538161976716,61.024777488797085,93.46153846153847,0.05
254,2025-03-05T20:00:00,CO,22.376330274586874,3781.0123656769315,240.8957712265451,0.8329948015318415,0,34.98131297274813,38.514538161976716,61.024777488797085,102.30769230769232,0.05
254,2025-03-05T20:00:00,CO,22.376330274586874,3781.0123656769315,240.8957712265451,0.8329948015318415,0,34.98131297274813,38.514538161976716,61.024777488797085,111.15384615384616,0.05
254,2025-03-05T20:00:00,CO,22.376330274586874,3781.0123656769315,240.8957712265451,0.8329948015318415,0,34.98131297274813,38.514538161976716,61.024777488797085,120.0,0.05
255,2025-03-06T02:00:00,SO2,17.437351393538602,943.8779838260153,106.85535208128486,1.3446799241793448,2,28.469335732621623,62.55059724261918,311.8760733159585,5.0,1.7184973849369147
255,2025-03-06T02:00:00,SO2,17.437351393538602,943.8779838260153,106.85535208128486,1.3446799241793448,2,28.469335732621623,62.55059724261918,311.8760733159585,13.846153846153847,0.05
255,2025-03-06T02:00:00,SO2,17.437351393538602,943.8779838260153,106.85535208128486,1.3446799241793448,2,28.469335732621623,62.55059724261918,311.8760733159585,22.692307692307693,0.05
255,2025-03-06T02:00:00,SO2,17.437351393538602,943.8779838260153,106.85535208128486,1.3446799241793448,2,28.469335732621623,62.55059724261918,311.8760733159585,31.53846153846154,0.05
255,2025-03-06T02:00:00,SO2,17.437351393538602,943.8779838260153,106.85535208128486,1.3446799241793448,2,28.469335732621623,62.55059724261918,311.8760733159585,40.38461538461539,0.05
255,2025-03-06T02:00:00,SO2,17.437351393538602,943.8779838260153,106.85535208128486,1.3446799241793448,2,28.469335732621623,62.55059724261918,311.8760733159585,49.23076923076923,0.05
255,2025-03-06T02:00:00,SO2,17.437351393538602,943.8779838260153,106.85535208128486,,2,28.469335732621623,62.55059724261918,311.8760733159585,58.07692307692308,0.05
255,2025-03-06T02:00:00,SO2,17.437351393538602,943.8779838260153,106.85535208128486,1.3446799241793448,2,28.469335732621623,62.55059724261918,311.8760733159585,66.92307692307693,0.05
255,2025-03-06T02:00:00,SO2,17.437351393538602,943.8779838260153,106.85535208128486,1.3446799241793448,2,28.469335732621623,62.55059724261918,311.8760733159585,75.76923076923077,0.05
255,2025-03-06T02:00:00,SO2,17.437351393538602,943.8779838260153,106.85535208128486,1.3446799241793448,2,28.469335732621623,62.55059724261918,311.8760733159585,84.61538461538461,0.05
255,2025-03-06T02:00:00,SO2,17.437351393538602,943.8779838260153,106.85535208128486,1.3446799241793448,2,28.469335732621623,62.55059724261918,311.8760733159585,93.46153846153847,0.05
255,2025-03-06T02:00:00,SO2,17.437351393538602,943.8779838260153,106.85535208128486,1.3446799241793448,2,28.469335732621623,62.55059724261918,311.8760733159585,102.30769230769232,0.05
255,2025-03-06T02:00:00,SO2,17.437351393538602,943.8779838260153,106.85535208128486,1.3446799241793448,2,28.469335732621623,62.55059724261918,311.8760733159585,111.15384615384616,0.05
255,2025-03-06T02:00:00,SO2,17.437351393538602,943.8779838260153,106.85535208128486,1.3446799241793448,2,28.469335732621623,62.55059724261918,311.8760733159585,120.0,0.05
256,2025-03-06T08:00:00,NOx,117.02591592982016,4994.954190061036,57.33260341455666,0.9756755370469977,0,20.79205571572498,58.1717184121118,190.30301246028108,5.0,0.9833768309520549
256,2025-03-06T08:00:00,NOx,117.02591592982016,4994.954190061036,57.33260341455666,0.9756755370469977,0,20.79205571572498,58.1717184121118,190.30301246028108,13.846153846153847,0.05
256,2025-03-06T08:00:00,NOx,117.02591592982016,4994.954190061036,57.33260341455666,0.9756755370469977,0,20.79205571572498,58.1717184121118,190.30301246028108,22.692307692307693,0.05
256,2025-03-06T08:00:00,NOx,117.02591592982016,4994.954190061036,57.33260341455666,0.9756755370469977,0,20.79205571572498,58.1717184121118,190.30301246028108,31.53846153846154,0.05
256,2025-03-06T08:00:00,NOx,117.02591592982016,4994.954190061036,57.33260341455666,0.9756755370469977,0,20.79205571572498,58.1717184121118,190.30301246028108,40.38461538461539,0.05
256,2025-03-06T08:00:00,NOx,117.02591592982016,4994.954190061036,57.33260341455666,0.9756755370469977,0,20.79205571572498,58.1717184121118,190.30301246028108,49.23076923076923,0.05
256,2025-03-06T08:00:00,NOx,117.02591592982016,4994.954190061036,57.33260341455666,0.9756755370469977,0,20.79205571572498,58.1717184121118,190.30301246028108,58.07692307692308,0.05
256,2025-03-06T08:00:00,NOx,117.02591592982016,4994.954190061036,57.33260341455666,0.9756755370469977,0,20.79205571572498,58.1717184121118,190.30301246028108,66.92307692307693,0.05
256,2025-03-06T08:00:00,NOx,117.02591592982016,4994.954190061036,57.33260341455666,0.9756755370469977,0,20.79205571572498,58.1717184121118,190.30301246028108,75.76923076923077,0.05
256,2025-03-06T08:00:00,NOx,117.02591592982016,4994.954190061036,57.33260341455666,0.9756755370469977,0,20.79205571572498,58.1717184121118,190.30301246028108,84.61538461538461,0.05
256,2025-03-06T08:00:00,NOx,117.02591592982016,4994.954190061036,57.33260341455666,0.9756755370469977,0,20.79205571572498,58.1717184121118,190.30301246028108,93.46153846153847,0.05
256,2025-03-06T08:00:00,NOx,117.02591592982016,4994.954190061036,57.33260341455666,0.9756755370469977,0,20.79205571572498,58.1717184121118,190.30301246028108,102.30769230769232,0.05
256,2025-03-06T08:00:00,NOx,117.02591592982016,4994.954190061036,57.33260341455666,0.9756755370469977,0,20.79205571572498,58.1717184121118,190.30301246028108,111.15384615384616,0.05
256,2025-03-06T08:00:00,NOx,117.02591592982016,4994.954190061036,57.33260341455666,0.9756755370469977,0,20.79205571572498,58.1717184121118,190.30301246028108,120.0,0.05
257,2025-03-06T14:00:00,CO,105.22036525737153,804.6694693147632,53.49516706926901,0.7419189479610084,3,31.73796511037473,45.50225771744654,90.39774139194097,5.0,0.05
257,2025-03-06T14:00:00,CO,105.22036525737153,804.6694693147632,53.49516706926901,0.7419189479610084,3,31.73796511037473,45.50225771744654,90.39774139194097,13.846153846153847,0.05
257,2025-03-06T14:00:00,CO,105.22036525737153,804.6694693147632,53.49516706926901,0.7419189479610084,3,31.73796511037473,45.50225771744654,90.39774139194097,22.692307692307693,0.05
257,2025-03-06T14:00:00,CO,105.22036525737153,804.6694693147632,53.49516706926901,0.7419189479610084,3,31.73796511037473,45.50225771744654,90.39774139194097,31.53846153846154,0.05
257,2025-03-06T14:00:00,CO,105.22036525737153,804.6694693147632,53.49516706926901,0.7419189479610084,3,31.73796511037473,45.50225771744654,90.39774139194097,40.38461538461539,0.05
257,2025-03-06T14:00:00,CO,105.22036525737153,804.6694693147632,53.49516706926901,0.7419189479610084,3,31.73796511037473,45.50225771744654,90.39774139194097,49.23076923076923,0.05
257,2025-03-06T14:00:00,CO,105.22036525737153,804.6694693147632,53.49516706926901,0.7419189479610084,3,31.73796511037473,45.50225771744654,90.39774139194097,58.07692307692308,0.05
257,2025-03-06T14:00:00,CO,105.22036525737153,804.6694693147632,53.49516706926901,0.7419189479610084,3,31.73796511037473,45.50225771744654,90.39774139194097,66.92307692307693,0.05
257,2025-03-06T14:00:00,CO,105.22036525737153,804.6694693147632,53.49516706926901,0.7419189479610084,3,31.73796511037473,45.50225771744654,90.39774139194097,75.76923076923077,0.05
257,2025-03-06T14:00:00,CO,105.22036525737153,804.6694693147632,53.49516706926901,0.7419189479610084,3,31.73796511037473,45.50225771744654,90.39774139194097,84.61538461538461,0.05
257,2025-03-06T14:00:00,CO,105.22036525737153,804.6694693147632,53.49516706926901,0.7419189479610084,3,31.73796511037473,45.50225771744654,90.39774139194097,93.46153846153847,0.05
257,2025-03-06T14:00:00,CO,105.22036525737153,804.6694693147632,53.49516706926901,0.7419189479610084,3,31.73796511037473,45.50225771744654,90.39774139194097,102.30769230769232,0.05
257,2025-03-06T14:00:00,CO,105.22036525737153,804.6694693147632,53.49516706926901,0.7419189479610084,3,31.73796511037473,45.50225771744654,90.39774139194097,111.15384615384616,0.05
257,2025-03-06T14:00:00,CO,105.22036525737153,804.6694693147632,53.49516706926901,0.7419189479610084,3,31.73796511037473,45.50225771744654,90.39774139194097,120.0,0.05
258,2025-03-06T20:00:00,CO,22.354990071717232,7969.917978812394,287.0745470587963,1.1277199040352546,1,24.527160255851516,80.10542401671529,597.2355044122546,5.0,270.1307099671474
258,2025-03-06T20:00:00,CO,22.354990071717232,7969.917978812394,287.0745470587963,1.1277199040352546,1,24.527160255851516,80.10542401671529,597.2355044122546,13.846153846153847,72.09520732954574
258,2025-03-06T20:00:00,CO,22.354990071717232,7969.917978812394,287.0745470587963,1.1277199040352546,1,24.527160255851516,80.10542401671529,597.2355044122546,22.692307692307693,21.368657664948216
258,2025-03-06T20:00:00,CO,22.354990071717232,7969.917978812394,287.0745470587963,1.1277199040352546,1,24.527160255851516,80.10542401671529,597.2355044122546,31.53846153846154,6.072707484182011
258,2025-03-06T20:00:00,CO,22.354990071717232,7969.917978812394,287.0745470587963,1.1277199040352546,1,,80.10542401671529,597.2355044122546,40.38461538461539,1.4651527343483217
258,2025-03-06T20:00:00,CO,22.354990071717232,7969.917978812394,287.0745470587963,1.1277199040352546,1,24.527160255851516,80.10542401671529,597.2355044122546,49.23076923076923,0.4644717361494423
258,2025-03-06T20:00:00,CO,22.354990071717232,7969.917978812394,287.0745470587963,1.1277199040352546,1,24.527160255851516,80.10542401671529,597.2355044122546,58.07692307692308,0.12779469720998085
258,2025-03-06T20:00:00,CO,22.354990071717232,7969.917978812394,287.0745470587963,1.1277199040352546,1,24.527160255851516,80.10542401671529,597.2355044122546,66.92307692307693,0.05
258,2025-03-06T20:00:00,CO,22.354990071717232,7969.917978812394,287.0745470587963,1.1277199040352546,1,24.527160255851516,80.10542401671529,597.2355044122546,75.76923076923077,0.05
258,2025-03-06T20:00:00,CO,22.354990071717232,7969.917978812394,287.0745470587963,1.1277199040352546,1,24.527160255851516,80.10542401671529,597.2355044122546,84.61538461538461,0.05
258,2025-03-06T20:00:00,CO,22.354990071717232,7969.917978812394,287.0745470587963,1.1277199040352546,1,24.527160255851516,80.10542401671529,597.2355044122546,93.46153846153847,0.05
258,2025-03-06T20:00:00,CO,22.354990071717232,7969.917978812394,287.0745470587963,1.1277199040352546,1,24.527160255851516,80.10542401671529,597.2355044122546,102.30769230769232,0.05
258,2025-03-06T20:00:00,CO,22.354990071717232,7969.917978812394,287.0745470587963,1.1277199040352546,1,24.527160255851516,80.10542401671529,597.2355044122546,111.15384615384616,0.05
258,2025-03-06T20:00:00,CO,22.354990071717232,7969.917978812394,287.0745470587963,1.1277199040352546,1,24.527160255851516,80.10542401671529,597.2355044122546,120.0,0.05
259,2025-03-07T02:00:00,NOx,77.06805577897846,5954.290433282794,175.19275287336035,1.193038603794311,3,37.61961882031628,50.48546161123541,338.0759550507926,5.0,8.829995935485732
259,2025-03-07T02:00:00,NOx,77.06805577897846,5954.290433282794,175.19275287336035,1.193038603794311,3,37.61961882031628,50.48546161123541,338.0759550507926,13.846153846153847,0.05
259,2025-03-07T02:00:00,NOx,77.06805577897846,5954.290433282794,175.19275287336035,1.193038603794311,3,37.61961882031628,50.48546161123541,338.0759550507926,22.692307692307693,0.05
259,2025-03-07T02:00:00,NOx,77.06805577897846,5954.290433282794,175.19275287336035,1.193038603794311,3,37.61961882031628,50.48546161123541,338.0759550507926,31.53846153846154,0.05
259,2025-03-07T02:00:00,NOx,77.06805577897846,5954.290433282794,175.19275287336035,1.193038603794311,3,37.61961882031628,50.48546161123541,338.0759550507926,40.38461538461539,0.05
259,2025-03-07T02:00:00,NOx,77.06805577897846,5954.290433282794,175.19275287336035,1.193038603794311,3,37.61961882031628,50.48546161123541,338.0759550507926,49.23076923076923,0.05
259,2025-03-07T02:00:00,NOx,77.06805577897846,5954.290433282794,175.19275287336035,1.193038603794311,3,37.61961882031628,50.48546161123541,338.0759550507926,58.07692307692308,0.05
259,2025-03-07T02:00:00,NOx,77.06805577897846,5954.290433282794,175.19275287336035,1.193038603794311,3,37.61961882031628,50.48546161123541,338.0759550507926,66.92307692307693,0.05
259,2025-03-07T02:00:00,NOx,77.06805577897846,5954.290433282794,175.19275287336035,1.193038603794311,3,37.61961882031628,50.48546161123541,338.0759550507926,75.76923076923077,0.05
259,2025-03-07T02:00:00,NOx,77.06805577897846,5954.290433282794,175.19275287336035,1.193038603794311,3,37.61961882031628,50.48546161123541,338.0759550507926,84.61538461538461,0.05
259,2025-03-07T02:00:00,NOx,77.06805577897846,5954.290433282794,175.19275287336035,1.193038603794311,3,37.61961882031628,50.48546161123541,338.0759550507926,93.46153846153847,0.05
259,2025-03-07T02:00:00,NOx,77.06805577897846,5954.290433282794,175.19275287336035,1.193038603794311,3,37.61961882031628,50.48546161123541,338.0759550507926,102.30769230769232,0.05
259,2025-03-07T02:00:00,NOx,77.06805577897846,5954.290433282794,175.19275287336035,1.193038603794311,3,37.61961882031628,50.48546161123541,338.0759550507926,111.15384615384616,0.05
259,2025-03-07T02:00:00,NOx,77.06805577897846,5954.290433282794,175.19275287336035,1.193038603794311,3,37.61961882031628,50.48546161123541,338.0759550507926,120.0,0.05
260,2025-03-07T08:00:00,NOx,77.9824955771691,10205.621387189234,87.15037097004533,0.5130319810905557,2,18.88290297784614,49.935651856102396,639.0464719197897,5.0,74.49812325867981
260,2025-03-07T08:00:00,NOx,77.9824955771691,10205.621387189234,87.15037097004533,0.5130319810905557,2,18.88290297784614,49.935651856102396,639.0464719197897,13.846153846153847,2.5466753332420557
260,2025-03-07T08:00:00,NOx,77.9824955771691,10205.621387189234,87.15037097004533,0.5130319810905557,2,18.88290297784614,49.935651856102396,639.0464719197897,22.692307692307693,0.05813577684628226
260,2025-03-07T08:00:00,NOx,77.9824955771691,10205.621387189234,87.15037097004533,0.5130319810905557,2,18.88290297784614,49.935651856102396,639.0464719197897,31.53846153846154,0.05
260,2025-03-07T08:00:00,NOx,77.9824955771691,10205.621387189234,87.15037097004533,0.5130319810905557,2,18.88290297784614,49.935651856102396,639.0464719197897,40.38461538461539,0.05
260,2025-03-07T08:00:00,NOx,77.9824955771691,10205.621387189234,87.15037097004533,0.5130319810905557,2,18.88290297784614,49.935651856102396,639.0464719197897,49.23076923076923,0.05
260,2025-03-07T08:00:00,NOx,77.9824955771691,10205.621387189234,87.15037097004533,0.5130319810905557,2,18.88290297784614,49.935651856102396,639.0464719197897,58.07692307692308,0.05
260,2025-03-07T08:00:00,NOx,77.9824955771691,10205.621387189234,87.15037097004533,0.5130319810905557,2,18.88290297784614,49.935651856102396,639.0464719197897,66.92307692307693,0.05
260,2025-03-07T08:00:00,NOx,77.9824955771691,10205.621387189234,87.15037097004533,0.5130319810905557,2,18.88290297784614,49.935651856102396,639.0464719197897,75.76923076923077,0.05
260,2025-03-07T08:00:00,NOx,77.9824955771691,10205.621387189234,87.15037097004533,0.5130319810905557,2,18.88290297784614,49.935651856102396,639.0464719197897,84.61538461538461,0.05
260,2025-03-07T08:00:00,NOx,77.9824955771691,10205.621387189234,87.15037097004533,0.5130319810905557,2,18.88290297784614,49.935651856102396,639.0464719197897,93.46153846153847,0.05
260,2025-03-07T08:00:00,NOx,77.9824955771691,10205.621387189234,87.15037097004533,0.5130319810905557,2,18.88290297784614,49.935651856102396,639.0464719197897,102.30769230769232,0.05
260,2025-03-07T08:00:00,NOx,77.9824955771691,10205.621387189234,87.15037097004533,0.5130319810905557,2,18.88290297784614,49.935651856102396,639.0464719197897,111.15384615384616,0.05
260,2025-03-07T08:00:00,NOx,77.9824955771691,10205.621387189234,87.15037097004533,0.5130319810905557,2,18.88290297784614,49.935651856102396,639.0464719197897,120.0,0.05
261,2025-03-07T14:00:00,NOx,87.12671105504751,2989.524903385641,213.27075792167696,0.8502842098933842,2,22.319582981589257,58.902966775127865,150.9111219540925,5.0,0.05
261,2025-03-07T14:00:00,NOx,87.12671105504751,2989.524903385641,213.27075792167696,0.8502842098933842,2,22.319582981589257,58.902966775127865,150.9111219540925,13.846153846153847,0.05
261,2025-03-07T14:00:00,NOx,87.12671105504751,2989.524903385641,213.27075792167696,0.8502842098933842,2,22.319582981589257,58.902966775127865,150.9111219540925,22.692307692307693,0.05
261,2025-03-07T14:00:00,NOx,87.12671105504751,2989.524903385641,213.27075792167696,0.8502842098933842,2,22.319582981589257,58.902966775127865,150.9111219540925,31.53846153846154,0.05
261,2025-03-07T14:00:00,NOx,87.12671105504751,2989.524903385641,213.27075792167696,0.8502842098933842,2,22.319582981589257,58.902966775127865,150.9111219540925,40.38461538461539,0.05
261,2025-03-07T14:00:00,NOx,87.12671105504751,2989.524903385641,213.27075792167696,0.8502842098933842,2,22.319582981589257,58.902966775127865,150.9111219540925,49.23076923076923,0.05
261,2025-03-07T14:00:00,NOx,87.12671105504751,2989.524903385641,213.27075792167696,0.8502842098933842,2,22.319582981589257,58.902966775127865,150.9111219540925,58.07692307692308,0.05
261,2025-03-07T14:00:00,NOx,87.12671105504751,2989.524903385641,213.27075792167696,0.8502842098933842,2,22.319582981589257,58.902966775127865,150.9111219540925,66.92307692307693,0.05
261,2025-03-07T14:00:00,NOx,87.12671105504751,2989.524903385641,213.27075792167696,0.8502842098933842,2,22.319582981589257,58.902966775127865,150.9111219540925,75.76923076923077,0.05
261,2025-03-07T14:00:00,NOx,87.12671105504751,2989.524903385641,213.27075792167696,0.8502842098933842,2,22.319582981589257,58.902966775127865,150.9111219540925,84.61538461538461,0.05
261,2025-03-07T14:00:00,NOx,87.12671105504751,2989.524903385641,213.27075792167696,0.8502842098933842,2,22.319582981589257,58.902966775127865,150.9111219540925,93.46153846153847,0.05
261,2025-03-07T14:00:00,NOx,87.12671105504751,2989.524903385641,213.27075792167696,0.8502842098933842,2,22.319582981589257,58.902966775127865,150.9111219540925,102.30769230769232,0.05
261,2025-03-07T14:00:00,NOx,87.12671105504751,2989.524903385641,213.27075792167696,0.8502842098933842,2,22.319582981589257,58.902966775127865,150.9111219540925,111.15384615384616,0.05
261,2025-03-07T14:00:00,NOx,87.12671105504751,2989.524903385641,213.27075792167696,0.8502842098933842,2,22.319582981589257,58.902966775127865,150.9111219540925,120.0,0.05
262,2025-03-07T20:00:00,NOx,81.12784831605248,2785.391269309819,45.626536058044536,1.3187789959893768,0,19.823390710655048,81.25373925439573,772.2762366849742,5.0,0.12010804839461653
262,2025-03-07T20:00:00,NOx,81.12784831605248,2785.391269309819,45.626536058044536,1.3187789959893768,0,19.823390710655048,81.25373925439573,772.2762366849742,13.846153846153847,0.05
262,2025-03-07T20:00:00,NOx,81.12784831605248,2785.391269309819,45.626536058044536,1.3187789959893768,0,19.823390710655048,81.25373925439573,772.2762366849742,22.692307692307693,0.05
262,2025-03-07T20:00:00,NOx,81.12784831605248,2785.391269309819,45.626536058044536,1.3187789959893768,0,19.823390710655048,,772.2762366849742,31.53846153846154,0.05
262,2025-03-07T20:00:00,NOx,81.12784831605248,2785.391269309819,45.626536058044536,1.3187789959893768,0,,81.25373925439573,772.2762366849742,40.38461538461539,0.05
262,2025-03-07T20:00:00,NOx,81.12784831605248,2785.391269309819,45.626536058044536,1.3187789959893768,0,19.823390710655048,81.25373925439573,772.2762366849742,49.23076923076923,0.05
262,2025-03-07T20:00:00,NOx,81.12784831605248,2785.391269309819,45.626536058044536,1.3187789959893768,0,19.823390710655048,81.25373925439573,772.2762366849742,58.07692307692308,0.05
262,2025-03-07T20:00:00,NOx,81.12784831605248,2785.391269309819,45.626536058044536,1.3187789959893768,0,19.823390710655048,81.25373925439573,772.2762366849742,66.92307692307693,0.05
262,2025-03-07T20:00:00,NOx,81.12784831605248,2785.391269309819,45.626536058044536,1.3187789959893768,0,19.823390710655048,81.25373925439573,772.2762366849742,75.76923076923077,0.05
262,2025-03-07T20:00:00,NOx,81.12784831605248,2785.391269309819,45.626536058044536,1.3187789959893768,0,19.823390710655048,81.25373925439573,772.2762366849742,84.61538461538461,0.05
262,2025-03-07T20:00:00,NOx,81.12784831605248,2785.391269309819,45.626536058044536,1.3187789959893768,0,19.823390710655048,81.25373925439573,772.2762366849742,93.46153846153847,0.05
262,2025-03-07T20:00:00,NOx,81.12784831605248,2785.391269309819,45.626536058044536,1.3187789959893768,0,19.823390710655048,81.25373925439573,772.2762366849742,102.30769230769232,0.05
262,2025-03-07T20:00:00,NOx,81.12784831605248,2785.391269309819,45.626536058044536,1.3187789959893768,0,19.823390710655048,81.25373925439573,772.2762366849742,111.15384615384616,0.05
262,2025-03-07T20:00:00,NOx,81.12784831605248,2785.391269309819,45.626536058044536,1.3187789959893768,0,19.823390710655048,81.25373925439573,772.2762366849742,120.0,0.05
263,2025-03-08T02:00:00,NOx,60.95489609656051,10189.686741154546,61.34444509111094,1.3314527790205875,0,18.746695056883166,26.684200714837417,390.59997131558254,5.0,68.92871982155036
263,2025-03-08T02:00:00,NOx,60.95489609656051,10189.686741154546,61.34444509111094,1.3314527790205875,0,18.746695056883166,26.684200714837417,390.59997131558254,13.846153846153847,2.5627769558835656
263,2025-03-08T02:00:00,NOx,60.95489609656051,10189.686741154546,61.34444509111094,1.3314527790205875,0,18.746695056883166,26.684200714837417,390.59997131558254,22.692307692307693,0.10450910281068011
263,2025-03-08T02:00:00,NOx,60.95489609656051,10189.686741154546,61.34444509111094,1.3314527790205875,0,18.746695056883166,26.684200714837417,390.59997131558254,31.53846153846154,0.05
263,2025-03-08T02:00:00,NOx,60.95489609656051,10189.686741154546,61.34444509111094,1.3314527790205875,0,18.746695056883166,26.684200714837417,390.59997131558254,40.38461538461539,0.05
263,2025-03-08T02:00:00,NOx,60.95489609656051,10189.686741154546,61.34444509111094,1.3314527790205875,0,18.746695056883166,26.684200714837417,390.59997131558254,49.23076923076923,0.05
263,2025-03-08T02:00:00,NOx,60.95489609656051,10189.686741154546,61.34444509111094,1.3314527790205875,0,18.746695056883166,26.684200714837417,390.59997131558254,58.07692307692308,0.05
263,2025-03-08T02:00:00,NOx,60.95489609656051,10189.686741154546,61.34444509111094,1.3314527790205875,0,18.746695056883166,26.684200714837417,390.59997131558254,66.92307692307693,0.05
263,2025-03-08T02:00:00,NOx,60.95489609656051,10189.686741154546,61.34444509111094,1.3314527790205875,0,18.746695056883166,26.684200714837417,390.59997131558254,75.76923076923077,0.05
263,2025-03-08T02:00:00,NOx,60.95489609656051,10189.686741154546,61.34444509111094,1.3314527790205875,0,18.746695056883166,26.684200714837417,390.59997131558254,84.61538461538461,0.05
263,2025-03-08T02:00:00,NOx,60.95489609656051,10189.686741154546,61.34444509111094,1.3314527790205875,0,18.746695056883166,26.684200714837417,390.59997131558254,93.46153846153847,0.05
263,2025-03-08T02:00:00,NOx,60.95489609656051,10189.686741154546,61.34444509111094,1.3314527790205875,0,18.746695056883166,26.684200714837417,390.59997131558254,102.30769230769232,0.05
263,2025-03-08T02:00:00,NOx,60.95489609656051,10189.686741154546,61.34444509111094,1.3314527790205875,0,18.746695056883166,26.684200714837417,390.59997131558254,111.15384615384616,0.05
263,2025-03-08T02:00:00,NOx,60.95489609656051,10189.686741154546,61.34444509111094,1.3314527790205875,0,18.746695056883166,26.684200714837417,390.59997131558254,120.0,0.05
264,2025-03-08T08:00:00,SO2,48.12662207359244,10776.728008538996,332.2689100471338,1.5035129834005225,4,37.82059610052139,32.90060512222945,644.9724579896122,5.0,165.49699271143436
264,2025-03-08T08:00:00,SO2,48.12662207359244,10776.728008538996,332.2689100471338,1.5035129834005225,4,37.82059610052139,32.90060512222945,644.9724579896122,13.846153846153847,15.787120567204486
264,2025-03-08T08:00:00,SO2,48.12662207359244,10776.728008538996,332.2689100471338,1.5035129834005225,4,37.82059610052139,32.90060512222945,644.9724579896122,22.692307692307693,1.3586637868367981
264,2025-03-08T08:00:00,SO2,48.12662207359244,10776.728008538996,332.2689100471338,1.5035129834005225,4,37.82059610052139,32.90060512222945,644.9724579896122,31.53846153846154,0.17025802123367031
264,2025-03-08T08:00:00,SO2,48.12662207359244,10776.728008538996,332.2689100471338,1.5035129834005225,4,37.82059610052139,32.90060512222945,644.9724579896122,40.38461538461539,0.05
264,2025-03-08T08:00:00,SO2,48.12662207359244,10776.728008538996,332.2689100471338,1.5035129834005225,4,37.82059610052139,32.90060512222945,644.9724579896122,49.23076923076923,0.05
264,2025-03-08T08:00:00,SO2,48.12662207359244,10776.728008538996,332.2689100471338,1.5035129834005225,4,37.82059610052139,32.90060512222945,644.9724579896122,58.07692307692308,0.05
264,2025-03-08T08:00:00,SO2,48.12662207359244,10776.728008538996,332.2689100471338,1.5035129834005225,4,37.82059610052139,32.90060512222945,644.9724579896122,66.92307692307693,0.05
264,2025-03-08T08:00:00,SO2,48.12662207359244,10776.728008538996,332.2689100471338,1.5035129834005225,4,37.82059610052139,32.90060512222945,644.9724579896122,75.76923076923077,0.05
264,2025-03-08T08:00:00,SO2,48.12662207359244,10776.728008538996,332.2689100471338,1.5035129834005225,4,37.82059610052139,32.90060512222945,644.9724579896122,84.61538461538461,0.05
264,2025-03-08T08:00:00,SO2,48.12662207359244,10776.728008538996,332.2689100471338,1.5035129834005225,4,37.82059610052139,32.90060512222945,644.9724579896122,93.46153846153847,0.05
264,2025-03-08T08:00:00,SO2,48.12662207359244,10776.728008538996,332.2689100471338,1.5035129834005225,4,37.82059610052139,32.90060512222945,644.9724579896122,102.30769230769232,0.05
264,2025-03-08T08:00:00,SO2,48.12662207359244,10776.728008538996,332.2689100471338,1.5035129834005225,4,37.82059610052139,32.90060512222945,644.9724579896122,111.15384615384616,0.05
264,2025-03-08T08:00:00,SO2,48.12662207359244,10776.728008538996,332.2689100471338,1.5035129834005225,4,37.82059610052139,32.90060512222945,644.9724579896122,120.0,
265,2025-03-08T14:00:00,CO,86.72082318901187,6465.308281433089,253.22971936959902,1.2037611201109293,4,27.774809986728744,61.019583521063005,215.48477475264667,5.0,3.8074425555159843
265,2025-03-08T14:00:00,CO,86.72082318901187,6465.308281433089,253.22971936959902,1.2037611201109293,4,27.774809986728744,61.019583521063005,215.48477475264667,13.846153846153847,0.05
265,2025-03-08T14:00:00,CO,86.72082318901187,6465.308281433089,253.22971936959902,1.2037611201109293,4,27.774809986728744,61.019583521063005,215.48477475264667,22.692307692307693,0.05
265,2025-03-08T14:00:00,CO,86.72082318901187,6465.308281433089,253.22971936959902,1.2037611201109293,4,27.774809986728744,61.019583521063005,215.48477475264667,31.53846153846154,0.05
265,2025-03-08T14:00:00,CO,86.72082318901187,6465.308281433089,253.22971936959902,1.2037611201109293,4,27.774809986728744,61.019583521063005,215.48477475264667,40.38461538461539,0.05
265,2025-03-08T14:00:00,CO,86.72082318901187,6465.308281433089,253.22971936959902,1.2037611201109293,4,27.774809986728744,61.019583521063005,215.48477475264667,49.23076923076923,0.05
265,2025-03-08T14:00:00,CO,86.72082318901187,6465.308281433089,253.22971936959902,1.2037611201109293,4,27.774809986728744,61.019583521063005,215.48477475264667,58.07692307692308,0.05
265,2025-03-08T14:00:00,CO,86.72082318901187,6465.308281433089,253.22971936959902,1.2037611201109293,4,27.774809986728744,61.019583521063005,215.48477475264667,66.92307692307693,0.05
265,2025-03-08T14:00:00,CO,86.72082318901187,6465.308281433089,253.22971936959902,1.2037611201109293,4,27.774809986728744,61.019583521063005,215.48477475264667,75.76923076923077,0.05
265,2025-03-08T14:00:00,CO,86.72082318901187,6465.308281433089,253.22971936959902,1.2037611201109293,4,27.774809986728744,61.019583521063005,215.48477475264667,84.61538461538461,0.05
265,2025-03-08T14:00:00,CO,86.72082318901187,6465.308281433089,253.22971936959902,1.2037611201109293,4,27.774809986728744,61.019583521063005,215.48477475264667,93.46153846153847,0.05
265,2025-03-08T14:00:00,CO,86.72082318901187,6465.308281433089,253.22971936959902,1.2037611201109293,4,27.774809986728744,61.019583521063005,215.48477475264667,102.30769230769232,0.05
265,2025-03-08T14:00:00,CO,86.72082318901187,6465.308281433089,253.22971936959902,1.2037611201109293,4,27.774809986728744,61.019583521063005,215.48477475264667,111.15384615384616,0.05
265,2025-03-08T14:00:00,CO,86.72082318901187,6465.308281433089,253.22971936959902,1.2037611201109293,4,27.774809986728744,61.019583521063005,215.48477475264667,120.0,0.05
266,2025-03-08T20:00:00,CO,89.09139513388627,10577.946235496585,410.34891268196156,1.4390839663510027,1,23.681323844063925,63.27542497604941,765.5757330485841,5.0,131.09132117281908
266,2025-03-08T20:00:00,CO,89.09139513388627,10577.946235496585,410.34891268196156,1.4390839663510027,1,23.681323844063925,63.27542497604941,765.5757330485841,13.846153846153847,5.829284386523532
266,2025-03-08T20:00:00,CO,89.09139513388627,10577.946235496585,410.34891268196156,1.4390839663510027,1,23.681323844063925,63.27542497604941,765.5757330485841,22.692307692307693,0.2681072085105659
266,2025-03-08T20:00:00,CO,89.09139513388627,10577.946235496585,410.34891268196156,1.4390839663510027,1,23.681323844063925,63.27542497604941,765.5757330485841,31.53846153846154,0.05
266,2025-03-08T20:00:00,CO,89.09139513388627,10577.946235496585,410.34891268196156,1.4390839663510027,1,23.681323844063925,63.27542497604941,765.5757330485841,40.38461538461539,0.05
266,2025-03-08T20:00:00,CO,89.09139513388627,10577.946235496585,410.34891268196156,1.4390839663510027,1,23.681323844063925,63.27542497604941,765.5757330485841,49.23076923076923,0.05
266,2025-03-08T20:00:00,CO,89.09139513388627,10577.946235496585,410.34891268196156,1.4390839663510027,1,23.681323844063925,63.27542497604941,765.5757330485841,58.07692307692308,0.05
266,2025-03-08T20:00:00,CO,89.09139513388627,10577.946235496585,410.34891268196156,1.4390839663510027,1,23.681323844063925,63.27542497604941,765.5757330485841,66.92307692307693,0.05
266,2025-03-08T20:00:00,CO,89.09139513388627,10577.946235496585,410.34891268196156,1.4390839663510027,1,23.681323844063925,63.27542497604941,765.5757330485841,75.76923076923077,0.05
266,2025-03-08T20:00:00,CO,89.09139513388627,10577.946235496585,410.34891268196156,1.4390839663510027,1,23.681323844063925,63.27542497604941,765.5757330485841,84.61538461538461,0.05
266,2025-03-08T20:00:00,CO,89.09139513388627,10577.946235496585,410.34891268196156,1.4390839663510027,1,23.681323844063925,63.27542497604941,765.5757330485841,93.46153846153847,0.05
266,2025-03-08T20:00:00,CO,89.09139513388627,10577.946235496585,410.34891268196156,1.4390839663510027,1,23.681323844063925,63.27542497604941,765.5757330485841,102.30769230769232,0.05
266,2025-03-08T20:00:00,CO,89.09139513388627,10577.946235496585,410.34891268196156,1.4390839663510027,1,23.681323844063925,63.27542497604941,765.5757330485841,111.15384615384616,0.05
266,2025-03-08T20:00:00,CO,89.09139513388627,10577.946235496585,410.34891268196156,1.4390839663510027,1,23.681323844063925,63.27542497604941,765.5757330485841,120.0,0.05
267,2025-03-09T02:00:00,CO,34.21204211966654,6998.059925320358,324.86312622000486,1.4395731828450185,2,19.032153299445252,83.39991458196269,574.9014839354711,5.0,156.07110705418654
267,2025-03-09T02:00:00,CO,34.21204211966654,6998.059925320358,324.86312622000486,1.4395731828450185,2,19.032153299445252,83.39991458196269,574.9014839354711,13.846153846153847,13.494803652877511
267,2025-03-09T02:00:00,CO,34.21204211966654,6998.059925320358,324.86312622000486,1.4395731828450185,2,19.032153299445252,83.39991458196269,574.9014839354711,22.692307692307693,1.2628637759769834
267,2025-03-09T02:00:00,CO,34.21204211966654,6998.059925320358,324.86312622000486,1.4395731828450185,2,19.032153299445252,83.39991458196269,574.9014839354711,31.53846153846154,0.11163640600900372
267,2025-03-09T02:00:00,CO,34.21204211966654,6998.059925320358,324.86312622000486,1.4395731828450185,2,19.032153299445252,83.39991458196269,574.9014839354711,40.38461538461539,0.05
267,2025-03-09T02:00:00,CO,34.21204211966654,6998.059925320358,324.86312622000486,1.4395731828450185,2,19.032153299445252,83.39991458196269,574.9014839354711,49.23076923076923,0.05
267,2025-03-09T02:00:00,CO,34.21204211966654,6998.059925320358,324.86312622000486,1.4395731828450185,2,19.032153299445252,83.39991458196269,574.9014839354711,58.07692307692308,0.05
267,2025-03-09T02:00:00,CO,34.21204211966654,6998.059925320358,324.86312622000486,1.4395731828450185,2,19.032153299445252,83.39991458196269,574.9014839354711,66.92307692307693,0.05
267,2025-03-09T02:00:00,CO,34.21204211966654,6998.059925320358,324.86312622000486,1.4395731828450185,2,19.032153299445252,83.39991458196269,574.9014839354711,75.76923076923077,0.05
267,2025-03-09T02:00:00,CO,34.21204211966654,6998.059925320358,324.86312622000486,1.4395731828450185,2,19.032153299445252,83.39991458196269,574.9014839354711,84.61538461538461,0.05
267,2025-03-09T02:00:00,CO,34.21204211966654,6998.059925320358,324.86312622000486,1.4395731828450185,2,19.032153299445252,,574.9014839354711,93.46153846153847,0.05
267,2025-03-09T02:00:00,CO,34.21204211966654,6998.059925320358,324.86312622000486,1.4395731828450185,2,19.032153299445252,83.39991458196269,574.9014839354711,102.30769230769232,0.05
267,2025-03-09T02:00:00,CO,34.21204211966654,6998.059925320358,324.86312622000486,1.4395731828450185,2,19.032153299445252,83.39991458196269,574.9014839354711,111.15384615384616,0.05
267,2025-03-09T02:00:00,CO,34.21204211966654,6998.059925320358,324.86312622000486,1.4395731828450185,2,19.032153299445252,83.39991458196269,574.9014839354711,120.0,0.05
268,2025-03-09T08:00:00,CO,26.758412768421458,7811.43408114001,163.92252278836003,0.43002142699366597,1,33.17970454444471,72.5919024524294,158.189576769327,5.0,72.62277735380538
268,2025-03-09T08:00:00,CO,26.758412768421458,7811.43408114001,163.92252278836003,0.43002142699366597,1,33.17970454444471,72.5919024524294,158.189576769327,13.846153846153847,
268,2025-03-09T08:00:00,CO,26.758412768421458,7811.43408114001,163.92252278836003,0.43002142699366597,1,33.17970454444471,72.5919024524294,158.189576769327,22.692307692307693,6.605682318783685
268,2025-03-09T08:00:00,CO,26.758412768421458,7811.43408114001,163.92252278836003,0.43002142699366597,1,33.17970454444471,72.5919024524294,158.189576769327,31.53846153846154,1.744143003597828
268,2025-03-09T08:00:00,CO,26.758412768421458,7811.43408114001,163.92252278836003,0.43002142699366597,1,33.17970454444471,72.5919024524294,158.189576769327,40.38461538461539,0.4795024169963361
268,2025-03-09T08:00:00,CO,26.758412768421458,7811.43408114001,163.92252278836003,0.43002142699366597,1,33.17970454444471,72.5919024524294,158.189576769327,49.23076923076923,0.14983272021914473
268,2025-03-09T08:00:00,CO,26.758412768421458,7811.43408114001,163.92252278836003,0.43002142699366597,1,33.17970454444471,72.5919024524294,158.189576769327,58.07692307692308,0.05
268,2025-03-09T08:00:00,CO,26.758412768421458,7811.43408114001,163.92252278836003,0.43002142699366597,1,33.17970454444471,72.5919024524294,158.189576769327,66.92307692307693,0.05
268,2025-03-09T08:00:00,CO,26.758412768421458,7811.43408114001,163.92252278836003,0.43002142699366597,1,33.17970454444471,72.5919024524294,158.189576769327,75.76923076923077,0.05
268,2025-03-09T08:00:00,CO,26.758412768421458,7811.43408114001,163.92252278836003,0.43002142699366597,1,33.17970454444471,72.5919024524294,158.189576769327,84.61538461538461,0.05
268,2025-03-09T08:00:00,CO,26.758412768421458,7811.43408114001,163.92252278836003,0.43002142699366597,1,33.17970454444471,72.5919024524294,158.189576769327,93.46153846153847,0.05
268,2025-03-09T08:00:00,CO,26.758412768421458,7811.43408114001,163.92252278836003,0.43002142699366597,1,33.17970454444471,72.5919024524294,158.189576769327,102.30769230769232,0.05
268,2025-03-09T08:00:00,CO,26.758412768421458,7811.43408114001,163.92252278836003,0.43002142699366597,1,33.17970454444471,72.5919024524294,158.189576769327,111.15384615384616,0.05
268,2025-03-09T08:00:00,CO,26.758412768421458,7811.43408114001,163.92252278836003,0.43002142699366597,1,33.17970454444471,72.5919024524294,158.189576769327,120.0,0.05
269,2025-03-09T14:00:00,SO2,69.7028752714878,2563.8081325276607,218.9052655548567,0.5239039229881223,3,35.56058545373149,66.45419085325149,299.3414915375747,5.0,
269,2025-03-09T14:00:00,SO2,69.7028752714878,2563.8081325276607,218.9052655548567,0.5239039229881223,3,35.56058545373149,66.45419085325149,299.3414915375747,13.846153846153847,0.05
269,2025-03-09T14:00:00,SO2,69.7028752714878,2563.8081325276607,218.9052655548567,0.5239039229881223,3,35.56058545373149,66.45419085325149,299.3414915375747,22.692307692307693,0.05
269,2025-03-09T14:00:00,SO2,69.7028752714878,2563.8081325276607,218.9052655548567,0.5239039229881223,3,35.56058545373149,66.45419085325149,299.3414915375747,31.53846153846154,0.05
269,2025-03-09T14:00:00,SO2,69.7028752714878,2563.8081325276607,218.9052655548567,0.5239039229881223,3,35.56058545373149,66.45419085325149,299.3414915375747,40.38461538461539,0.05
269,2025-03-09T14:00:00,SO2,69.7028752714878,2563.8081325276607,218.9052655548567,0.5239039229881223,3,35.56058545373149,66.45419085325149,299.3414915375747,49.23076923076923,0.05
269,2025-03-09T14:00:00,SO2,69.7028752714878,2563.8081325276607,218.9052655548567,0.5239039229881223,3,35.56058545373149,66.45419085325149,299.3414915375747,58.07692307692308,0.05
269,2025-03-09T14:00:00,SO2,69.7028752714878,2563.8081325276607,218.9052655548567,0.5239039229881223,3,35.56058545373149,66.45419085325149,299.3414915375747,66.92307692307693,0.05
269,2025-03-09T14:00:00,SO2,69.7028752714878,2563.8081325276607,218.9052655548567,0.5239039229881223,3,35.56058545373149,66.45419085325149,299.3414915375747,75.76923076923077,0.05
269,2025-03-09T14:00:00,SO2,69.7028752714878,2563.8081325276607,218.9052655548567,0.5239039229881223,3,35.56058545373149,66.45419085325149,299.3414915375747,84.61538461538461,0.05
269,2025-03-09T14:00:00,SO2,69.7028752714878,2563.8081325276607,218.9052655548567,0.5239039229881223,3,35.56058545373149,66.45419085325149,299.3414915375747,93.46153846153847,0.05
269,2025-03-09T14:00:00,SO2,69.7028752714878,2563.8081325276607,218.9052655548567,0.5239039229881223,3,35.56058545373149,66.45419085325149,299.3414915375747,102.30769230769232,0.05
269,2025-03-09T14:00:00,SO2,69.7028752714878,2563.8081325276607,218.9052655548567,0.5239039229881223,3,35.56058545373149,66.45419085325149,299.3414915375747,111.15384615384616,0.05
269,2025-03-09T14:00:00,SO2,69.7028752714878,2563.8081325276607,218.9052655548567,0.5239039229881223,3,35.56058545373149,66.45419085325149,299.3414915375747,120.0,0.05
270,2025-03-09T20:00:00,NOx,45.93332853863113,10368.507554419442,271.50631745877155,0.9181093494312837,3,34.75959396468136,73.76811348555097,211.46299521620156,5.0,54.302761006885994
270,2025-03-09T20:00:00,NOx,45.93332853863113,10368.507554419442,271.50631745877155,0.9181093494312837,3,34.75959396468136,73.76811348555097,211.46299521620156,13.846153846153847,7.262619754292173
270,2025-03-09T20:00:00,NOx,45.93332853863113,10368.507554419442,271.50631745877155,0.9181093494312837,3,34.75959396468136,73.76811348555097,211.46299521620156,22.692307692307693,0.6670728536479736
270,2025-03-09T20:00:00,NOx,45.93332853863113,10368.507554419442,271.50631745877155,0.9181093494312837,3,34.75959396468136,73.76811348555097,211.46299521620156,31.53846153846154,0.07939128671921111
270,2025-03-09T20:00:00,NOx,45.93332853863113,10368.507554419442,271.50631745877155,0.9181093494312837,3,34.75959396468136,73.76811348555097,211.46299521620156,40.38461538461539,0.05
270,2025-03-09T20:00:00,NOx,45.93332853863113,10368.507554419442,271.50631745877155,0.9181093494312837,3,34.75959396468136,73.76811348555097,211.46299521620156,49.23076923076923,0.05
270,2025-03-09T20:00:00,NOx,45.93332853863113,10368.507554419442,271.50631745877155,0.9181093494312837,3,34.75959396468136,73.76811348555097,211.46299521620156,58.07692307692308,0.05
270,2025-03-09T20:00:00,NOx,45.93332853863113,10368.507554419442,271.50631745877155,0.9181093494312837,3,34.75959396468136,73.76811348555097,211.46299521620156,66.92307692307693,0.05
270,2025-03-09T20:00:00,NOx,45.93332853863113,10368.507554419442,271.50631745877155,0.9181093494312837,3,34.75959396468136,73.76811348555097,211.46299521620156,75.76923076923077,0.05
270,2025-03-09T20:00:00,NOx,45.93332853863113,10368.507554419442,271.50631745877155,0.9181093494312837,3,34.75959396468136,73.76811348555097,211.46299521620156,84.61538461538461,0.05
270,2025-03-09T20:00:00,NOx,45.93332853863113,10368.507554419442,271.50631745877155,0.9181093494312837,3,34.75959396468136,73.76811348555097,211.46299521620156,93.46153846153847,0.05
270,2025-03-09T20:00:00,NOx,45.93332853863113,10368.507554419442,271.50631745877155,0.9181093494312837,3,34.75959396468136,73.76811348555097,211.46299521620156,102.30769230769232,0.05
270,2025-03-09T20:00:00,NOx,45.93332853863113,10368.507554419442,271.50631745877155,0.9181093494312837,3,34.75959396468136,73.76811348555097,211.46299521620156,111.15384615384616,0.05
270,2025-03-09T20:00:00,NOx,45.93332853863113,10368.507554419442,271.50631745877155,0.9181093494312837,3,34.75959396468136,73.76811348555097,211.46299521620156,120.0,0.05
271,2025-03-10T02:00:00,CO,91.79504896076853,8809.3890627186,141.9743969606546,,4,35.10623335748804,39.97135881834634,599.3446358511541,5.0,11.272661108100376
271,2025-03-10T02:00:00,CO,91.79504896076853,8809.3890627186,141.9743969606546,1.0005608379042363,4,35.10623335748804,39.97135881834634,599.3446358511541,13.846153846153847,0.05
271,2025-03-10T02:00:00,CO,91.79504896076853,8809.3890627186,141.9743969606546,1.0005608379042363,4,35.10623335748804,39.97135881834634,599.3446358511541,22.692307692307693,0.05
271,2025-03-10T02:00:00,CO,91.79504896076853,8809.3890627186,141.9743969606546,1.0005608379042363,4,35.10623335748804,39.97135881834634,599.3446358511541,31.53846153846154,0.05
271,2025-03-10T02:00:00,CO,91.79504896076853,8809.3890627186,141.9743969606546,1.0005608379042363,4,35.10623335748804,39.97135881834634,599.3446358511541,40.38461538461539,0.05
271,2025-03-10T02:00:00,CO,91.79504896076853,8809.3890627186,141.9743969606546,1.0005608379042363,4,35.10623335748804,39.97135881834634,599.3446358511541,49.23076923076923,0.05
271,2025-03-10T02:00:00,CO,91.79504896076853,8809.3890627186,141.9743969606546,1.0005608379042363,4,35.10623335748804,39.97135881834634,599.3446358511541,58.07692307692308,0.05
271,2025-03-10T02:00:00,CO,91.79504896076853,8809.3890627186,141.9743969606546,1.0005608379042363,4,35.10623335748804,39.97135881834634,599.3446358511541,66.92307692307693,0.05
271,2025-03-10T02:00:00,CO,91.79504896076853,8809.3890627186,141.9743969606546,1.0005608379042363,4,35.10623335748804,39.97135881834634,599.3446358511541,75.76923076923077,0.05
271,2025-03-10T02:00:00,CO,91.79504896076853,8809.3890627186,141.9743969606546,1.0005608379042363,4,35.10623335748804,39.97135881834634,599.3446358511541,84.61538461538461,0.05
271,2025-03-10T02:00:00,CO,91.79504896076853,8809.3890627186,141.9743969606546,1.0005608379042363,4,35.10623335748804,39.97135881834634,599.3446358511541,93.46153846153847,
271,2025-03-10T02:00:00,CO,91.79504896076853,8809.3890627186,141.9743969606546,1.0005608379042363,4,35.10623335748804,39.97135881834634,599.3446358511541,102.30769230769232,0.05
271,2025-03-10T02:00:00,CO,91.79504896076853,8809.3890627186,141.9743969606546,1.0005608379042363,4,35.10623335748804,39.97135881834634,599.3446358511541,111.15384615384616,0.05
271,2025-03-10T02:00:00,CO,91.79504896076853,8809.3890627186,141.9743969606546,1.0005608379042363,4,35.10623335748804,39.97135881834634,599.3446358511541,120.0,0.05
272,2025-03-10T08:00:00,SO2,107.95840681330309,3650.9287720033026,306.80487777707236,0.2777330966129942,1,23.22012217605193,64.88770561741504,685.3567521116696,5.0,1.1647727556094531
272,2025-03-10T08:00:00,SO2,107.95840681330309,3650.9287720033026,306.80487777707236,0.2777330966129942,1,23.22012217605193,64.88770561741504,685.3567521116696,13.846153846153847,0.05
272,2025-03-10T08:00:00,SO2,107.95840681330309,3650.9287720033026,306.80487777707236,0.2777330966129942,1,23.22012217605193,64.88770561741504,685.3567521116696,22.692307692307693,0.05
272,2025-03-10T08:00:00,SO2,107.95840681330309,3650.9287720033026,306.80487777707236,0.2777330966129942,1,23.22012217605193,64.88770561741504,685.3567521116696,31.53846153846154,0.05
272,2025-03-10T08:00:00,SO2,107.95840681330309,3650.9287720033026,306.80487777707236,0.2777330966129942,1,23.22012217605193,64.88770561741504,685.3567521116696,40.38461538461539,0.05
272,2025-03-10T08:00:00,SO2,107.95840681330309,3650.9287720033026,306.80487777707236,0.2777330966129942,1,23.22012217605193,64.88770561741504,685.3567521116696,49.23076923076923,0.05
272,2025-03-10T08:00:00,SO2,107.95840681330309,3650.9287720033026,306.80487777707236,0.2777330966129942,1,23.22012217605193,64.88770561741504,685.3567521116696,58.07692307692308,0.05
272,2025-03-10T08:00:00,SO2,107.95840681330309,3650.9287720033026,306.80487777707236,0.2777330966129942,1,23.22012217605193,64.88770561741504,685.3567521116696,66.92307692307693,0.05
272,2025-03-10T08:00:00,SO2,107.95840681330309,3650.9287720033026,306.80487777707236,0.2777330966129942,1,23.22012217605193,64.88770561741504,685.3567521116696,75.76923076923077,0.05
272,2025-03-10T08:00:00,SO2,107.95840681330309,3650.9287720033026,306.80487777707236,0.2777330966129942,1,23.22012217605193,64.88770561741504,685.3567521116696,84.61538461538461,0.05
272,2025-03-10T08:00:00,SO2,107.95840681330309,3650.9287720033026,306.80487777707236,0.2777330966129942,1,23.22012217605193,64.88770561741504,685.3567521116696,93.46153846153847,0.05
272,2025-03-10T08:00:00,SO2,107.95840681330309,3650.9287720033026,306.80487777707236,0.2777330966129942,1,23.22012217605193,64.88770561741504,685.3567521116696,102.30769230769232,0.05
272,2025-03-10T08:00:00,SO2,107.95840681330309,3650.9287720033026,306.80487777707236,0.2777330966129942,1,23.22012217605193,64.88770561741504,685.3567521116696,111.15384615384616,0.05
272,2025-03-10T08:00:00,SO2,107.95840681330309,3650.9287720033026,306.80487777707236,0.2777330966129942,1,23.22012217605193,64.88770561741504,685.3567521116696,120.0,0.05
273,2025-03-10T14:00:00,NOx,74.1381909940378,9607.57058386594,92.34608177657061,0.4921500292846501,4,33.042138654767214,33.970285144697506,396.7782965698861,5.0,23.44032451374485
273,2025-03-10T14:00:00,NOx,74.1381909940378,9607.57058386594,92.34608177657061,0.4921500292846501,4,33.042138654767214,33.970285144697506,396.7782965698861,13.846153846153847,0.20154314325219783
273,2025-03-10T14:00:00,NOx,74.1381909940378,9607.57058386594,92.34608177657061,0.4921500292846501,4,33.042138654767214,33.970285144697506,396.7782965698861,22.692307692307693,0.05
273,2025-03-10T14:00:00,NOx,74.1381909940378,9607.57058386594,92.34608177657061,0.4921500292846501,4,33.042138654767214,33.970285144697506,396.7782965698861,31.53846153846154,0.05
273,2025-03-10T14:00:00,NOx,74.1381909940378,9607.57058386594,92.34608177657061,0.4921500292846501,4,,33.970285144697506,396.7782965698861,40.38461538461539,0.05
273,2025-03-10T14:00:00,NOx,74.1381909940378,9607.57058386594,92.34608177657061,0.4921500292846501,4,33.042138654767214,33.970285144697506,396.7782965698861,49.23076923076923,0.05
273,2025-03-10T14:00:00,NOx,74.1381909940378,9607.57058386594,92.34608177657061,0.4921500292846501,4,33.042138654767214,33.970285144697506,396.7782965698861,58.07692307692308,0.05
273,2025-03-10T14:00:00,NOx,74.1381909940378,9607.57058386594,92.34608177657061,0.4921500292846501,4,33.042138654767214,33.970285144697506,396.7782965698861,66.92307692307693,0.05
273,2025-03-10T14:00:00,NOx,74.1381909940378,9607.57058386594,92.34608177657061,0.4921500292846501,4,33.042138654767214,33.970285144697506,396.7782965698861,75.76923076923077,0.05
273,2025-03-10T14:00:00,NOx,74.1381909940378,9607.57058386594,92.34608177657061,0.4921500292846501,4,33.042138654767214,33.970285144697506,396.7782965698861,84.61538461538461,0.05
273,2025-03-10T14:00:00,NOx,74.1381909940378,9607.57058386594,92.34608177657061,0.4921500292846501,4,33.042138654767214,33.970285144697506,396.7782965698861,93.46153846153847,0.05
273,2025-03-10T14:00:00,NOx,74.1381909940378,9607.57058386594,92.34608177657061,0.4921500292846501,4,33.042138654767214,33.970285144697506,396.7782965698861,102.30769230769232,0.05
273,2025-03-10T14:00:00,NOx,74.1381909940378,9607.57058386594,92.34608177657061,0.4921500292846501,4,33.042138654767214,33.970285144697506,396.7782965698861,111.15384615384616,0.05
273,2025-03-10T14:00:00,NOx,74.1381909940378,9607.57058386594,92.34608177657061,0.4921500292846501,4,33.042138654767214,33.970285144697506,396.7782965698861,120.0,0.05
274,2025-03-10T20:00:00,NOx,17.471995962549997,5825.291248228115,102.08775530411671,0.4159752861428637,4,28.113117792804314,69.5719950589305,718.1527334562134,5.0,343.3886438198215
274,2025-03-10T20:00:00,NOx,17.471995962549997,5825.291248228115,102.08775530411671,0.4159752861428637,4,28.113117792804314,69.5719950589305,718.1527334562134,13.846153846153847,82.3770353092807
274,2025-03-10T20:00:00,NOx,17.471995962549997,5825.291248228115,102.08775530411671,0.4159752861428637,4,28.113117792804314,69.5719950589305,718.1527334562134,22.692307692307693,19.71511747802525
274,2025-03-10T20:00:00,NOx,17.471995962549997,5825.291248228115,102.08775530411671,0.4159752861428637,4,28.113117792804314,69.5719950589305,718.1527334562134,31.53846153846154,4.732796961152428
274,2025-03-10T20:00:00,NOx,17.471995962549997,5825.291248228115,102.08775530411671,0.4159752861428637,4,28.113117792804314,69.5719950589305,718.1527334562134,40.38461538461539,1.1187532645682776
274,2025-03-10T20:00:00,NOx,17.471995962549997,5825.291248228115,102.08775530411671,0.4159752861428637,4,28.113117792804314,69.5719950589305,718.1527334562134,49.23076923076923,0.31452697152304104
274,2025-03-10T20:00:00,NOx,17.471995962549997,5825.291248228115,102.08775530411671,0.4159752861428637,4,28.113117792804314,69.5719950589305,718.1527334562134,58.07692307692308,0.06644379477309197
274,2025-03-10T20:00:00,NOx,17.471995962549997,5825.291248228115,102.08775530411671,0.4159752861428637,4,28.113117792804314,69.5719950589305,718.1527334562134,66.92307692307693,0.05
274,2025-03-10T20:00:00,NOx,17.471995962549997,5825.291248228115,102.08775530411671,0.4159752861428637,4,28.113117792804314,69.5719950589305,718.1527334562134,75.76923076923077,0.05
274,2025-03-10T20:00:00,NOx,17.471995962549997,5825.291248228115,102.08775530411671,0.4159752861428637,4,28.113117792804314,69.5719950589305,718.1527334562134,84.61538461538461,0.05
274,2025-03-10T20:00:00,NOx,17.471995962549997,5825.291248228115,102.08775530411671,0.4159752861428637,4,28.113117792804314,69.5719950589305,718.1527334562134,93.46153846153847,0.05
274,2025-03-10T20:00:00,NOx,17.471995962549997,5825.291248228115,102.08775530411671,0.4159752861428637,4,28.113117792804314,69.5719950589305,718.1527334562134,102.30769230769232,0.05
274,2025-03-10T20:00:00,NOx,17.471995962549997,5825.291248228115,102.08775530411671,0.4159752861428637,4,28.113117792804314,69.5719950589305,718.1527334562134,111.15384615384616,0.05
274,2025-03-10T20:00:00,NOx,17.471995962549997,5825.291248228115,102.08775530411671,0.4159752861428637,4,28.113117792804314,69.5719950589305,718.1527334562134,120.0,0.05
275,2025-03-11T02:00:00,SO2,27.615219433692502,10604.908285695505,126.48724117737336,0.8608863381026138,2,25.054688085206756,32.087573596871415,757.6754020345464,5.0,372.5747201393683
275,2025-03-11T02:00:00,SO2,27.615219433692502,10604.908285695505,126.48724117737336,0.8608863381026138,2,25.054688085206756,32.087573596871415,757.6754020345464,13.846153846153847,79.33595046585516
275,2025-03-11T02:00:00,SO2,27.615219433692502,10604.908285695505,126.48724117737336,0.8608863381026138,2,25.054688085206756,32.087573596871415,757.6754020345464,22.692307692307693,21.24072575938055
275,2025-03-11T02:00:00,SO2,27.615219433692502,10604.908285695505,126.48724117737336,0.8608863381026138,2,25.054688085206756,32.087573596871415,757.6754020345464,31.53846153846154,4.7144819890365515
275,2025-03-11T02:00:00,SO2,27.615219433692502,10604.908285695505,126.48724117737336,0.8608863381026138,2,25.054688085206756,32.087573596871415,757.6754020345464,40.38461538461539,1.2869246997831187
275,2025-03-11T02:00:00,SO2,27.615219433692502,10604.908285695505,126.48724117737336,0.8608863381026138,2,25.054688085206756,32.087573596871415,757.6754020345464,49.23076923076923,0.3439462243837528
275,2025-03-11T02:00:00,SO2,27.615219433692502,10604.908285695505,126.48724117737336,0.8608863381026138,2,25.054688085206756,32.087573596871415,757.6754020345464,58.07692307692308,0.07766102148689276
275,2025-03-11T02:00:00,SO2,27.615219433692502,10604.908285695505,126.48724117737336,0.8608863381026138,2,25.054688085206756,32.087573596871415,757.6754020345464,66.92307692307693,0.05
275,2025-03-11T02:00:00,SO2,27.615219433692502,10604.908285695505,126.48724117737336,0.8608863381026138,2,25.054688085206756,32.087573596871415,757.6754020345464,75.76923076923077,0.05
275,2025-03-11T02:00:00,SO2,27.615219433692502,10604.908285695505,126.48724117737336,0.8608863381026138,2,25.054688085206756,32.087573596871415,757.6754020345464,84.61538461538461,0.05
275,2025-03-11T02:00:00,SO2,27.615219433692502,10604.908285695505,126.48724117737336,0.8608863381026138,2,25.054688085206756,32.087573596871415,757.6754020345464,93.46153846153847,0.05
275,2025-03-11T02:00:00,SO2,27.615219433692502,10604.908285695505,126.48724117737336,0.8608863381026138,2,25.054688085206756,32.087573596871415,757.6754020345464,102.30769230769232,0.05
275,2025-03-11T02:00:00,SO2,27.615219433692502,10604.908285695505,126.48724117737336,0.8608863381026138,2,25.054688085206756,32.087573596871415,757.6754020345464,111.15384615384616,0.05
275,2025-03-11T02:00:00,SO2,27.615219433692502,10604.908285695505,126.48724117737336,0.8608863381026138,2,25.054688085206756,32.087573596871415,757.6754020345464,120.0,0.05
276,2025-03-11T08:00:00,SO2,76.9899608824244,9192.518266392293,104.78028400817284,0.8966749173737955,3,18.06989962218694,83.00425448032456,696.5249070073994,5.0,51.6890047422535
276,2025-03-11T08:00:00,SO2,76.9899608824244,9192.518266392293,104.78028400817284,0.8966749173737955,3,18.06989962218694,83.00425448032456,696.5249070073994,13.846153846153847,0.5825077449912153
276,2025-03-11T08:00:00,SO2,76.9899608824244,9192.518266392293,104.78028400817284,0.8966749173737955,3,18.06989962218694,83.00425448032456,696.5249070073994,22.692307692307693,0.05
276,2025-03-11T08:00:00,SO2,76.9899608824244,9192.518266392293,104.78028400817284,0.8966749173737955,3,18.06989962218694,83.00425448032456,696.5249070073994,31.53846153846154,0.05
276,2025-03-11T08:00:00,SO2,76.9899608824244,9192.518266392293,104.78028400817284,0.8966749173737955,3,18.06989962218694,83.00425448032456,696.5249070073994,40.38461538461539,0.05
276,2025-03-11T08:00:00,SO2,76.9899608824244,9192.518266392293,104.78028400817284,0.8966749173737955,3,18.06989962218694,83.00425448032456,696.5249070073994,49.23076923076923,0.05
276,2025-03-11T08:00:00,SO2,76.9899608824244,9192.518266392293,104.78028400817284,0.8966749173737955,3,18.06989962218694,83.00425448032456,696.5249070073994,58.07692307692308,0.05
276,2025-03-11T08:00:00,SO2,76.9899608824244,9192.518266392293,104.78028400817284,0.8966749173737955,3,18.06989962218694,83.00425448032456,696.5249070073994,66.92307692307693,0.05
276,2025-03-11T08:00:00,SO2,76.9899608824244,9192.518266392293,104.78028400817284,0.8966749173737955,3,18.06989962218694,83.00425448032456,696.5249070073994,75.76923076923077,0.05
276,2025-03-11T08:00:00,SO2,76.9899608824244,9192.518266392293,104.78028400817284,0.8966749173737955,3,18.06989962218694,83.00425448032456,696.5249070073994,84.61538461538461,0.05
276,2025-03-11T08:00:00,SO2,76.9899608824244,9192.518266392293,104.78028400817284,,3,18.06989962218694,83.00425448032456,696.5249070073994,93.46153846153847,0.05
276,2025-03-11T08:00:00,SO2,76.9899608824244,9192.518266392293,104.78028400817284,0.8966749173737955,3,18.06989962218694,83.00425448032456,696.5249070073994,102.30769230769232,0.05
276,2025-03-11T08:00:00,SO2,76.9899608824244,9192.518266392293,104.78028400817284,0.8966749173737955,3,18.06989962218694,83.00425448032456,696.5249070073994,111.15384615384616,0.05
276,2025-03-11T08:00:00,SO2,76.9899608824244,9192.518266392293,104.78028400817284,0.8966749173737955,3,18.06989962218694,83.00425448032456,696.5249070073994,120.0,0.05
277,2025-03-11T14:00:00,SO2,35.88036640078291,2016.2149100815582,34.24479066112858,1.2155267558348977,1,23.13233491877084,55.569916308266485,124.82819547083837,5.0,0.3302129303524705
277,2025-03-11T14:00:00,SO2,35.88036640078291,2016.2149100815582,34.24479066112858,1.2155267558348977,1,23.13233491877084,55.569916308266485,124.82819547083837,13.846153846153847,0.05
277,2025-03-11T14:00:00,SO2,35.88036640078291,2016.2149100815582,34.24479066112858,1.2155267558348977,1,23.13233491877084,55.569916308266485,124.82819547083837,22.692307692307693,0.05
277,2025-03-11T14:00:00,SO2,35.88036640078291,2016.2149100815582,34.24479066112858,1.2155267558348977,1,23.13233491877084,55.569916308266485,124.82819547083837,31.53846153846154,0.05
277,2025-03-11T14:00:00,SO2,35.88036640078291,2016.2149100815582,34.24479066112858,1.2155267558348977,1,23.13233491877084,55.569916308266485,124.82819547083837,40.38461538461539,0.05
277,2025-03-11T14:00:00,SO2,35.88036640078291,2016.2149100815582,34.24479066112858,1.2155267558348977,1,23.13233491877084,55.569916308266485,124.82819547083837,49.23076923076923,0.05
277,2025-03-11T14:00:00,SO2,35.88036640078291,2016.2149100815582,34.24479066112858,1.2155267558348977,1,23.13233491877084,55.569916308266485,124.82819547083837,58.07692307692308,0.05
277,2025-03-11T14:00:00,SO2,35.88036640078291,2016.2149100815582,34.24479066112858,1.2155267558348977,1,23.13233491877084,55.569916308266485,124.82819547083837,66.92307692307693,0.05
277,2025-03-11T14:00:00,SO2,35.88036640078291,2016.2149100815582,34.24479066112858,1.2155267558348977,1,23.13233491877084,55.569916308266485,124.82819547083837,75.76923076923077,0.05
277,2025-03-11T14:00:00,SO2,35.88036640078291,2016.2149100815582,34.24479066112858,1.2155267558348977,1,23.13233491877084,55.569916308266485,124.82819547083837,84.61538461538461,0.05
277,2025-03-11T14:00:00,SO2,35.88036640078291,2016.2149100815582,34.24479066112858,1.2155267558348977,1,23.13233491877084,55.569916308266485,124.82819547083837,93.46153846153847,0.05
277,2025-03-11T14:00:00,SO2,35.88036640078291,2016.2149100815582,34.24479066112858,1.2155267558348977,1,23.13233491877084,55.569916308266485,124.82819547083837,102.30769230769232,0.05
277,2025-03-11T14:00:00,SO2,35.88036640078291,2016.2149100815582,34.24479066112858,1.2155267558348977,1,23.13233491877084,55.569916308266485,124.82819547083837,111.15384615384616,0.05
277,2025-03-11T14:00:00,SO2,35.88036640078291,2016.2149100815582,34.24479066112858,1.2155267558348977,1,23.13233491877084,55.569916308266485,124.82819547083837,120.0,0.05
278,2025-03-11T20:00:00,NOx,85.14350151726134,1477.1920279640874,399.95554294044047,1.0322080399552376,1,23.258281442576884,32.322867985207246,573.8616756219562,5.0,0.05
278,2025-03-11T20:00:00,NOx,85.14350151726134,1477.1920279640874,399.95554294044047,1.0322080399552376,1,23.258281442576884,32.322867985207246,573.8616756219562,13.846153846153847,0.05
278,2025-03-11T20:00:00,NOx,85.14350151726134,1477.1920279640874,399.95554294044047,1.0322080399552376,1,23.258281442576884,32.322867985207246,573.8616756219562,22.692307692307693,0.05
278,2025-03-11T20:00:00,NOx,85.14350151726134,1477.1920279640874,399.95554294044047,1.0322080399552376,1,23.258281442576884,32.322867985207246,573.8616756219562,31.53846153846154,0.05
278,2025-03-11T20:00:00,NOx,85.14350151726134,1477.1920279640874,399.95554294044047,1.0322080399552376,1,23.258281442576884,32.322867985207246,573.8616756219562,40.38461538461539,0.05
278,2025-03-11T20:00:00,NOx,85.14350151726134,1477.1920279640874,399.95554294044047,1.0322080399552376,1,23.258281442576884,32.322867985207246,573.8616756219562,49.23076923076923,0.05
278,2025-03-11T20:00:00,NOx,85.14350151726134,1477.1920279640874,399.95554294044047,1.0322080399552376,1,,32.322867985207246,573.8616756219562,58.07692307692308,0.05
278,2025-03-11T20:00:00,NOx,85.14350151726134,1477.1920279640874,399.95554294044047,1.0322080399552376,1,23.258281442576884,32.322867985207246,573.8616756219562,66.92307692307693,0.05
278,2025-03-11T20:00:00,NOx,85.14350151726134,1477.1920279640874,399.95554294044047,1.0322080399552376,1,23.258281442576884,32.322867985207246,573.8616756219562,75.76923076923077,0.05
278,2025-03-11T20:00:00,NOx,85.14350151726134,1477.1920279640874,399.95554294044047,1.0322080399552376,1,23.258281442576884,32.322867985207246,573.8616756219562,84.61538461538461,0.05
278,2025-03-11T20:00:00,NOx,85.14350151726134,1477.1920279640874,399.95554294044047,1.0322080399552376,1,23.258281442576884,32.322867985207246,573.8616756219562,93.46153846153847,0.05
278,2025-03-11T20:00:00,NOx,85.14350151726134,1477.1920279640874,399.95554294044047,1.0322080399552376,1,23.258281442576884,32.322867985207246,573.8616756219562,102.30769230769232,0.05
278,2025-03-11T20:00:00,NOx,85.14350151726134,1477.1920279640874,399.95554294044047,1.0322080399552376,1,23.258281442576884,32.322867985207246,573.8616756219562,111.15384615384616,0.05
278,2025-03-11T20:00:00,NOx,85.14350151726134,1477.1920279640874,399.95554294044047,1.0322080399552376,1,23.258281442576884,32.322867985207246,573.8616756219562,120.0,0.05
279,2025-03-12T02:00:00,NOx,68.25935281986176,5021.472062702179,281.9074555011358,1.5443683758867008,3,33.7608806739662,50.45359702199425,292.6580700647253,5.0,5.1233675409039945
279,2025-03-12T02:00:00,NOx,68.25935281986176,5021.472062702179,281.9074555011358,1.5443683758867008,3,33.7608806739662,50.45359702199425,292.6580700647253,13.846153846153847,0.05
279,2025-03-12T02:00:00,NOx,68.25935281986176,5021.472062702179,281.9074555011358,1.5443683758867008,3,33.7608806739662,50.45359702199425,292.6580700647253,22.692307692307693,0.05
279,2025-03-12T02:00:00,NOx,68.25935281986176,5021.472062702179,281.9074555011358,1.5443683758867008,3,33.7608806739662,50.45359702199425,292.6580700647253,31.53846153846154,0.05
279,2025-03-12T02:00:00,NOx,68.25935281986176,5021.472062702179,281.9074555011358,1.5443683758867008,3,33.7608806739662,50.45359702199425,292.6580700647253,40.38461538461539,0.05
279,2025-03-12T02:00:00,NOx,68.25935281986176,5021.472062702179,281.9074555011358,1.5443683758867008,3,33.7608806739662,50.45359702199425,292.6580700647253,49.23076923076923,0.05
279,2025-03-12T02:00:00,NOx,68.25935281986176,5021.472062702179,281.9074555011358,1.5443683758867008,3,33.7608806739662,,292.6580700647253,58.07692307692308,0.05
279,2025-03-12T02:00:00,NOx,68.25935281986176,5021.472062702179,281.9074555011358,1.5443683758867008,3,33.7608806739662,50.45359702199425,292.6580700647253,66.92307692307693,0.05
279,2025-03-12T02:00:00,NOx,68.25935281986176,5021.472062702179,281.9074555011358,1.5443683758867008,3,33.7608806739662,50.45359702199425,292.6580700647253,75.76923076923077,0.05
279,2025-03-12T02:00:00,NOx,68.25935281986176,5021.472062702179,281.9074555011358,1.5443683758867008,3,33.7608806739662,50.45359702199425,292.6580700647253,84.61538461538461,0.05
279,2025-03-12T02:00:00,NOx,68.25935281986176,5021.472062702179,281.9074555011358,1.5443683758867008,3,33.7608806739662,50.45359702199425,292.6580700647253,93.46153846153847,0.05
279,2025-03-12T02:00:00,NOx,68.25935281986176,5021.472062702179,281.9074555011358,1.5443683758867008,3,33.7608806739662,50.45359702199425,292.6580700647253,102.30769230769232,0.05
279,2025-03-12T02:00:00,NOx,68.25935281986176,5021.472062702179,281.9074555011358,1.5443683758867008,3,33.7608806739662,50.45359702199425,292.6580700647253,111.15384615384616,0.05
279,2025-03-12T02:00:00,NOx,68.25935281986176,5021.472062702179,281.9074555011358,1.5443683758867008,3,33.7608806739662,50.45359702199425,292.6580700647253,120.0,0.05
280,2025-03-12T08:00:00,CO,108.30379561232203,1203.902345724925,222.08209992439708,1.1417181546200337,0,29.875724538663516,74.46905627435972,209.2451744090577,5.0,0.05
280,2025-03-12T08:00:00,CO,108.30379561232203,1203.902345724925,222.08209992439708,1.1417181546200337,0,29.875724538663516,74.46905627435972,209.2451744090577,13.846153846153847,0.05
280,2025-03-12T08:00:00,CO,108.30379561232203,1203.902345724925,222.08209992439708,1.1417181546200337,0,29.875724538663516,74.46905627435972,209.2451744090577,22.692307692307693,0.05
280,2025-03-12T08:00:00,CO,108.30379561232203,1203.902345724925,222.08209992439708,1.1417181546200337,0,29.875724538663516,74.46905627435972,209.2451744090577,31.53846153846154,0.05
280,2025-03-12T08:00:00,CO,108.30379561232203,1203.902345724925,222.08209992439708,1.1417181546200337,0,29.875724538663516,74.46905627435972,209.2451744090577,40.38461538461539,0.05
280,2025-03-12T08:00:00,CO,108.30379561232203,1203.902345724925,222.08209992439708,1.1417181546200337,0,29.875724538663516,74.46905627435972,209.2451744090577,49.23076923076923,0.05
280,2025-03-12T08:00:00,CO,108.30379561232203,1203.902345724925,222.08209992439708,1.1417181546200337,0,29.875724538663516,74.46905627435972,209.2451744090577,58.07692307692308,0.05
280,2025-03-12T08:00:00,CO,108.30379561232203,1203.902345724925,222.08209992439708,1.1417181546200337,0,29.875724538663516,74.46905627435972,209.2451744090577,66.92307692307693,
280,2025-03-12T08:00:00,CO,108.30379561232203,1203.902345724925,222.08209992439708,1.1417181546200337,0,29.875724538663516,74.46905627435972,209.2451744090577,75.76923076923077,0.05
280,2025-03-12T08:00:00,CO,108.30379561232203,1203.902345724925,222.08209992439708,1.1417181546200337,0,29.875724538663516,74.46905627435972,209.2451744090577,84.61538461538461,0.05
280,2025-03-12T08:00:00,CO,108.30379561232203,1203.902345724925,222.08209992439708,1.1417181546200337,0,29.875724538663516,74.46905627435972,209.2451744090577,93.46153846153847,0.05
280,2025-03-12T08:00:00,CO,108.30379561232203,1203.902345724925,222.08209992439708,1.1417181546200337,0,29.875724538663516,74.46905627435972,209.2451744090577,102.30769230769232,0.05
280,2025-03-12T08:00:00,CO,108.30379561232203,1203.902345724925,222.08209992439708,1.1417181546200337,0,29.875724538663516,74.46905627435972,209.2451744090577,111.15384615384616,0.05
280,2025-03-12T08:00:00,CO,108.30379561232203,1203.902345724925,222.08209992439708,1.1417181546200337,0,29.875724538663516,74.46905627435972,209.2451744090577,120.0,0.05
281,2025-03-12T14:00:00,CO,79.28460178439049,11767.378399655716,81.40595689999526,0.8689547643441925,4,27.883176418442535,35.007832829428146,444.00096035795923,5.0,64.71188108120022
281,2025-03-12T14:00:00,CO,79.28460178439049,11767.378399655716,81.40595689999526,0.8689547643441925,4,27.883176418442535,35.007832829428146,444.00096035795923,13.846153846153847,2.00700347188487
281,2025-03-12T14:00:00,CO,79.28460178439049,11767.378399655716,81.40595689999526,0.8689547643441925,4,27.883176418442535,35.007832829428146,444.00096035795923,22.692307692307693,0.06348226183598796
281,2025-03-12T14:00:00,CO,79.28460178439049,11767.378399655716,81.40595689999526,0.8689547643441925,4,27.883176418442535,35.007832829428146,444.00096035795923,31.53846153846154,0.05
281,2025-03-12T14:00:00,CO,79.28460178439049,11767.378399655716,81.40595689999526,0.8689547643441925,4,27.883176418442535,35.007832829428146,444.00096035795923,40.38461538461539,0.05
281,2025-03-12T14:00:00,CO,79.28460178439049,11767.378399655716,81.40595689999526,0.8689547643441925,4,27.883176418442535,35.007832829428146,444.00096035795923,49.23076923076923,0.05
281,2025-03-12T14:00:00,CO,79.28460178439049,11767.378399655716,81.40595689999526,0.8689547643441925,4,27.883176418442535,35.007832829428146,444.00096035795923,58.07692307692308,0.05
281,2025-03-12T14:00:00,CO,79.28460178439049,11767.378399655716,81.40595689999526,0.8689547643441925,4,27.883176418442535,35.007832829428146,444.00096035795923,66.92307692307693,0.05
281,2025-03-12T14:00:00,CO,79.28460178439049,11767.378399655716,81.40595689999526,0.8689547643441925,4,27.883176418442535,35.007832829428146,444.00096035795923,75.76923076923077,0.05
281,2025-03-12T14:00:00,CO,79.28460178439049,11767.378399655716,81.40595689999526,0.8689547643441925,4,27.883176418442535,35.007832829428146,444.00096035795923,84.61538461538461,0.05
281,2025-03-12T14:00:00,CO,79.28460178439049,11767.378399655716,81.40595689999526,0.8689547643441925,4,27.883176418442535,35.007832829428146,444.00096035795923,93.46153846153847,
281,2025-03-12T14:00:00,CO,79.28460178439049,11767.378399655716,81.40595689999526,0.8689547643441925,4,27.883176418442535,35.007832829428146,444.00096035795923,102.30769230769232,0.05
281,2025-03-12T14:00:00,CO,79.28460178439049,11767.378399655716,81.40595689999526,0.8689547643441925,4,27.883176418442535,35.007832829428146,444.00096035795923,111.15384615384616,0.05
281,2025-03-12T14:00:00,CO,79.28460178439049,11767.378399655716,81.40595689999526,0.8689547643441925,4,,35.007832829428146,444.00096035795923,120.0,0.05
282,2025-03-12T20:00:00,CO,57.78750406834204,5161.782960669357,44.52009859365722,0.6214265196905591,0,29.558911428192506,73.37004980536182,452.4429137293813,5.0,20.14605698198683
282,2025-03-12T20:00:00,CO,57.78750406834204,5161.782960669357,44.52009859365722,0.6214265196905591,0,29.558911428192506,73.37004980536182,452.4429137293813,13.846153846153847,0.07958903381273806
282,2025-03-12T20:00:00,CO,57.78750406834204,5161.782960669357,44.52009859365722,0.6214265196905591,0,29.558911428192506,73.37004980536182,452.4429137293813,22.692307692307693,0.05
282,2025-03-12T20:00:00,CO,57.78750406834204,5161.782960669357,44.52009859365722,0.6214265196905591,0,29.558911428192506,73.37004980536182,452.4429137293813,31.53846153846154,0.05
282,2025-03-12T20:00:00,CO,57.78750406834204,5161.782960669357,44.52009859365722,0.6214265196905591,0,29.558911428192506,73.37004980536182,452.4429137293813,40.38461538461539,0.05
282,2025-03-12T20:00:00,CO,57.78750406834204,5161.782960669357,44.52009859365722,0.6214265196905591,0,29.558911428192506,73.37004980536182,452.4429137293813,49.23076923076923,0.05
282,2025-03-12T20:00:00,CO,57.78750406834204,5161.782960669357,44.52009859365722,0.6214265196905591,0,29.558911428192506,73.37004980536182,452.4429137293813,58.07692307692308,0.05
282,2025-03-12T20:00:00,CO,57.78750406834204,5161.782960669357,44.52009859365722,0.6214265196905591,0,29.558911428192506,73.37004980536182,452.4429137293813,66.92307692307693,0.05
282,2025-03-12T20:00:00,CO,57.78750406834204,5161.782960669357,44.52009859365722,0.6214265196905591,0,29.558911428192506,73.37004980536182,452.4429137293813,75.76923076923077,0.05
282,2025-03-12T20:00:00,CO,57.78750406834204,5161.782960669357,44.52009859365722,0.6214265196905591,0,29.558911428192506,73.37004980536182,452.4429137293813,84.61538461538461,0.05
282,2025-03-12T20:00:00,CO,57.78750406834204,5161.782960669357,44.52009859365722,0.6214265196905591,0,29.558911428192506,73.37004980536182,452.4429137293813,93.46153846153847,0.05
282,2025-03-12T20:00:00,CO,57.78750406834204,5161.782960669357,44.52009859365722,0.6214265196905591,0,29.558911428192506,73.37004980536182,452.4429137293813,102.30769230769232,0.05
282,2025-03-12T20:00:00,CO,57.78750406834204,5161.782960669357,44.52009859365722,0.6214265196905591,0,29.558911428192506,73.37004980536182,452.4429137293813,111.15384615384616,0.05
282,2025-03-12T20:00:00,CO,57.78750406834204,5161.782960669357,44.52009859365722,0.6214265196905591,0,29.558911428192506,73.37004980536182,452.4429137293813,120.0,0.05
283,2025-03-13T02:00:00,NOx,61.19003641869934,8549.520526747077,37.066977545228326,0.6158276999112368,3,33.54785462575256,79.59862639102711,373.135813140562,5.0,38.343643836120684
283,2025-03-13T02:00:00,NOx,61.19003641869934,8549.520526747077,37.066977545228326,0.6158276999112368,3,33.54785462575256,79.59862639102711,373.135813140562,13.846153846153847,0.7954544243629162
283,2025-03-13T02:00:00,NOx,61.19003641869934,8549.520526747077,37.066977545228326,0.6158276999112368,3,33.54785462575256,79.59862639102711,373.135813140562,22.692307692307693,0.05
283,2025-03-13T02:00:00,NOx,61.19003641869934,8549.520526747077,37.066977545228326,0.6158276999112368,3,33.54785462575256,79.59862639102711,373.135813140562,31.53846153846154,0.05
283,2025-03-13T02:00:00,NOx,61.19003641869934,8549.520526747077,37.066977545228326,0.6158276999112368,3,33.54785462575256,79.59862639102711,373.135813140562,40.38461538461539,0.05
283,2025-03-13T02:00:00,NOx,61.19003641869934,8549.520526747077,37.066977545228326,0.6158276999112368,3,33.54785462575256,79.59862639102711,373.135813140562,49.23076923076923,0.05
283,2025-03-13T02:00:00,NOx,61.19003641869934,8549.520526747077,37.066977545228326,0.6158276999112368,3,33.54785462575256,79.59862639102711,373.135813140562,58.07692307692308,0.05
283,2025-03-13T02:00:00,NOx,61.19003641869934,8549.520526747077,37.066977545228326,0.6158276999112368,3,33.54785462575256,79.59862639102711,373.135813140562,66.92307692307693,0.05
283,2025-03-13T02:00:00,NOx,61.19003641869934,8549.520526747077,37.066977545228326,0.6158276999112368,3,33.54785462575256,79.59862639102711,373.135813140562,75.76923076923077,0.05
283,2025-03-13T02:00:00,NOx,61.19003641869934,8549.520526747077,37.066977545228326,0.6158276999112368,3,33.54785462575256,79.59862639102711,373.135813140562,84.61538461538461,0.05
283,2025-03-13T02:00:00,NOx,61.19003641869934,8549.520526747077,37.066977545228326,0.6158276999112368,3,33.54785462575256,79.59862639102711,373.135813140562,93.46153846153847,0.05
283,2025-03-13T02:00:00,NOx,61.19003641869934,8549.520526747077,37.066977545228326,0.6158276999112368,3,33.54785462575256,,373.135813140562,102.30769230769232,0.05
283,2025-03-13T02:00:00,NOx,61.19003641869934,8549.520526747077,37.066977545228326,0.6158276999112368,3,33.54785462575256,79.59862639102711,373.135813140562,111.15384615384616,0.05
283,2025-03-13T02:00:00,NOx,61.19003641869934,8549.520526747077,37.066977545228326,0.6158276999112368,3,33.54785462575256,,373.135813140562,120.0,0.05
284,2025-03-13T08:00:00,CO,74.96277159488383,6004.48787817819,440.3870065936549,0.947125721763036,2,25.898670862570725,57.876397036787,309.7331488862285,5.0,22.79884895913073
284,2025-03-13T08:00:00,CO,74.96277159488383,6004.48787817819,440.3870065936549,0.947125721763036,2,25.898670862570725,57.876397036787,309.7331488862285,13.846153846153847,0.2287267528593847
284,2025-03-13T08:00:00,CO,74.96277159488383,6004.48787817819,440.3870065936549,0.947125721763036,2,25.898670862570725,57.876397036787,309.7331488862285,22.692307692307693,0.05
284,2025-03-13T08:00:00,CO,74.96277159488383,6004.48787817819,440.3870065936549,0.947125721763036,2,25.898670862570725,57.876397036787,309.7331488862285,31.53846153846154,0.05
284,2025-03-13T08:00:00,CO,74.96277159488383,6004.48787817819,440.3870065936549,0.947125721763036,2,25.898670862570725,57.876397036787,309.7331488862285,40.38461538461539,0.05
284,2025-03-13T08:00:00,CO,74.96277159488383,6004.48787817819,440.3870065936549,0.947125721763036,2,25.898670862570725,57.876397036787,309.7331488862285,49.23076923076923,0.05
284,2025-03-13T08:00:00,CO,74.96277159488383,6004.48787817819,440.3870065936549,0.947125721763036,2,25.898670862570725,57.876397036787,309.7331488862285,58.07692307692308,0.05
284,2025-03-13T08:00:00,CO,74.96277159488383,6004.48787817819,440.3870065936549,0.947125721763036,2,25.898670862570725,57.876397036787,309.7331488862285,66.92307692307693,0.05
284,2025-03-13T08:00:00,CO,74.96277159488383,6004.48787817819,440.3870065936549,0.947125721763036,2,25.898670862570725,57.876397036787,309.7331488862285,75.76923076923077,0.05
284,2025-03-13T08:00:00,CO,74.96277159488383,6004.48787817819,440.3870065936549,0.947125721763036,2,25.898670862570725,57.876397036787,309.7331488862285,84.61538461538461,0.05
284,2025-03-13T08:00:00,CO,74.96277159488383,6004.48787817819,440.3870065936549,0.947125721763036,2,25.898670862570725,57.876397036787,309.7331488862285,93.46153846153847,0.05
284,2025-03-13T08:00:00,CO,74.96277159488383,6004.48787817819,440.3870065936549,0.947125721763036,2,25.898670862570725,57.876397036787,309.7331488862285,102.30769230769232,0.05
284,2025-03-13T08:00:00,CO,74.96277159488383,6004.48787817819,440.3870065936549,0.947125721763036,2,25.898670862570725,57.876397036787,309.7331488862285,111.15384615384616,0.05
284,2025-03-13T08:00:00,CO,74.96277159488383,6004.48787817819,440.3870065936549,0.947125721763036,2,25.898670862570725,57.876397036787,309.7331488862285,120.0,0.05
285,2025-03-13T14:00:00,NOx,95.45084650601628,2928.4579511121156,263.39909575138665,0.46343741507390024,1,26.14503878581984,64.83962940496448,414.73442231876953,5.0,0.23089790173502725
285,2025-03-13T14:00:00,NOx,95.45084650601628,2928.4579511121156,263.39909575138665,0.46343741507390024,1,26.14503878581984,64.83962940496448,414.73442231876953,13.846153846153847,0.05
285,2025-03-13T14:00:00,NOx,95.45084650601628,2928.4579511121156,263.39909575138665,0.46343741507390024,1,26.14503878581984,64.83962940496448,414.73442231876953,22.692307692307693,0.05
285,2025-03-13T14:00:00,NOx,95.45084650601628,2928.4579511121156,263.39909575138665,0.46343741507390024,1,26.14503878581984,64.83962940496448,414.73442231876953,31.53846153846154,0.05
285,2025-03-13T14:00:00,NOx,95.45084650601628,2928.4579511121156,263.39909575138665,0.46343741507390024,1,26.14503878581984,64.83962940496448,414.73442231876953,40.38461538461539,0.05
285,2025-03-13T14:00:00,NOx,95.45084650601628,2928.4579511121156,263.39909575138665,0.46343741507390024,1,26.14503878581984,64.83962940496448,414.73442231876953,49.23076923076923,0.05
285,2025-03-13T14:00:00,NOx,95.45084650601628,2928.4579511121156,263.39909575138665,0.46343741507390024,1,26.14503878581984,64.83962940496448,414.73442231876953,58.07692307692308,0.05
285,2025-03-13T14:00:00,NOx,95.45084650601628,2928.4579511121156,263.39909575138665,0.46343741507390024,1,26.14503878581984,64.83962940496448,414.73442231876953,66.92307692307693,0.05
285,2025-03-13T14:00:00,NOx,95.45084650601628,2928.4579511121156,263.39909575138665,0.46343741507390024,1,26.14503878581984,64.83962940496448,414.73442231876953,75.76923076923077,0.05
285,2025-03-13T14:00:00,NOx,95.45084650601628,2928.4579511121156,263.39909575138665,0.46343741507390024,1,26.14503878581984,64.83962940496448,414.73442231876953,84.61538461538461,0.05
285,2025-03-13T14:00:00,NOx,95.45084650601628,2928.4579511121156,263.39909575138665,0.46343741507390024,1,26.14503878581984,64.83962940496448,414.73442231876953,93.46153846153847,0.05
285,2025-03-13T14:00:00,NOx,95.45084650601628,2928.4579511121156,263.39909575138665,0.46343741507390024,1,26.14503878581984,64.83962940496448,414.73442231876953,102.30769230769232,0.05
285,2025-03-13T14:00:00,NOx,95.45084650601628,2928.4579511121156,263.39909575138665,0.46343741507390024,1,26.14503878581984,64.83962940496448,414.73442231876953,111.15384615384616,0.05
285,2025-03-13T14:00:00,NOx,95.45084650601628,2928.4579511121156,263.39909575138665,0.46343741507390024,1,26.14503878581984,64.83962940496448,414.73442231876953,120.0,0.05
286,2025-03-13T20:00:00,CO,116.66136658068385,8172.2914250843905,423.30938417756516,0.9113485191908632,2,29.487423408628878,58.49973321014251,51.38146051181142,5.0,1.1008807962840472
286,2025-03-13T20:00:00,CO,116.66136658068385,8172.2914250843905,423.30938417756516,0.9113485191908632,2,29.487423408628878,58.49973321014251,51.38146051181142,13.846153846153847,0.05
286,2025-03-13T20:00:00,CO,116.66136658068385,8172.2914250843905,423.30938417756516,0.9113485191908632,2,29.487423408628878,58.49973321014251,51.38146051181142,22.692307692307693,0.05
286,2025-03-13T20:00:00,CO,116.66136658068385,8172.2914250843905,423.30938417756516,0.9113485191908632,2,29.487423408628878,58.49973321014251,51.38146051181142,31.53846153846154,0.05
286,2025-03-13T20:00:00,CO,116.66136658068385,8172.2914250843905,423.30938417756516,0.9113485191908632,2,29.487423408628878,58.49973321014251,51.38146051181142,40.38461538461539,0.05
286,2025-03-13T20:00:00,CO,116.66136658068385,8172.2914250843905,423.30938417756516,0.9113485191908632,2,29.487423408628878,58.49973321014251,51.38146051181142,49.23076923076923,0.05
286,2025-03-13T20:00:00,CO,116.66136658068385,8172.2914250843905,423.30938417756516,0.9113485191908632,2,29.487423408628878,58.49973321014251,51.38146051181142,58.07692307692308,0.05
286,2025-03-13T20:00:00,CO,116.66136658068385,8172.2914250843905,423.30938417756516,0.9113485191908632,2,29.487423408628878,58.49973321014251,51.38146051181142,66.92307692307693,0.05
286,2025-03-13T20:00:00,CO,116.66136658068385,8172.2914250843905,423.30938417756516,0.9113485191908632,2,29.487423408628878,58.49973321014251,51.38146051181142,75.76923076923077,0.05
286,2025-03-13T20:00:00,CO,116.66136658068385,8172.2914250843905,423.30938417756516,0.9113485191908632,2,29.487423408628878,58.49973321014251,51.38146051181142,84.61538461538461,0.05
286,2025-03-13T20:00:00,CO,116.66136658068385,8172.2914250843905,423.30938417756516,0.9113485191908632,2,29.487423408628878,58.49973321014251,51.38146051181142,93.46153846153847,0.05
286,2025-03-13T20:00:00,CO,116.66136658068385,8172.2914250843905,423.30938417756516,0.9113485191908632,2,29.487423408628878,58.49973321014251,51.38146051181142,102.30769230769232,0.05
286,2025-03-13T20:00:00,CO,116.66136658068385,8172.2914250843905,423.30938417756516,0.9113485191908632,2,29.487423408628878,58.49973321014251,51.38146051181142,111.15384615384616,0.05
286,2025-03-13T20:00:00,CO,116.66136658068385,8172.2914250843905,423.30938417756516,0.9113485191908632,2,29.487423408628878,58.49973321014251,51.38146051181142,120.0,0.05
287,2025-03-14T02:00:00,NOx,48.639121327350765,7533.643090273939,63.501989843935846,0.5492713618004301,0,26.350804718569844,37.109109613782714,764.6607712694097,5.0,124.00080811010473
287,2025-03-14T02:00:00,NOx,48.639121327350765,7533.643090273939,63.501989843935846,0.5492713618004301,0,26.350804718569844,37.109109613782714,764.6607712694097,13.846153846153847,6.315931735552
287,2025-03-14T02:00:00,NOx,48.639121327350765,7533.643090273939,63.501989843935846,0.5492713618004301,0,26.350804718569844,37.109109613782714,764.6607712694097,22.692307692307693,0.3459811450561425
287,2025-03-14T02:00:00,NOx,48.639121327350765,7533.643090273939,63.501989843935846,0.5492713618004301,0,26.350804718569844,37.109109613782714,764.6607712694097,31.53846153846154,0.05
287,2025-03-14T02:00:00,NOx,48.639121327350765,7533.643090273939,63.501989843935846,0.5492713618004301,0,26.350804718569844,37.109109613782714,764.6607712694097,40.38461538461539,0.05
287,2025-03-14T02:00:00,NOx,48.639121327350765,7533.643090273939,63.501989843935846,,0,26.350804718569844,37.109109613782714,764.6607712694097,49.23076923076923,0.05
287,2025-03-14T02:00:00,NOx,48.639121327350765,7533.643090273939,63.501989843935846,0.5492713618004301,0,26.350804718569844,37.109109613782714,764.6607712694097,58.07692307692308,0.05
287,2025-03-14T02:00:00,NOx,48.639121327350765,7533.643090273939,63.501989843935846,0.5492713618004301,0,26.350804718569844,37.109109613782714,764.6607712694097,66.92307692307693,0.05
287,2025-03-14T02:00:00,NOx,48.639121327350765,7533.643090273939,63.501989843935846,0.5492713618004301,0,26.350804718569844,37.109109613782714,764.6607712694097,75.76923076923077,0.05
287,2025-03-14T02:00:00,NOx,48.639121327350765,7533.643090273939,63.501989843935846,0.5492713618004301,0,26.350804718569844,37.109109613782714,764.6607712694097,84.61538461538461,0.05
287,2025-03-14T02:00:00,NOx,48.639121327350765,7533.643090273939,63.501989843935846,0.5492713618004301,0,26.350804718569844,37.109109613782714,764.6607712694097,93.46153846153847,0.05
287,2025-03-14T02:00:00,NOx,48.639121327350765,7533.643090273939,63.501989843935846,0.5492713618004301,0,26.350804718569844,37.109109613782714,764.6607712694097,102.30769230769232,0.05
287,2025-03-14T02:00:00,NOx,48.639121327350765,7533.643090273939,63.501989843935846,0.5492713618004301,0,26.350804718569844,37.109109613782714,764.6607712694097,111.15384615384616,0.05
287,2025-03-14T02:00:00,NOx,48.639121327350765,7533.643090273939,63.501989843935846,0.5492713618004301,0,26.350804718569844,37.109109613782714,764.6607712694097,120.0,0.05
288,2025-03-14T08:00:00,CO,67.90156626203982,1286.3046746247644,302.3992460130387,1.0106963821006814,2,29.345156316544738,,306.10757214350264,5.0,0.05
288,2025-03-14T08:00:00,CO,67.90156626203982,1286.3046746247644,302.3992460130387,1.0106963821006814,2,,51.27421494553979,306.10757214350264,13.846153846153847,0.05
288,2025-03-14T08:00:00,CO,67.90156626203982,1286.3046746247644,302.3992460130387,1.0106963821006814,2,29.345156316544738,51.27421494553979,306.10757214350264,22.692307692307693,0.05
288,2025-03-14T08:00:00,CO,67.90156626203982,1286.3046746247644,302.3992460130387,1.0106963821006814,2,29.345156316544738,51.27421494553979,306.10757214350264,31.53846153846154,0.05
288,2025-03-14T08:00:00,CO,67.90156626203982,1286.3046746247644,302.3992460130387,1.0106963821006814,2,29.345156316544738,51.27421494553979,306.10757214350264,40.38461538461539,0.05
288,2025-03-14T08:00:00,CO,67.90156626203982,1286.3046746247644,302.3992460130387,1.0106963821006814,2,29.345156316544738,51.27421494553979,306.10757214350264,49.23076923076923,0.05
288,2025-03-14T08:00:00,CO,67.90156626203982,1286.3046746247644,302.3992460130387,1.0106963821006814,2,29.345156316544738,51.27421494553979,306.10757214350264,58.07692307692308,0.05
288,2025-03-14T08:00:00,CO,67.90156626203982,1286.3046746247644,302.3992460130387,1.0106963821006814,2,29.345156316544738,51.27421494553979,306.10757214350264,66.92307692307693,0.05
288,2025-03-14T08:00:00,CO,67.90156626203982,1286.3046746247644,302.3992460130387,1.0106963821006814,2,29.345156316544738,51.27421494553979,306.10757214350264,75.76923076923077,0.05
288,2025-03-14T08:00:00,CO,67.90156626203982,1286.3046746247644,302.3992460130387,1.0106963821006814,2,29.345156316544738,51.27421494553979,306.10757214350264,84.61538461538461,0.05
288,2025-03-14T08:00:00,CO,67.90156626203982,1286.3046746247644,302.3992460130387,1.0106963821006814,2,29.345156316544738,51.27421494553979,306.10757214350264,93.46153846153847,0.05
288,2025-03-14T08:00:00,CO,67.90156626203982,1286.3046746247644,302.3992460130387,1.0106963821006814,2,29.345156316544738,51.27421494553979,306.10757214350264,102.30769230769232,0.05
288,2025-03-14T08:00:00,CO,67.90156626203982,1286.3046746247644,302.3992460130387,1.0106963821006814,2,29.345156316544738,51.27421494553979,306.10757214350264,111.15384615384616,0.05
288,2025-03-14T08:00:00,CO,67.90156626203982,1286.3046746247644,302.3992460130387,1.0106963821006814,2,29.345156316544738,51.27421494553979,306.10757214350264,120.0,0.05
289,2025-03-14T14:00:00,NOx,79.21325309619684,4403.920473651469,56.77572929526727,0.5335065324145586,3,21.088388560444674,32.43402074699861,743.9753240143955,5.0,4.0475246298524885
289,2025-03-14T14:00:00,NOx,79.21325309619684,4403.920473651469,56.77572929526727,0.5335065324145586,3,21.088388560444674,32.43402074699861,743.9753240143955,13.846153846153847,0.05
289,2025-03-14T14:00:00,NOx,79.21325309619684,4403.920473651469,56.77572929526727,0.5335065324145586,3,21.088388560444674,32.43402074699861,743.9753240143955,22.692307692307693,0.05
289,2025-03-14T14:00:00,NOx,79.21325309619684,4403.920473651469,56.77572929526727,0.5335065324145586,3,21.088388560444674,32.43402074699861,743.9753240143955,31.53846153846154,0.05
289,2025-03-14T14:00:00,NOx,79.21325309619684,4403.920473651469,56.77572929526727,0.5335065324145586,3,21.088388560444674,32.43402074699861,743.9753240143955,40.38461538461539,0.05
289,2025-03-14T14:00:00,NOx,79.21325309619684,4403.920473651469,56.77572929526727,0.5335065324145586,3,21.088388560444674,32.43402074699861,743.9753240143955,49.23076923076923,0.05
289,2025-03-14T14:00:00,NOx,79.21325309619684,4403.920473651469,56.77572929526727,0.5335065324145586,3,21.088388560444674,32.43402074699861,743.9753240143955,58.07692307692308,0.05
289,2025-03-14T14:00:00,NOx,79.21325309619684,4403.920473651469,56.77572929526727,0.5335065324145586,3,21.088388560444674,32.43402074699861,743.9753240143955,66.92307692307693,0.05
289,2025-03-14T14:00:00,NOx,79.21325309619684,4403.920473651469,56.77572929526727,0.5335065324145586,3,21.088388560444674,32.43402074699861,743.9753240143955,75.76923076923077,0.05
289,2025-03-14T14:00:00,NOx,79.21325309619684,4403.920473651469,56.77572929526727,0.5335065324145586,3,21.088388560444674,32.43402074699861,743.9753240143955,84.61538461538461,0.05
289,2025-03-14T14:00:00,NOx,79.21325309619684,4403.920473651469,56.77572929526727,0.5335065324145586,3,21.088388560444674,32.43402074699861,743.9753240143955,93.46153846153847,0.05
289,2025-03-14T14:00:00,NOx,79.21325309619684,4403.920473651469,56.77572929526727,0.5335065324145586,3,21.088388560444674,32.43402074699861,743.9753240143955,102.30769230769232,0.05
289,2025-03-14T14:00:00,NOx,79.21325309619684,4403.920473651469,56.77572929526727,0.5335065324145586,3,21.088388560444674,32.43402074699861,743.9753240143955,111.15384615384616,0.05
289,2025-03-14T14:00:00,NOx,79.21325309619684,4403.920473651469,56.77572929526727,0.5335065324145586,3,21.088388560444674,32.43402074699861,743.9753240143955,120.0,0.05
290,2025-03-14T20:00:00,NOx,91.90638172195692,9196.990749798726,402.01296270382426,0.7215842615686748,0,23.605808631937116,60.67412230701851,610.8931065306651,5.0,98.97290523583715
290,2025-03-14T20:00:00,NOx,91.90638172195692,9196.990749798726,402.01296270382426,0.7215842615686748,0,23.605808631937116,60.67412230701851,610.8931065306651,13.846153846153847,3.3638132077409484
290,2025-03-14T20:00:00,NOx,91.90638172195692,9196.990749798726,402.01296270382426,0.7215842615686748,0,23.605808631937116,60.67412230701851,610.8931065306651,22.692307692307693,0.11563246871172078
290,2025-03-14T20:00:00,NOx,91.90638172195692,9196.990749798726,402.01296270382426,0.7215842615686748,0,23.605808631937116,60.67412230701851,610.8931065306651,31.53846153846154,0.05
290,2025-03-14T20:00:00,NOx,91.90638172195692,9196.990749798726,402.01296270382426,0.7215842615686748,0,23.605808631937116,60.67412230701851,610.8931065306651,40.38461538461539,0.05
290,2025-03-14T20:00:00,NOx,91.90638172195692,9196.990749798726,402.01296270382426,0.7215842615686748,0,23.605808631937116,60.67412230701851,610.8931065306651,49.23076923076923,0.05
290,2025-03-14T20:00:00,NOx,91.90638172195692,9196.990749798726,402.01296270382426,0.7215842615686748,0,23.605808631937116,60.67412230701851,610.8931065306651,58.07692307692308,0.05
290,2025-03-14T20:00:00,NOx,91.90638172195692,9196.990749798726,402.01296270382426,0.7215842615686748,0,23.605808631937116,60.67412230701851,610.8931065306651,66.92307692307693,0.05
290,2025-03-14T20:00:00,NOx,91.90638172195692,9196.990749798726,402.01296270382426,0.7215842615686748,0,23.605808631937116,60.67412230701851,610.8931065306651,75.76923076923077,0.05
290,2025-03-14T20:00:00,NOx,91.90638172195692,9196.990749798726,402.01296270382426,0.7215842615686748,0,23.605808631937116,60.67412230701851,610.8931065306651,84.61538461538461,0.05
290,2025-03-14T20:00:00,NOx,91.90638172195692,9196.990749798726,402.01296270382426,0.7215842615686748,0,23.605808631937116,60.67412230701851,610.8931065306651,93.46153846153847,0.05
290,2025-03-14T20:00:00,NOx,91.90638172195692,9196.990749798726,402.01296270382426,0.7215842615686748,0,23.605808631937116,60.67412230701851,610.8931065306651,102.30769230769232,0.05
290,2025-03-14T20:00:00,NOx,91.90638172195692,9196.990749798726,402.01296270382426,0.7215842615686748,0,23.605808631937116,60.67412230701851,610.8931065306651,111.15384615384616,0.05
290,2025-03-14T20:00:00,NOx,91.90638172195692,9196.990749798726,402.01296270382426,0.7215842615686748,0,23.605808631937116,60.67412230701851,610.8931065306651,120.0,0.05
291,2025-03-15T02:00:00,SO2,72.854705574748,1559.9063685247463,143.7466824676978,1.2060956235518314,3,27.881492559513468,57.91311895718121,493.4011460890215,5.0,0.05
291,2025-03-15T02:00:00,SO2,72.854705574748,1559.9063685247463,143.7466824676978,1.2060956235518314,3,27.881492559513468,57.91311895718121,493.4011460890215,13.846153846153847,0.05
291,2025-03-15T02:00:00,SO2,72.854705574748,1559.9063685247463,143.7466824676978,1.2060956235518314,3,27.881492559513468,57.91311895718121,493.4011460890215,22.692307692307693,0.05
291,2025-03-15T02:00:00,SO2,72.854705574748,1559.9063685247463,143.7466824676978,1.2060956235518314,3,27.881492559513468,57.91311895718121,493.4011460890215,31.53846153846154,0.05
291,2025-03-15T02:00:00,SO2,72.854705574748,1559.9063685247463,143.7466824676978,1.2060956235518314,3,27.881492559513468,57.91311895718121,493.4011460890215,40.38461538461539,0.05
291,2025-03-15T02:00:00,SO2,72.854705574748,1559.9063685247463,143.7466824676978,1.2060956235518314,3,27.881492559513468,57.91311895718121,493.4011460890215,49.23076923076923,
291,2025-03-15T02:00:00,SO2,72.854705574748,1559.9063685247463,143.7466824676978,1.2060956235518314,3,27.881492559513468,57.91311895718121,493.4011460890215,58.07692307692308,0.05
291,2025-03-15T02:00:00,SO2,72.854705574748,1559.9063685247463,143.7466824676978,1.2060956235518314,3,27.881492559513468,57.91311895718121,493.4011460890215,66.92307692307693,0.05
291,2025-03-15T02:00:00,SO2,72.854705574748,1559.9063685247463,143.7466824676978,1.2060956235518314,3,27.881492559513468,57.91311895718121,493.4011460890215,75.76923076923077,0.05
291,2025-03-15T02:00:00,SO2,72.854705574748,1559.9063685247463,143.7466824676978,1.2060956235518314,3,27.881492559513468,57.91311895718121,493.4011460890215,84.61538461538461,0.05
291,2025-03-15T02:00:00,SO2,72.854705574748,1559.9063685247463,143.7466824676978,1.2060956235518314,3,27.881492559513468,57.91311895718121,493.4011460890215,93.46153846153847,
291,2025-03-15T02:00:00,SO2,72.854705574748,1559.9063685247463,143.7466824676978,1.2060956235518314,3,27.881492559513468,57.91311895718121,493.4011460890215,102.30769230769232,0.05
291,2025-03-15T02:00:00,SO2,72.854705574748,1559.9063685247463,143.7466824676978,1.2060956235518314,3,27.881492559513468,57.91311895718121,493.4011460890215,111.15384615384616,0.05
291,2025-03-15T02:00:00,SO2,72.854705574748,1559.9063685247463,143.7466824676978,1.2060956235518314,3,27.881492559513468,57.91311895718121,493.4011460890215,120.0,0.05
292,2025-03-15T08:00:00,SO2,50.53358055359153,2767.918318263846,272.0834388694902,0.7845899983634986,3,29.296847019958168,57.27078466994209,171.62978584122828,5.0,0.48373908630172274
292,2025-03-15T08:00:00,SO2,50.53358055359153,2767.918318263846,272.0834388694902,0.7845899983634986,3,29.296847019958168,57.27078466994209,171.62978584122828,13.846153846153847,0.05
292,2025-03-15T08:00:00,SO2,50.53358055359153,2767.918318263846,272.0834388694902,0.7845899983634986,3,29.296847019958168,57.27078466994209,171.62978584122828,22.692307692307693,0.05
292,2025-03-15T08:00:00,SO2,50.53358055359153,2767.918318263846,272.0834388694902,0.7845899983634986,3,29.296847019958168,57.27078466994209,171.62978584122828,31.53846153846154,0.05
292,2025-03-15T08:00:00,SO2,50.53358055359153,2767.918318263846,272.0834388694902,0.7845899983634986,3,29.296847019958168,57.27078466994209,171.62978584122828,40.38461538461539,0.05
292,2025-03-15T08:00:00,SO2,50.53358055359153,2767.918318263846,272.0834388694902,0.7845899983634986,3,29.296847019958168,57.27078466994209,171.62978584122828,49.23076923076923,
292,2025-03-15T08:00:00,SO2,50.53358055359153,2767.918318263846,272.0834388694902,0.7845899983634986,3,29.296847019958168,57.27078466994209,171.62978584122828,58.07692307692308,0.05
292,2025-03-15T08:00:00,SO2,50.53358055359153,2767.918318263846,272.0834388694902,0.7845899983634986,3,29.296847019958168,57.27078466994209,171.62978584122828,66.92307692307693,0.05
292,2025-03-15T08:00:00,SO2,50.53358055359153,2767.918318263846,272.0834388694902,0.7845899983634986,3,29.296847019958168,57.27078466994209,171.62978584122828,75.76923076923077,0.05
292,2025-03-15T08:00:00,SO2,50.53358055359153,2767.918318263846,272.0834388694902,0.7845899983634986,3,29.296847019958168,57.27078466994209,171.62978584122828,84.61538461538461,0.05
292,2025-03-15T08:00:00,SO2,50.53358055359153,2767.918318263846,272.0834388694902,0.7845899983634986,3,29.296847019958168,57.27078466994209,171.62978584122828,93.46153846153847,0.05
292,2025-03-15T08:00:00,SO2,50.53358055359153,2767.918318263846,272.0834388694902,0.7845899983634986,3,29.296847019958168,57.27078466994209,171.62978584122828,102.30769230769232,0.05
292,2025-03-15T08:00:00,SO2,50.53358055359153,2767.918318263846,272.0834388694902,0.7845899983634986,3,29.296847019958168,57.27078466994209,171.62978584122828,111.15384615384616,0.05
292,2025-03-15T08:00:00,SO2,50.53358055359153,2767.918318263846,272.0834388694902,0.7845899983634986,3,29.296847019958168,57.27078466994209,171.62978584122828,120.0,0.05
293,2025-03-15T14:00:00,NOx,46.220349264231785,7847.0169148914565,281.05335568092914,0.3236337460885723,0,18.10363499670715,28.46584087568857,137.23595612412322,5.0,38.591562672126706
293,2025-03-15T14:00:00,NOx,46.220349264231785,7847.0169148914565,281.05335568092914,0.3236337460885723,0,18.10363499670715,28.46584087568857,137.23595612412322,13.846153846153847,4.655927488432587
293,2025-03-15T14:00:00,NOx,46.220349264231785,7847.0169148914565,281.05335568092914,0.3236337460885723,0,18.10363499670715,28.46584087568857,137.23595612412322,22.692307692307693,0.5013386689335884
293,2025-03-15T14:00:00,NOx,46.220349264231785,7847.0169148914565,281.05335568092914,0.3236337460885723,0,18.10363499670715,28.46584087568857,137.23595612412322,31.53846153846154,0.07504035568343013
293,2025-03-15T14:00:00,NOx,46.220349264231785,7847.0169148914565,281.05335568092914,0.3236337460885723,0,18.10363499670715,28.46584087568857,137.23595612412322,40.38461538461539,0.05
293,2025-03-15T14:00:00,NOx,46.220349264231785,7847.0169148914565,281.05335568092914,0.3236337460885723,0,18.10363499670715,28.46584087568857,137.23595612412322,49.23076923076923,0.05
293,2025-03-15T14:00:00,NOx,46.220349264231785,7847.0169148914565,281.05335568092914,0.3236337460885723,0,18.10363499670715,28.46584087568857,137.23595612412322,58.07692307692308,0.05
293,2025-03-15T14:00:00,NOx,46.220349264231785,7847.0169148914565,281.05335568092914,0.3236337460885723,0,18.10363499670715,28.46584087568857,137.23595612412322,66.92307692307693,0.05
293,2025-03-15T14:00:00,NOx,46.220349264231785,7847.0169148914565,281.05335568092914,0.3236337460885723,0,18.10363499670715,28.46584087568857,137.23595612412322,75.76923076923077,0.05
293,2025-03-15T14:00:00,NOx,46.220349264231785,7847.0169148914565,281.05335568092914,0.3236337460885723,0,18.10363499670715,28.46584087568857,137.23595612412322,84.61538461538461,0.05
293,2025-03-15T14:00:00,NOx,46.220349264231785,7847.0169148914565,281.05335568092914,0.3236337460885723,0,18.10363499670715,28.46584087568857,137.23595612412322,93.46153846153847,0.05
293,2025-03-15T14:00:00,NOx,46.220349264231785,7847.0169148914565,281.05335568092914,0.3236337460885723,0,18.10363499670715,28.46584087568857,137.23595612412322,102.30769230769232,0.05
293,2025-03-15T14:00:00,NOx,46.220349264231785,7847.0169148914565,281.05335568092914,0.3236337460885723,0,18.10363499670715,28.46584087568857,137.23595612412322,111.15384615384616,0.05
293,2025-03-15T14:00:00,NOx,46.220349264231785,7847.0169148914565,281.05335568092914,0.3236337460885723,0,18.10363499670715,28.46584087568857,137.23595612412322,120.0,0.05
294,2025-03-15T20:00:00,SO2,17.815406928039234,814.4473779108079,251.88284563382987,0.3493760566521133,4,18.110023480795974,68.08897818991878,224.9723687975277,5.0,0.3388592688871912
294,2025-03-15T20:00:00,SO2,17.815406928039234,814.4473779108079,251.88284563382987,0.3493760566521133,4,18.110023480795974,68.08897818991878,224.9723687975277,13.846153846153847,0.05
294,2025-03-15T20:00:00,SO2,17.815406928039234,814.4473779108079,251.88284563382987,0.3493760566521133,4,18.110023480795974,68.08897818991878,224.9723687975277,22.692307692307693,0.05
294,2025-03-15T20:00:00,SO2,17.815406928039234,814.4473779108079,251.88284563382987,0.3493760566521133,4,18.110023480795974,68.08897818991878,224.9723687975277,31.53846153846154,0.05
294,2025-03-15T20:00:00,SO2,17.815406928039234,814.4473779108079,251.88284563382987,0.3493760566521133,4,18.110023480795974,68.08897818991878,224.9723687975277,40.38461538461539,0.05
294,2025-03-15T20:00:00,SO2,17.815406928039234,814.4473779108079,251.88284563382987,0.3493760566521133,4,,68.08897818991878,224.9723687975277,49.23076923076923,0.05
294,2025-03-15T20:00:00,SO2,17.815406928039234,814.4473779108079,251.88284563382987,0.3493760566521133,4,,68.08897818991878,224.9723687975277,58.07692307692308,0.05
294,2025-03-15T20:00:00,SO2,17.815406928039234,814.4473779108079,251.88284563382987,0.3493760566521133,4,18.110023480795974,68.08897818991878,224.9723687975277,66.92307692307693,0.05
294,2025-03-15T20:00:00,SO2,17.815406928039234,814.4473779108079,251.88284563382987,0.3493760566521133,4,18.110023480795974,68.08897818991878,224.9723687975277,75.76923076923077,0.05
294,2025-03-15T20:00:00,SO2,17.815406928039234,814.4473779108079,251.88284563382987,0.3493760566521133,4,18.110023480795974,68.08897818991878,224.9723687975277,84.61538461538461,0.05
294,2025-03-15T20:00:00,SO2,17.815406928039234,814.4473779108079,251.88284563382987,0.3493760566521133,4,18.110023480795974,68.08897818991878,224.9723687975277,93.46153846153847,0.05
294,2025-03-15T20:00:00,SO2,17.815406928039234,814.4473779108079,251.88284563382987,0.3493760566521133,4,18.110023480795974,68.08897818991878,224.9723687975277,102.30769230769232,0.05
294,2025-03-15T20:00:00,SO2,17.815406928039234,814.4473779108079,251.88284563382987,0.3493760566521133,4,18.110023480795974,68.08897818991878,224.9723687975277,111.15384615384616,0.05
294,2025-03-15T20:00:00,SO2,17.815406928039234,814.4473779108079,251.88284563382987,0.3493760566521133,4,18.110023480795974,,224.9723687975277,120.0,0.05
295,2025-03-16T02:00:00,CO,25.37970992765332,2660.3335826555412,292.8832690534628,0.38863742670336754,4,32.77063218041444,78.221355433503,744.2066703755604,5.0,48.51068812292045
295,2025-03-16T02:00:00,CO,25.37970992765332,2660.3335826555412,292.8832690534628,0.38863742670336754,4,32.77063218041444,78.221355433503,744.2066703755604,13.846153846153847,0.431141710724024
295,2025-03-16T02:00:00,CO,25.37970992765332,2660.3335826555412,292.8832690534628,0.38863742670336754,4,32.77063218041444,78.221355433503,744.2066703755604,22.692307692307693,0.05
295,2025-03-16T02:00:00,CO,25.37970992765332,2660.3335826555412,292.8832690534628,0.38863742670336754,4,32.77063218041444,78.221355433503,744.2066703755604,31.53846153846154,0.05
295,2025-03-16T02:00:00,CO,25.37970992765332,2660.3335826555412,292.8832690534628,0.38863742670336754,4,32.77063218041444,78.221355433503,744.2066703755604,40.38461538461539,0.05
295,2025-03-16T02:00:00,CO,25.37970992765332,2660.3335826555412,292.8832690534628,0.38863742670336754,4,32.77063218041444,78.221355433503,744.2066703755604,49.23076923076923,0.05
295,2025-03-16T02:00:00,CO,25.37970992765332,2660.3335826555412,292.8832690534628,0.38863742670336754,4,32.77063218041444,78.221355433503,744.2066703755604,58.07692307692308,0.05
295,2025-03-16T02:00:00,CO,25.37970992765332,2660.3335826555412,292.8832690534628,0.38863742670336754,4,32.77063218041444,78.221355433503,744.2066703755604,66.92307692307693,0.05
295,2025-03-16T02:00:00,CO,25.37970992765332,2660.3335826555412,292.8832690534628,0.38863742670336754,4,32.77063218041444,78.221355433503,744.2066703755604,75.76923076923077,0.05
295,2025-03-16T02:00:00,CO,25.37970992765332,2660.3335826555412,292.8832690534628,0.38863742670336754,4,32.77063218041444,78.221355433503,744.2066703755604,84.61538461538461,0.05
295,2025-03-16T02:00:00,CO,25.37970992765332,2660.3335826555412,292.8832690534628,0.38863742670336754,4,32.77063218041444,78.221355433503,744.2066703755604,93.46153846153847,0.05
295,2025-03-16T02:00:00,CO,25.37970992765332,2660.3335826555412,292.8832690534628,0.38863742670336754,4,32.77063218041444,78.221355433503,744.2066703755604,102.30769230769232,0.05
295,2025-03-16T02:00:00,CO,25.37970992765332,2660.3335826555412,292.8832690534628,0.38863742670336754,4,,78.221355433503,744.2066703755604,111.15384615384616,0.05
295,2025-03-16T02:00:00,CO,25.37970992765332,2660.3335826555412,292.8832690534628,0.38863742670336754,4,32.77063218041444,78.221355433503,744.2066703755604,120.0,0.05
296,2025-03-16T08:00:00,SO2,27.15898815732991,7341.045849253297,200.78759798520704,0.4802245802585639,4,23.466866069798005,28.709737641880114,326.34403818551874,5.0,92.46640514356267
296,2025-03-16T08:00:00,SO2,27.15898815732991,7341.045849253297,200.78759798520704,0.4802245802585639,4,23.466866069798005,28.709737641880114,326.34403818551874,13.846153846153847,12.116600450825747
296,2025-03-16T08:00:00,SO2,27.15898815732991,7341.045849253297,200.78759798520704,0.4802245802585639,4,23.466866069798005,28.709737641880114,326.34403818551874,22.692307692307693,1.3878706530367657
296,2025-03-16T08:00:00,SO2,27.15898815732991,7341.045849253297,200.78759798520704,0.4802245802585639,4,23.466866069798005,28.709737641880114,326.34403818551874,31.53846153846154,0.20586933009674832
296,2025-03-16T08:00:00,SO2,27.15898815732991,7341.045849253297,200.78759798520704,0.4802245802585639,4,23.466866069798005,28.709737641880114,326.34403818551874,40.38461538461539,0.05
296,2025-03-16T08:00:00,SO2,27.15898815732991,7341.045849253297,200.78759798520704,0.4802245802585639,4,23.466866069798005,28.709737641880114,326.34403818551874,49.23076923076923,0.05
296,2025-03-16T08:00:00,SO2,27.15898815732991,7341.045849253297,200.78759798520704,0.4802245802585639,4,23.466866069798005,28.709737641880114,326.34403818551874,58.07692307692308,0.05
296,2025-03-16T08:00:00,SO2,27.15898815732991,7341.045849253297,200.78759798520704,0.4802245802585639,4,23.466866069798005,28.709737641880114,326.34403818551874,66.92307692307693,0.05
296,2025-03-16T08:00:00,SO2,27.15898815732991,7341.045849253297,200.78759798520704,0.4802245802585639,4,23.466866069798005,28.709737641880114,326.34403818551874,75.76923076923077,0.05
296,2025-03-16T08:00:00,SO2,27.15898815732991,7341.045849253297,200.78759798520704,0.4802245802585639,4,23.466866069798005,28.709737641880114,326.34403818551874,84.61538461538461,0.05
296,2025-03-16T08:00:00,SO2,27.15898815732991,7341.045849253297,200.78759798520704,0.4802245802585639,4,23.466866069798005,28.709737641880114,326.34403818551874,93.46153846153847,0.05
296,2025-03-16T08:00:00,SO2,27.15898815732991,7341.045849253297,200.78759798520704,0.4802245802585639,4,,28.709737641880114,326.34403818551874,102.30769230769232,0.05
296,2025-03-16T08:00:00,SO2,27.15898815732991,7341.045849253297,200.78759798520704,0.4802245802585639,4,23.466866069798005,28.709737641880114,326.34403818551874,111.15384615384616,0.05
296,2025-03-16T08:00:00,SO2,27.15898815732991,7341.045849253297,200.78759798520704,0.4802245802585639,4,23.466866069798005,28.709737641880114,326.34403818551874,120.0,0.05
297,2025-03-16T14:00:00,SO2,97.85109897388193,3131.5145426117665,295.6845985060016,1.2716122468087578,0,32.91371584203303,41.293922232644654,177.6507347003979,5.0,0.08306280269276572
297,2025-03-16T14:00:00,SO2,97.85109897388193,3131.5145426117665,295.6845985060016,1.2716122468087578,0,32.91371584203303,41.293922232644654,177.6507347003979,13.846153846153847,0.05
297,2025-03-16T14:00:00,SO2,97.85109897388193,3131.5145426117665,295.6845985060016,1.2716122468087578,0,32.91371584203303,41.293922232644654,177.6507347003979,22.692307692307693,0.05
297,2025-03-16T14:00:00,SO2,97.85109897388193,3131.5145426117665,295.6845985060016,1.2716122468087578,0,32.91371584203303,41.293922232644654,177.6507347003979,31.53846153846154,0.05
297,2025-03-16T14:00:00,SO2,97.85109897388193,3131.5145426117665,295.6845985060016,1.2716122468087578,0,32.91371584203303,41.293922232644654,177.6507347003979,40.38461538461539,0.05
297,2025-03-16T14:00:00,SO2,97.85109897388193,3131.5145426117665,295.6845985060016,1.2716122468087578,0,32.91371584203303,41.293922232644654,177.6507347003979,49.23076923076923,0.05
297,2025-03-16T14:00:00,SO2,97.85109897388193,3131.5145426117665,295.6845985060016,1.2716122468087578,0,32.91371584203303,41.293922232644654,177.6507347003979,58.07692307692308,0.05
297,2025-03-16T14:00:00,SO2,97.85109897388193,3131.5145426117665,295.6845985060016,1.2716122468087578,0,32.91371584203303,41.293922232644654,177.6507347003979,66.92307692307693,0.05
297,2025-03-16T14:00:00,SO2,97.85109897388193,3131.5145426117665,295.6845985060016,1.2716122468087578,0,32.91371584203303,41.293922232644654,177.6507347003979,75.76923076923077,0.05
297,2025-03-16T14:00:00,SO2,97.85109897388193,3131.5145426117665,295.6845985060016,1.2716122468087578,0,32.91371584203303,41.293922232644654,177.6507347003979,84.61538461538461,0.05
297,2025-03-16T14:00:00,SO2,97.85109897388193,3131.5145426117665,295.6845985060016,1.2716122468087578,0,32.91371584203303,41.293922232644654,177.6507347003979,93.46153846153847,0.05
297,2025-03-16T14:00:00,SO2,97.85109897388193,3131.5145426117665,295.6845985060016,1.2716122468087578,0,32.91371584203303,41.293922232644654,177.6507347003979,102.30769230769232,0.05
297,2025-03-16T14:00:00,SO2,97.85109897388193,3131.5145426117665,295.6845985060016,1.2716122468087578,0,32.91371584203303,41.293922232644654,177.6507347003979,111.15384615384616,0.05
297,2025-03-16T14:00:00,SO2,97.85109897388193,3131.5145426117665,295.6845985060016,1.2716122468087578,0,32.91371584203303,41.293922232644654,177.6507347003979,120.0,0.05
298,2025-03-16T20:00:00,CO,16.835104918748858,7983.880530550484,268.63961459882245,0.7055980311505389,2,37.1583966553747,,556.1261585947716,5.0,329.38608632076705
298,2025-03-16T20:00:00,CO,16.835104918748858,7983.880530550484,268.63961459882245,0.7055980311505389,2,37.1583966553747,60.06354684331681,556.1261585947716,13.846153846153847,141.38597325901245
298,2025-03-16T20:00:00,CO,16.835104918748858,7983.880530550484,268.63961459882245,0.7055980311505389,2,37.1583966553747,60.06354684331681,556.1261585947716,22.692307692307693,59.74606385918954
298,2025-03-16T20:00:00,CO,16.835104918748858,7983.880530550484,268.63961459882245,0.7055980311505389,2,37.1583966553747,60.06354684331681,556.1261585947716,31.53846153846154,23.97263753585278
298,2025-03-16T20:00:00,CO,16.835104918748858,7983.880530550484,268.63961459882245,0.7055980311505389,2,37.1583966553747,60.06354684331681,556.1261585947716,40.38461538461539,9.310055878387828
298,2025-03-16T20:00:00,CO,16.835104918748858,7983.880530550484,268.63961459882245,0.7055980311505389,2,37.1583966553747,60.06354684331681,556.1261585947716,49.23076923076923,4.300504495534938
298,2025-03-16T20:00:00,CO,16.835104918748858,7983.880530550484,268.63961459882245,0.7055980311505389,2,37.1583966553747,60.06354684331681,556.1261585947716,58.07692307692308,1.9094037703957492
298,2025-03-16T20:00:00,CO,16.835104918748858,7983.880530550484,268.63961459882245,0.7055980311505389,2,37.1583966553747,60.06354684331681,556.1261585947716,66.92307692307693,0.7913913160264281
298,2025-03-16T20:00:00,CO,16.835104918748858,7983.880530550484,268.63961459882245,0.7055980311505389,2,37.1583966553747,60.06354684331681,556.1261585947716,75.76923076923077,0.3534051718878332
298,2025-03-16T20:00:00,CO,16.835104918748858,7983.880530550484,268.63961459882245,0.7055980311505389,2,37.1583966553747,60.06354684331681,556.1261585947716,84.61538461538461,0.15470483778128752
298,2025-03-16T20:00:00,CO,16.835104918748858,7983.880530550484,268.63961459882245,0.7055980311505389,2,37.1583966553747,60.06354684331681,556.1261585947716,93.46153846153847,0.06080027219032513
298,2025-03-16T20:00:00,CO,16.835104918748858,7983.880530550484,268.63961459882245,0.7055980311505389,2,37.1583966553747,60.06354684331681,556.1261585947716,102.30769230769232,0.05
298,2025-03-16T20:00:00,CO,16.835104918748858,7983.880530550484,268.63961459882245,0.7055980311505389,2,37.1583966553747,60.06354684331681,556.1261585947716,111.15384615384616,0.05
298,2025-03-16T20:00:00,CO,16.835104918748858,7983.880530550484,268.63961459882245,0.7055980311505389,2,37.1583966553747,60.06354684331681,556.1261585947716,120.0,0.05
299,2025-03-17T02:00:00,SO2,44.89640594342841,5846.051185140001,309.5466101917673,0.42613119894277807,0,26.447007373834353,43.564596241697586,554.3484724572617,5.0,100.3907803346062
299,2025-03-17T02:00:00,SO2,44.89640594342841,5846.051185140001,309.5466101917673,0.42613119894277807,0,26.447007373834353,43.564596241697586,554.3484724572617,13.846153846153847,9.447095222352166
299,2025-03-17T02:00:00,SO2,44.89640594342841,5846.051185140001,309.5466101917673,0.42613119894277807,0,26.447007373834353,43.564596241697586,554.3484724572617,22.692307692307693,0.5645289305372487
299,2025-03-17T02:00:00,SO2,44.89640594342841,5846.051185140001,309.5466101917673,0.42613119894277807,0,26.447007373834353,43.564596241697586,554.3484724572617,31.53846153846154,0.05
299,2025-03-17T02:00:00,SO2,44.89640594342841,5846.051185140001,309.5466101917673,0.42613119894277807,0,26.447007373834353,43.564596241697586,554.3484724572617,40.38461538461539,0.05
299,2025-03-17T02:00:00,SO2,44.89640594342841,5846.051185140001,309.5466101917673,0.42613119894277807,0,26.447007373834353,43.564596241697586,554.3484724572617,49.23076923076923,0.05
299,2025-03-17T02:00:00,SO2,44.89640594342841,5846.051185140001,309.5466101917673,0.42613119894277807,0,26.447007373834353,,554.3484724572617,58.07692307692308,0.05
299,2025-03-17T02:00:00,SO2,44.89640594342841,5846.051185140001,309.5466101917673,0.42613119894277807,0,26.447007373834353,43.564596241697586,554.3484724572617,66.92307692307693,0.05
299,2025-03-17T02:00:00,SO2,44.89640594342841,5846.051185140001,309.5466101917673,0.42613119894277807,0,26.447007373834353,43.564596241697586,554.3484724572617,75.76923076923077,0.05
299,2025-03-17T02:00:00,SO2,44.89640594342841,5846.051185140001,309.5466101917673,0.42613119894277807,0,26.447007373834353,43.564596241697586,554.3484724572617,84.61538461538461,0.05
299,2025-03-17T02:00:00,SO2,44.89640594342841,5846.051185140001,309.5466101917673,0.42613119894277807,0,26.447007373834353,43.564596241697586,554.3484724572617,93.46153846153847,0.05
299,2025-03-17T02:00:00,SO2,44.89640594342841,5846.051185140001,309.5466101917673,0.42613119894277807,0,26.447007373834353,43.564596241697586,554.3484724572617,102.30769230769232,0.05
299,2025-03-17T02:00:00,SO2,44.89640594342841,5846.051185140001,309.5466101917673,0.42613119894277807,0,26.447007373834353,43.564596241697586,554.3484724572617,111.15384615384616,0.05
299,2025-03-17T02:00:00,SO2,44.89640594342841,5846.051185140001,309.5466101917673,0.42613119894277807,0,26.447007373834353,43.564596241697586,554.3484724572617,120.0,0.05
300,2025-03-17T08:00:00,NOx,119.92006938418909,7279.785192337916,369.6615061401441,1.254769518376037,1,37.09049722768277,36.584992447648915,165.74932366028838,5.0,4.932486563054625
300,2025-03-17T08:00:00,NOx,119.92006938418909,7279.785192337916,369.6615061401441,1.254769518376037,1,37.09049722768277,36.584992447648915,165.74932366028838,13.846153846153847,0.05
300,2025-03-17T08:00:00,NOx,119.92006938418909,7279.785192337916,369.6615061401441,1.254769518376037,1,37.09049722768277,36.584992447648915,165.74932366028838,22.692307692307693,0.05
300,2025-03-17T08:00:00,NOx,119.92006938418909,7279.785192337916,369.6615061401441,1.254769518376037,1,37.09049722768277,36.584992447648915,165.74932366028838,31.53846153846154,0.05
300,2025-03-17T08:00:00,NOx,119.92006938418909,7279.785192337916,369.6615061401441,1.254769518376037,1,37.09049722768277,36.584992447648915,165.74932366028838,40.38461538461539,0.05
300,2025-03-17T08:00:00,NOx,119.92006938418909,7279.785192337916,369.6615061401441,1.254769518376037,1,,36.584992447648915,165.74932366028838,49.23076923076923,0.05
300,2025-03-17T08:00:00,NOx,119.92006938418909,7279.785192337916,369.6615061401441,1.254769518376037,1,37.09049722768277,36.584992447648915,165.74932366028838,58.07692307692308,0.05
300,2025-03-17T08:00:00,NOx,119.92006938418909,7279.785192337916,369.6615061401441,1.254769518376037,1,,36.584992447648915,165.74932366028838,66.92307692307693,0.05
300,2025-03-17T08:00:00,NOx,119.92006938418909,7279.785192337916,369.6615061401441,1.254769518376037,1,37.09049722768277,36.584992447648915,165.74932366028838,75.76923076923077,0.05
300,2025-03-17T08:00:00,NOx,119.92006938418909,7279.785192337916,369.6615061401441,1.254769518376037,1,37.09049722768277,36.584992447648915,165.74932366028838,84.61538461538461,0.05
300,2025-03-17T08:00:00,NOx,119.92006938418909,7279.785192337916,369.6615061401441,1.254769518376037,1,37.09049722768277,36.584992447648915,165.74932366028838,93.46153846153847,0.05
300,2025-03-17T08:00:00,NOx,119.92006938418909,7279.785192337916,369.6615061401441,1.254769518376037,1,37.09049722768277,36.584992447648915,165.74932366028838,102.30769230769232,0.05
300,2025-03-17T08:00:00,NOx,119.92006938418909,7279.785192337916,369.6615061401441,1.254769518376037,1,37.09049722768277,36.584992447648915,165.74932366028838,111.15384615384616,0.05
300,2025-03-17T08:00:00,NOx,119.92006938418909,7279.785192337916,369.6615061401441,1.254769518376037,1,37.09049722768277,36.584992447648915,165.74932366028838,120.0,0.05
301,2025-03-17T14:00:00,CO,24.472474351278485,11698.279319395466,417.37992649242847,0.6888757701595463,4,23.177058798477752,51.18497762140225,564.3544225051753,5.0,317.95297340507784
301,2025-03-17T14:00:00,CO,24.472474351278485,11698.279319395466,417.37992649242847,0.6888757701595463,4,23.177058798477752,51.18497762140225,564.3544225051753,13.846153846153847,148.75212812737706
301,2025-03-17T14:00:00,CO,24.472474351278485,11698.279319395466,417.37992649242847,0.6888757701595463,4,23.177058798477752,51.18497762140225,564.3544225051753,22.692307692307693,64.90708774358873
301,2025-03-17T14:00:00,CO,24.472474351278485,11698.279319395466,417.37992649242847,0.6888757701595463,4,23.177058798477752,51.18497762140225,564.3544225051753,31.53846153846154,25.874583556894457
301,2025-03-17T14:00:00,CO,24.472474351278485,11698.279319395466,417.37992649242847,0.6888757701595463,4,23.177058798477752,51.18497762140225,564.3544225051753,40.38461538461539,11.805145774554594
301,2025-03-17T14:00:00,CO,24.472474351278485,11698.279319395466,417.37992649242847,0.6888757701595463,4,23.177058798477752,,564.3544225051753,49.23076923076923,5.167022682049356
301,2025-03-17T14:00:00,CO,24.472474351278485,11698.279319395466,417.37992649242847,,4,23.177058798477752,51.18497762140225,564.3544225051753,58.07692307692308,2.2340288075039023
301,2025-03-17T14:00:00,CO,24.472474351278485,11698.279319395466,417.37992649242847,0.6888757701595463,4,23.177058798477752,51.18497762140225,564.3544225051753,66.92307692307693,0.9977952714779126
301,2025-03-17T14:00:00,CO,24.472474351278485,11698.279319395466,417.37992649242847,0.6888757701595463,4,23.177058798477752,51.18497762140225,564.3544225051753,75.76923076923077,0.41034829511878906
301,2025-03-17T14:00:00,CO,24.472474351278485,11698.279319395466,417.37992649242847,0.6888757701595463,4,23.177058798477752,51.18497762140225,564.3544225051753,84.61538461538461,0.20103944810255728
301,2025-03-17T14:00:00,CO,24.472474351278485,11698.279319395466,417.37992649242847,0.6888757701595463,4,23.177058798477752,51.18497762140225,564.3544225051753,93.46153846153847,0.08214200627107306
301,2025-03-17T14:00:00,CO,24.472474351278485,11698.279319395466,417.37992649242847,0.6888757701595463,4,23.177058798477752,51.18497762140225,564.3544225051753,102.30769230769232,0.05
301,2025-03-17T14:00:00,CO,24.472474351278485,11698.279319395466,417.37992649242847,0.6888757701595463,4,23.177058798477752,51.18497762140225,564.3544225051753,111.15384615384616,0.05
301,2025-03-17T14:00:00,CO,24.472474351278485,11698.279319395466,417.37992649242847,0.6888757701595463,4,23.177058798477752,51.18497762140225,564.3544225051753,120.0,0.05
302,2025-03-17T20:00:00,NOx,86.79578289217372,4992.17004799569,174.44144209526684,0.25761330451039793,2,30.130116647460977,49.13971743543553,453.2643046380557,5.0,4.469827970844385
302,2025-03-17T20:00:00,NOx,86.79578289217372,4992.17004799569,174.44144209526684,0.25761330451039793,2,30.130116647460977,49.13971743543553,453.2643046380557,13.846153846153847,0.05
302,2025-03-17T20:00:00,NOx,86.79578289217372,4992.17004799569,174.44144209526684,0.25761330451039793,2,30.130116647460977,49.13971743543553,453.2643046380557,22.692307692307693,0.05
302,2025-03-17T20:00:00,NOx,86.79578289217372,4992.17004799569,174.44144209526684,0.25761330451039793,2,30.130116647460977,49.13971743543553,453.2643046380557,31.53846153846154,0.05
302,2025-03-17T20:00:00,NOx,86.79578289217372,4992.17004799569,174.44144209526684,0.25761330451039793,2,30.130116647460977,49.13971743543553,453.2643046380557,40.38461538461539,0.05
302,2025-03-17T20:00:00,NOx,86.79578289217372,4992.17004799569,174.44144209526684,0.25761330451039793,2,30.130116647460977,49.13971743543553,453.2643046380557,49.23076923076923,0.05
302,2025-03-17T20:00:00,NOx,86.79578289217372,4992.17004799569,174.44144209526684,0.25761330451039793,2,30.130116647460977,49.13971743543553,453.2643046380557,58.07692307692308,0.05
302,2025-03-17T20:00:00,NOx,86.79578289217372,4992.17004799569,174.44144209526684,0.25761330451039793,2,30.130116647460977,,453.2643046380557,66.92307692307693,0.05
302,2025-03-17T20:00:00,NOx,86.79578289217372,4992.17004799569,174.44144209526684,0.25761330451039793,2,30.130116647460977,49.13971743543553,453.2643046380557,75.76923076923077,0.05
302,2025-03-17T20:00:00,NOx,86.79578289217372,4992.17004799569,174.44144209526684,0.25761330451039793,2,30.130116647460977,49.13971743543553,453.2643046380557,84.61538461538461,0.05
302,2025-03-17T20:00:00,NOx,86.79578289217372,4992.17004799569,174.44144209526684,0.25761330451039793,2,30.130116647460977,49.13971743543553,453.2643046380557,93.46153846153847,0.05
302,2025-03-17T20:00:00,NOx,86.79578289217372,4992.17004799569,174.44144209526684,0.25761330451039793,2,30.130116647460977,49.13971743543553,453.2643046380557,102.30769230769232,0.05
302,2025-03-17T20:00:00,NOx,86.79578289217372,4992.17004799569,174.44144209526684,0.25761330451039793,2,30.130116647460977,49.13971743543553,453.2643046380557,111.15384615384616,0.05
302,2025-03-17T20:00:00,NOx,86.79578289217372,4992.17004799569,174.44144209526684,0.25761330451039793,2,30.130116647460977,49.13971743543553,453.2643046380557,120.0,0.05
303,2025-03-18T02:00:00,NOx,26.647641627509476,8184.0016478967245,74.1328687584832,,4,24.385804848917424,36.511583423982465,791.3831621116626,5.0,322.2912733869549
303,2025-03-18T02:00:00,NOx,26.647641627509476,8184.0016478967245,74.1328687584832,0.28630101441884587,4,24.385804848917424,36.511583423982465,791.3831621116626,13.846153846153847,47.062113366371015
303,2025-03-18T02:00:00,NOx,26.647641627509476,8184.0016478967245,74.1328687584832,0.28630101441884587,4,24.385804848917424,36.511583423982465,791.3831621116626,22.692307692307693,5.919330684557673
303,2025-03-18T02:00:00,NOx,26.647641627509476,8184.0016478967245,74.1328687584832,0.28630101441884587,4,24.385804848917424,36.511583423982465,791.3831621116626,31.53846153846154,1.318284190116774
303,2025-03-18T02:00:00,NOx,26.647641627509476,8184.0016478967245,74.1328687584832,0.28630101441884587,4,24.385804848917424,36.511583423982465,791.3831621116626,40.38461538461539,0.16397807087579763
303,2025-03-18T02:00:00,NOx,26.647641627509476,8184.0016478967245,74.1328687584832,0.28630101441884587,4,24.385804848917424,36.511583423982465,791.3831621116626,49.23076923076923,0.05
303,2025-03-18T02:00:00,NOx,26.647641627509476,8184.0016478967245,74.1328687584832,0.28630101441884587,4,24.385804848917424,36.511583423982465,791.3831621116626,58.07692307692308,0.05
303,2025-03-18T02:00:00,NOx,26.647641627509476,8184.0016478967245,74.1328687584832,0.28630101441884587,4,24.385804848917424,36.511583423982465,791.3831621116626,66.92307692307693,0.05
303,2025-03-18T02:00:00,NOx,26.647641627509476,8184.0016478967245,74.1328687584832,0.28630101441884587,4,24.385804848917424,36.511583423982465,791.3831621116626,75.76923076923077,0.05
303,2025-03-18T02:00:00,NOx,26.647641627509476,8184.0016478967245,74.1328687584832,0.28630101441884587,4,24.385804848917424,36.511583423982465,791.3831621116626,84.61538461538461,0.05
303,2025-03-18T02:00:00,NOx,26.647641627509476,8184.0016478967245,74.1328687584832,0.28630101441884587,4,24.385804848917424,36.511583423982465,791.3831621116626,93.46153846153847,0.05
303,2025-03-18T02:00:00,NOx,26.647641627509476,8184.0016478967245,74.1328687584832,0.28630101441884587,4,24.385804848917424,36.511583423982465,791.3831621116626,102.30769230769232,0.05
303,2025-03-18T02:00:00,NOx,26.647641627509476,8184.0016478967245,74.1328687584832,0.28630101441884587,4,24.385804848917424,36.511583423982465,791.3831621116626,111.15384615384616,0.05
303,2025-03-18T02:00:00,NOx,26.647641627509476,8184.0016478967245,74.1328687584832,0.28630101441884587,4,24.385804848917424,36.511583423982465,791.3831621116626,120.0,0.05
304,2025-03-18T08:00:00,SO2,106.94246295266184,3005.8923002535043,360.4374663056197,1.0612841798721844,3,28.27877173159137,76.20466856694574,504.2633195666209,5.0,0.05
304,2025-03-18T08:00:00,SO2,106.94246295266184,3005.8923002535043,360.4374663056197,1.0612841798721844,3,28.27877173159137,76.20466856694574,504.2633195666209,13.846153846153847,0.05
304,2025-03-18T08:00:00,SO2,106.94246295266184,3005.8923002535043,360.4374663056197,1.0612841798721844,3,,76.20466856694574,504.2633195666209,22.692307692307693,0.05
304,2025-03-18T08:00:00,SO2,106.94246295266184,3005.8923002535043,360.4374663056197,1.0612841798721844,3,28.27877173159137,76.20466856694574,504.2633195666209,31.53846153846154,0.05
304,2025-03-18T08:00:00,SO2,106.94246295266184,3005.8923002535043,360.4374663056197,1.0612841798721844,3,28.27877173159137,76.20466856694574,504.2633195666209,40.38461538461539,0.05
304,2025-03-18T08:00:00,SO2,106.94246295266184,3005.8923002535043,360.4374663056197,1.0612841798721844,3,28.27877173159137,76.20466856694574,504.2633195666209,49.23076923076923,0.05
304,2025-03-18T08:00:00,SO2,106.94246295266184,3005.8923002535043,360.4374663056197,1.0612841798721844,3,28.27877173159137,76.20466856694574,504.2633195666209,58.07692307692308,0.05
304,2025-03-18T08:00:00,SO2,106.94246295266184,3005.8923002535043,360.4374663056197,1.0612841798721844,3,28.27877173159137,76.20466856694574,504.2633195666209,66.92307692307693,0.05
304,2025-03-18T08:00:00,SO2,106.94246295266184,3005.8923002535043,360.4374663056197,1.0612841798721844,3,28.27877173159137,76.20466856694574,504.2633195666209,75.76923076923077,0.05
304,2025-03-18T08:00:00,SO2,106.94246295266184,3005.8923002535043,360.4374663056197,1.0612841798721844,3,28.27877173159137,76.20466856694574,504.2633195666209,84.61538461538461,0.05
304,2025-03-18T08:00:00,SO2,106.94246295266184,3005.8923002535043,360.4374663056197,1.0612841798721844,3,28.27877173159137,76.20466856694574,504.2633195666209,93.46153846153847,0.05
304,2025-03-18T08:00:00,SO2,106.94246295266184,3005.8923002535043,360.4374663056197,1.0612841798721844,3,28.27877173159137,76.20466856694574,504.2633195666209,102.30769230769232,0.05
304,2025-03-18T08:00:00,SO2,106.94246295266184,3005.8923002535043,360.4374663056197,1.0612841798721844,3,28.27877173159137,76.20466856694574,504.2633195666209,111.15384615384616,0.05
304,2025-03-18T08:00:00,SO2,106.94246295266184,3005.8923002535043,360.4374663056197,1.0612841798721844,3,28.27877173159137,76.20466856694574,504.2633195666209,120.0,0.05
305,2025-03-18T14:00:00,CO,104.88256855141296,11085.643316485783,38.83842979207201,0.5732275809659175,2,32.19724598454998,70.4105825847729,338.2368061649611,5.0,22.50352495817414
305,2025-03-18T14:00:00,CO,104.88256855141296,11085.643316485783,38.83842979207201,0.5732275809659175,2,32.19724598454998,70.4105825847729,338.2368061649611,13.846153846153847,0.140464566564254
305,2025-03-18T14:00:00,CO,104.88256855141296,11085.643316485783,38.83842979207201,0.5732275809659175,2,32.19724598454998,70.4105825847729,338.2368061649611,22.692307692307693,0.05
305,2025-03-18T14:00:00,CO,104.88256855141296,11085.643316485783,38.83842979207201,0.5732275809659175,2,32.19724598454998,70.4105825847729,338.2368061649611,31.53846153846154,0.05
305,2025-03-18T14:00:00,CO,104.88256855141296,11085.643316485783,38.83842979207201,0.5732275809659175,2,32.19724598454998,70.4105825847729,338.2368061649611,40.38461538461539,0.05
305,2025-03-18T14:00:00,CO,104.88256855141296,11085.643316485783,38.83842979207201,0.5732275809659175,2,32.19724598454998,70.4105825847729,338.2368061649611,49.23076923076923,0.05
305,2025-03-18T14:00:00,CO,104.88256855141296,11085.643316485783,38.83842979207201,0.5732275809659175,2,32.19724598454998,70.4105825847729,338.2368061649611,58.07692307692308,0.05
305,2025-03-18T14:00:00,CO,104.88256855141296,11085.643316485783,38.83842979207201,0.5732275809659175,2,32.19724598454998,70.4105825847729,338.2368061649611,66.92307692307693,0.05
305,2025-03-18T14:00:00,CO,104.88256855141296,11085.643316485783,38.83842979207201,0.5732275809659175,2,32.19724598454998,70.4105825847729,338.2368061649611,75.76923076923077,0.05
305,2025-03-18T14:00:00,CO,104.88256855141296,11085.643316485783,38.83842979207201,0.5732275809659175,2,32.19724598454998,70.4105825847729,338.2368061649611,84.61538461538461,0.05
305,2025-03-18T14:00:00,CO,104.88256855141296,11085.643316485783,38.83842979207201,0.5732275809659175,2,32.19724598454998,70.4105825847729,338.2368061649611,93.46153846153847,0.05
305,2025-03-18T14:00:00,CO,104.88256855141296,11085.643316485783,38.83842979207201,0.5732275809659175,2,32.19724598454998,70.4105825847729,338.2368061649611,102.30769230769232,0.05
305,2025-03-18T14:00:00,CO,104.88256855141296,11085.643316485783,38.83842979207201,0.5732275809659175,2,32.19724598454998,70.4105825847729,338.2368061649611,111.15384615384616,0.05
305,2025-03-18T14:00:00,CO,104.88256855141296,11085.643316485783,38.83842979207201,0.5732275809659175,2,32.19724598454998,70.4105825847729,338.2368061649611,120.0,0.05
306,2025-03-18T20:00:00,SO2,27.600751148081507,8037.206688432848,443.2357587859901,1.177523687392405,0,36.1569900392505,63.584780661375774,386.79634449995467,5.0,186.4658203658007
306,2025-03-18T20:00:00,SO2,27.600751148081507,8037.206688432848,443.2357587859901,1.177523687392405,0,36.1569900392505,63.584780661375774,386.79634449995467,13.846153846153847,
306,2025-03-18T20:00:00,SO2,27.600751148081507,8037.206688432848,443.2357587859901,1.177523687392405,0,36.1569900392505,63.584780661375774,386.79634449995467,22.692307692307693,13.955576242923062
306,2025-03-18T20:00:00,SO2,27.600751148081507,8037.206688432848,443.2357587859901,1.177523687392405,0,36.1569900392505,63.584780661375774,386.79634449995467,31.53846153846154,3.74448763523723
306,2025-03-18T20:00:00,SO2,27.600751148081507,8037.206688432848,443.2357587859901,1.177523687392405,0,36.1569900392505,63.584780661375774,386.79634449995467,40.38461538461539,1.0401040274002467
306,2025-03-18T20:00:00,SO2,27.600751148081507,8037.206688432848,443.2357587859901,1.177523687392405,0,36.1569900392505,63.584780661375774,386.79634449995467,49.23076923076923,0.29354246543942825
306,2025-03-18T20:00:00,SO2,27.600751148081507,8037.206688432848,443.2357587859901,1.177523687392405,0,36.1569900392505,63.584780661375774,386.79634449995467,58.07692307692308,0.08487906846882688
306,2025-03-18T20:00:00,SO2,27.600751148081507,8037.206688432848,443.2357587859901,1.177523687392405,0,36.1569900392505,63.584780661375774,386.79634449995467,66.92307692307693,0.05
306,2025-03-18T20:00:00,SO2,27.600751148081507,8037.206688432848,443.2357587859901,1.177523687392405,0,36.1569900392505,63.584780661375774,386.79634449995467,75.76923076923077,0.05
306,2025-03-18T20:00:00,SO2,27.600751148081507,8037.206688432848,443.2357587859901,1.177523687392405,0,36.1569900392505,63.584780661375774,386.79634449995467,84.61538461538461,0.05
306,2025-03-18T20:00:00,SO2,27.600751148081507,8037.206688432848,443.2357587859901,,0,36.1569900392505,63.584780661375774,386.79634449995467,93.46153846153847,0.05
306,2025-03-18T20:00:00,SO2,27.600751148081507,8037.206688432848,443.2357587859901,1.177523687392405,0,36.1569900392505,63.584780661375774,386.79634449995467,102.30769230769232,0.05
306,2025-03-18T20:00:00,SO2,27.600751148081507,8037.206688432848,443.2357587859901,1.177523687392405,0,36.1569900392505,63.584780661375774,386.79634449995467,111.15384615384616,0.05
306,2025-03-18T20:00:00,SO2,27.600751148081507,8037.206688432848,443.2357587859901,1.177523687392405,0,36.1569900392505,63.584780661375774,386.79634449995467,120.0,0.05
307,2025-03-19T02:00:00,SO2,116.84992618457063,5936.13882741479,167.34827918472604,0.3141008050006096,0,18.737030812201063,48.572919738724124,746.983933908734,5.0,4.700590318600528
307,2025-03-19T02:00:00,SO2,116.84992618457063,5936.13882741479,167.34827918472604,0.3141008050006096,0,18.737030812201063,48.572919738724124,746.983933908734,13.846153846153847,0.05
307,2025-03-19T02:00:00,SO2,116.84992618457063,5936.13882741479,167.34827918472604,0.3141008050006096,0,18.737030812201063,48.572919738724124,746.983933908734,22.692307692307693,0.05
307,2025-03-19T02:00:00,SO2,116.84992618457063,5936.13882741479,167.34827918472604,0.3141008050006096,0,18.737030812201063,48.572919738724124,746.983933908734,31.53846153846154,0.05
307,2025-03-19T02:00:00,SO2,116.84992618457063,5936.13882741479,167.34827918472604,0.3141008050006096,0,18.737030812201063,48.572919738724124,746.983933908734,40.38461538461539,0.05
307,2025-03-19T02:00:00,SO2,116.84992618457063,5936.13882741479,167.34827918472604,0.3141008050006096,0,18.737030812201063,48.572919738724124,746.983933908734,49.23076923076923,0.05
307,2025-03-19T02:00:00,SO2,116.84992618457063,5936.13882741479,167.34827918472604,0.3141008050006096,0,18.737030812201063,48.572919738724124,746.983933908734,58.07692307692308,0.05
307,2025-03-19T02:00:00,SO2,116.84992618457063,5936.13882741479,167.34827918472604,0.3141008050006096,0,18.737030812201063,48.572919738724124,746.983933908734,66.92307692307693,0.05
307,2025-03-19T02:00:00,SO2,116.84992618457063,5936.13882741479,167.34827918472604,0.3141008050006096,0,18.737030812201063,48.572919738724124,746.983933908734,75.76923076923077,0.05
307,2025-03-19T02:00:00,SO2,116.84992618457063,5936.13882741479,167.34827918472604,0.3141008050006096,0,18.737030812201063,48.572919738724124,746.983933908734,84.61538461538461,0.05
307,2025-03-19T02:00:00,SO2,116.84992618457063,5936.13882741479,167.34827918472604,0.3141008050006096,0,18.737030812201063,48.572919738724124,746.983933908734,93.46153846153847,0.05
307,2025-03-19T02:00:00,SO2,116.84992618457063,5936.13882741479,167.34827918472604,0.3141008050006096,0,18.737030812201063,48.572919738724124,746.983933908734,102.30769230769232,0.05
307,2025-03-19T02:00:00,SO2,116.84992618457063,5936.13882741479,167.34827918472604,0.3141008050006096,0,18.737030812201063,48.572919738724124,746.983933908734,111.15384615384616,0.05
307,2025-03-19T02:00:00,SO2,116.84992618457063,5936.13882741479,167.34827918472604,0.3141008050006096,0,18.737030812201063,48.572919738724124,746.983933908734,120.0,0.05
308,2025-03-19T08:00:00,SO2,71.05622177335125,3992.5932971678762,398.72929456301574,0.32349457698245054,1,28.736568024042953,45.38886016259758,402.31803408793195,5.0,11.95683400269972
308,2025-03-19T08:00:00,SO2,71.05622177335125,3992.5932971678762,398.72929456301574,0.32349457698245054,1,28.736568024042953,45.38886016259758,402.31803408793195,13.846153846153847,0.05
308,2025-03-19T08:00:00,SO2,71.05622177335125,3992.5932971678762,398.72929456301574,0.32349457698245054,1,28.736568024042953,45.38886016259758,402.31803408793195,22.692307692307693,0.05
308,2025-03-19T08:00:00,SO2,71.05622177335125,3992.5932971678762,398.72929456301574,0.32349457698245054,1,28.736568024042953,45.38886016259758,402.31803408793195,31.53846153846154,0.05
308,2025-03-19T08:00:00,SO2,71.05622177335125,3992.5932971678762,398.72929456301574,0.32349457698245054,1,28.736568024042953,45.38886016259758,402.31803408793195,40.38461538461539,0.05
308,2025-03-19T08:00:00,SO2,71.05622177335125,3992.5932971678762,398.72929456301574,0.32349457698245054,1,28.736568024042953,45.38886016259758,402.31803408793195,49.23076923076923,0.05
308,2025-03-19T08:00:00,SO2,71.05622177335125,3992.5932971678762,398.72929456301574,0.32349457698245054,1,28.736568024042953,45.38886016259758,402.31803408793195,58.07692307692308,0.05
308,2025-03-19T08:00:00,SO2,71.05622177335125,3992.5932971678762,398.72929456301574,0.32349457698245054,1,28.736568024042953,45.38886016259758,402.31803408793195,66.92307692307693,0.05
308,2025-03-19T08:00:00,SO2,71.05622177335125,3992.5932971678762,398.72929456301574,0.32349457698245054,1,28.736568024042953,45.38886016259758,402.31803408793195,75.76923076923077,0.05
308,2025-03-19T08:00:00,SO2,71.05622177335125,3992.5932971678762,398.72929456301574,0.32349457698245054,1,28.736568024042953,45.38886016259758,402.31803408793195,84.61538461538461,0.05
308,2025-03-19T08:00:00,SO2,71.05622177335125,3992.5932971678762,398.72929456301574,0.32349457698245054,1,28.736568024042953,45.38886016259758,402.31803408793195,93.46153846153847,0.05
308,2025-03-19T08:00:00,SO2,71.05622177335125,3992.5932971678762,398.72929456301574,0.32349457698245054,1,28.736568024042953,45.38886016259758,402.31803408793195,102.30769230769232,0.05
308,2025-03-19T08:00:00,SO2,71.05622177335125,3992.5932971678762,398.72929456301574,0.32349457698245054,1,28.736568024042953,45.38886016259758,402.31803408793195,111.15384615384616,0.05
308,2025-03-19T08:00:00,SO2,71.05622177335125,3992.5932971678762,398.72929456301574,0.32349457698245054,1,28.736568024042953,45.38886016259758,402.31803408793195,120.0,0.05
309,2025-03-19T14:00:00,SO2,31.89443314015906,1824.4666379021596,101.16505222892037,1.3077664336603114,1,36.27662178985421,80.52693206223145,266.64399992153864,5.0,2.760538058915912
309,2025-03-19T14:00:00,SO2,31.89443314015906,1824.4666379021596,101.16505222892037,1.3077664336603114,1,36.27662178985421,80.52693206223145,266.64399992153864,13.846153846153847,0.05
309,2025-03-19T14:00:00,SO2,31.89443314015906,1824.4666379021596,101.16505222892037,1.3077664336603114,1,36.27662178985421,80.52693206223145,266.64399992153864,22.692307692307693,0.05
309,2025-03-19T14:00:00,SO2,31.89443314015906,1824.4666379021596,101.16505222892037,1.3077664336603114,1,36.27662178985421,80.52693206223145,266.64399992153864,31.53846153846154,0.05
309,2025-03-19T14:00:00,SO2,31.89443314015906,1824.4666379021596,101.16505222892037,1.3077664336603114,1,36.27662178985421,80.52693206223145,266.64399992153864,40.38461538461539,0.05
309,2025-03-19T14:00:00,SO2,31.89443314015906,1824.4666379021596,101.16505222892037,1.3077664336603114,1,36.27662178985421,80.52693206223145,266.64399992153864,49.23076923076923,0.05
309,2025-03-19T14:00:00,SO2,31.89443314015906,1824.4666379021596,101.16505222892037,1.3077664336603114,1,36.27662178985421,80.52693206223145,266.64399992153864,58.07692307692308,0.05
309,2025-03-19T14:00:00,SO2,31.89443314015906,1824.4666379021596,101.16505222892037,1.3077664336603114,1,36.27662178985421,80.52693206223145,266.64399992153864,66.92307692307693,0.05
309,2025-03-19T14:00:00,SO2,31.89443314015906,1824.4666379021596,101.16505222892037,1.3077664336603114,1,36.27662178985421,80.52693206223145,266.64399992153864,75.76923076923077,0.05
309,2025-03-19T14:00:00,SO2,31.89443314015906,1824.4666379021596,101.16505222892037,1.3077664336603114,1,36.27662178985421,80.52693206223145,266.64399992153864,84.61538461538461,0.05
309,2025-03-19T14:00:00,SO2,31.89443314015906,1824.4666379021596,101.16505222892037,1.3077664336603114,1,36.27662178985421,80.52693206223145,266.64399992153864,93.46153846153847,0.05
309,2025-03-19T14:00:00,SO2,31.89443314015906,1824.4666379021596,101.16505222892037,1.3077664336603114,1,36.27662178985421,80.52693206223145,266.64399992153864,102.30769230769232,0.05
309,2025-03-19T14:00:00,SO2,31.89443314015906,1824.4666379021596,101.16505222892037,1.3077664336603114,1,36.27662178985421,80.52693206223145,266.64399992153864,111.15384615384616,0.05
309,2025-03-19T14:00:00,SO2,31.89443314015906,1824.4666379021596,101.16505222892037,1.3077664336603114,1,36.27662178985421,80.52693206223145,266.64399992153864,120.0,0.05
310,2025-03-19T20:00:00,NOx,25.881969859782814,1185.9535319173674,124.1784262772755,0.602094495908866,1,22.321810766743866,,690.1296041241228,5.0,3.138440933137575
310,2025-03-19T20:00:00,NOx,25.881969859782814,1185.9535319173674,124.1784262772755,0.602094495908866,1,22.321810766743866,69.29913621714398,690.1296041241228,13.846153846153847,0.05
310,2025-03-19T20:00:00,NOx,25.881969859782814,1185.9535319173674,124.1784262772755,0.602094495908866,1,22.321810766743866,69.29913621714398,690.1296041241228,22.692307692307693,0.05
310,2025-03-19T20:00:00,NOx,25.881969859782814,1185.9535319173674,124.1784262772755,0.602094495908866,1,22.321810766743866,69.29913621714398,690.1296041241228,31.53846153846154,0.05
310,2025-03-19T20:00:00,NOx,25.881969859782814,1185.9535319173674,124.1784262772755,0.602094495908866,1,22.321810766743866,69.29913621714398,690.1296041241228,40.38461538461539,0.05
310,2025-03-19T20:00:00,NOx,25.881969859782814,1185.9535319173674,124.1784262772755,0.602094495908866,1,22.321810766743866,69.29913621714398,690.1296041241228,49.23076923076923,0.05
310,2025-03-19T20:00:00,NOx,25.881969859782814,1185.9535319173674,124.1784262772755,0.602094495908866,1,22.321810766743866,69.29913621714398,690.1296041241228,58.07692307692308,0.05
310,2025-03-19T20:00:00,NOx,25.881969859782814,1185.9535319173674,124.1784262772755,0.602094495908866,1,22.321810766743866,,690.1296041241228,66.92307692307693,0.05
310,2025-03-19T20:00:00,NOx,25.881969859782814,1185.9535319173674,124.1784262772755,0.602094495908866,1,22.321810766743866,69.29913621714398,690.1296041241228,75.76923076923077,0.05
310,2025-03-19T20:00:00,NOx,25.881969859782814,1185.9535319173674,124.1784262772755,0.602094495908866,1,22.321810766743866,69.29913621714398,690.1296041241228,84.61538461538461,0.05
310,2025-03-19T20:00:00,NOx,25.881969859782814,1185.9535319173674,124.1784262772755,0.602094495908866,1,22.321810766743866,69.29913621714398,690.1296041241228,93.46153846153847,0.05
310,2025-03-19T20:00:00,NOx,25.881969859782814,1185.9535319173674,124.1784262772755,0.602094495908866,1,22.321810766743866,69.29913621714398,690.1296041241228,102.30769230769232,0.05
310,2025-03-19T20:00:00,NOx,25.881969859782814,1185.9535319173674,124.1784262772755,0.602094495908866,1,22.321810766743866,69.29913621714398,690.1296041241228,111.15384615384616,0.05
310,2025-03-19T20:00:00,NOx,25.881969859782814,1185.9535319173674,124.1784262772755,0.602094495908866,1,22.321810766743866,69.29913621714398,690.1296041241228,120.0,0.05
311,2025-03-20T02:00:00,CO,76.25939220407139,8171.769947694655,380.9386333210285,0.5282230915389095,0,35.55269593612812,52.68886430245574,113.35795067229004,5.0,14.231130092250527
311,2025-03-20T02:00:00,CO,76.25939220407139,8171.769947694655,380.9386333210285,0.5282230915389095,0,35.55269593612812,52.68886430245574,113.35795067229004,13.846153846153847,0.43609876637141487
311,2025-03-20T02:00:00,CO,76.25939220407139,8171.769947694655,380.9386333210285,0.5282230915389095,0,35.55269593612812,52.68886430245574,113.35795067229004,22.692307692307693,0.05
311,2025-03-20T02:00:00,CO,76.25939220407139,8171.769947694655,380.9386333210285,0.5282230915389095,0,35.55269593612812,52.68886430245574,113.35795067229004,31.53846153846154,0.05
311,2025-03-20T02:00:00,CO,76.25939220407139,8171.769947694655,380.9386333210285,0.5282230915389095,0,35.55269593612812,52.68886430245574,113.35795067229004,40.38461538461539,0.05
311,2025-03-20T02:00:00,CO,76.25939220407139,8171.769947694655,380.9386333210285,0.5282230915389095,0,35.55269593612812,52.68886430245574,113.35795067229004,49.23076923076923,0.05
311,2025-03-20T02:00:00,CO,76.25939220407139,8171.769947694655,380.9386333210285,0.5282230915389095,0,35.55269593612812,52.68886430245574,113.35795067229004,58.07692307692308,0.05
311,2025-03-20T02:00:00,CO,76.25939220407139,8171.769947694655,380.9386333210285,0.5282230915389095,0,35.55269593612812,52.68886430245574,113.35795067229004,66.92307692307693,0.05
311,2025-03-20T02:00:00,CO,76.25939220407139,8171.769947694655,380.9386333210285,0.5282230915389095,0,35.55269593612812,52.68886430245574,113.35795067229004,75.76923076923077,0.05
311,2025-03-20T02:00:00,CO,76.25939220407139,8171.769947694655,380.9386333210285,0.5282230915389095,0,35.55269593612812,52.68886430245574,113.35795067229004,84.61538461538461,0.05
311,2025-03-20T02:00:00,CO,76.25939220407139,8171.769947694655,380.9386333210285,0.5282230915389095,0,35.55269593612812,52.68886430245574,113.35795067229004,93.46153846153847,0.05
311,2025-03-20T02:00:00,CO,76.25939220407139,8171.769947694655,380.9386333210285,,0,35.55269593612812,52.68886430245574,113.35795067229004,102.30769230769232,
311,2025-03-20T02:00:00,CO,76.25939220407139,8171.769947694655,380.9386333210285,0.5282230915389095,0,,52.68886430245574,113.35795067229004,111.15384615384616,0.05
311,2025-03-20T02:00:00,CO,76.25939220407139,8171.769947694655,380.9386333210285,0.5282230915389095,0,35.55269593612812,52.68886430245574,113.35795067229004,120.0,0.05
312,2025-03-20T08:00:00,CO,21.668044044536728,4806.828693423633,123.97197329928979,1.4870680752140026,1,34.37885697062017,67.83665790483926,157.09466611906052,5.0,41.754291772228264
312,2025-03-20T08:00:00,CO,21.668044044536728,4806.828693423633,123.97197329928979,1.4870680752140026,1,34.37885697062017,67.83665790483926,157.09466611906052,13.846153846153847,3.6162798335463857
312,2025-03-20T08:00:00,CO,21.668044044536728,4806.828693423633,123.97197329928979,1.4870680752140026,1,34.37885697062017,67.83665790483926,157.09466611906052,22.692307692307693,0.35565363648169557
312,2025-03-20T08:00:00,CO,21.668044044536728,4806.828693423633,123.97197329928979,1.4870680752140026,1,34.37885697062017,67.83665790483926,157.09466611906052,31.53846153846154,0.05
312,2025-03-20T08:00:00,CO,21.668044044536728,4806.828693423633,123.97197329928979,1.4870680752140026,1,34.37885697062017,67.83665790483926,157.09466611906052,40.38461538461539,0.05
312,2025-03-20T08:00:00,CO,21.668044044536728,4806.828693423633,123.97197329928979,1.4870680752140026,1,34.37885697062017,67.83665790483926,157.09466611906052,49.23076923076923,0.05
312,2025-03-20T08:00:00,CO,21.668044044536728,4806.828693423633,123.97197329928979,1.4870680752140026,1,,67.83665790483926,157.09466611906052,58.07692307692308,0.05
312,2025-03-20T08:00:00,CO,21.668044044536728,4806.828693423633,123.97197329928979,1.4870680752140026,1,34.37885697062017,67.83665790483926,157.09466611906052,66.92307692307693,0.05
312,2025-03-20T08:00:00,CO,21.668044044536728,4806.828693423633,123.97197329928979,1.4870680752140026,1,34.37885697062017,67.83665790483926,157.09466611906052,75.76923076923077,0.05
312,2025-03-20T08:00:00,CO,21.668044044536728,4806.828693423633,123.97197329928979,1.4870680752140026,1,34.37885697062017,67.83665790483926,157.09466611906052,84.61538461538461,0.05
312,2025-03-20T08:00:00,CO,21.668044044536728,4806.828693423633,123.97197329928979,1.4870680752140026,1,34.37885697062017,67.83665790483926,157.09466611906052,93.46153846153847,0.05
312,2025-03-20T08:00:00,CO,21.668044044536728,4806.828693423633,123.97197329928979,1.4870680752140026,1,34.37885697062017,67.83665790483926,157.09466611906052,102.30769230769232,0.05
312,2025-03-20T08:00:00,CO,21.668044044536728,4806.828693423633,123.97197329928979,1.4870680752140026,1,34.37885697062017,67.83665790483926,157.09466611906052,111.15384615384616,0.05
312,2025-03-20T08:00:00,CO,21.668044044536728,4806.828693423633,123.97197329928979,1.4870680752140026,1,34.37885697062017,67.83665790483926,157.09466611906052,120.0,0.05
313,2025-03-20T14:00:00,NOx,16.149029063056815,10949.616249330715,430.16934282168904,0.25470059697422587,4,22.25583184083022,35.811650422537,633.7914331326871,5.0,396.30062934813293
313,2025-03-20T14:00:00,NOx,16.149029063056815,10949.616249330715,430.16934282168904,0.25470059697422587,4,22.25583184083022,,633.7914331326871,13.846153846153847,214.82935414544747
313,2025-03-20T14:00:00,NOx,16.149029063056815,10949.616249330715,430.16934282168904,0.25470059697422587,4,22.25583184083022,35.811650422537,633.7914331326871,22.692307692307693,107.6772039258703
313,2025-03-20T14:00:00,NOx,16.149029063056815,10949.616249330715,430.16934282168904,0.25470059697422587,4,22.25583184083022,35.811650422537,633.7914331326871,31.53846153846154,41.80503197675112
313,2025-03-20T14:00:00,NOx,16.149029063056815,10949.616249330715,430.16934282168904,0.25470059697422587,4,22.25583184083022,35.811650422537,633.7914331326871,40.38461538461539,21.013280734168028
313,2025-03-20T14:00:00,NOx,16.149029063056815,10949.616249330715,430.16934282168904,0.25470059697422587,4,22.25583184083022,,633.7914331326871,49.23076923076923,10.470493649663725
313,2025-03-20T14:00:00,NOx,16.149029063056815,10949.616249330715,430.16934282168904,0.25470059697422587,4,22.25583184083022,35.811650422537,633.7914331326871,58.07692307692308,4.500118419663379
313,2025-03-20T14:00:00,NOx,16.149029063056815,10949.616249330715,430.16934282168904,0.25470059697422587,4,22.25583184083022,35.811650422537,633.7914331326871,66.92307692307693,2.348465860188685
313,2025-03-20T14:00:00,NOx,16.149029063056815,10949.616249330715,430.16934282168904,0.25470059697422587,4,22.25583184083022,35.811650422537,633.7914331326871,75.76923076923077,1.0740364626920569
313,2025-03-20T14:00:00,NOx,16.149029063056815,10949.616249330715,430.16934282168904,0.25470059697422587,4,22.25583184083022,35.811650422537,633.7914331326871,84.61538461538461,0.5101724551453404
313,2025-03-20T14:00:00,NOx,16.149029063056815,10949.616249330715,430.16934282168904,0.25470059697422587,4,22.25583184083022,35.811650422537,633.7914331326871,93.46153846153847,0.24855611624470528
313,2025-03-20T14:00:00,NOx,16.149029063056815,10949.616249330715,430.16934282168904,0.25470059697422587,4,,35.811650422537,633.7914331326871,102.30769230769232,0.1184698449199115
313,2025-03-20T14:00:00,NOx,16.149029063056815,10949.616249330715,430.16934282168904,0.25470059697422587,4,22.25583184083022,35.811650422537,633.7914331326871,111.15384615384616,0.056781523743505084
313,2025-03-20T14:00:00,NOx,16.149029063056815,10949.616249330715,430.16934282168904,0.25470059697422587,4,22.25583184083022,35.811650422537,633.7914331326871,120.0,0.05
314,2025-03-20T20:00:00,NOx,40.546734202378445,1018.9596824012976,97.50615613463108,0.2792313812932497,0,37.99954040835388,70.73381581717123,122.1774044512066,5.0,0.05
314,2025-03-20T20:00:00,NOx,40.546734202378445,1018.9596824012976,97.50615613463108,0.2792313812932497,0,37.99954040835388,70.73381581717123,122.1774044512066,13.846153846153847,0.05
314,2025-03-20T20:00:00,NOx,40.546734202378445,1018.9596824012976,97.50615613463108,0.2792313812932497,0,37.99954040835388,70.73381581717123,122.1774044512066,22.692307692307693,0.05
314,2025-03-20T20:00:00,NOx,40.546734202378445,1018.9596824012976,97.50615613463108,0.2792313812932497,0,37.99954040835388,70.73381581717123,122.1774044512066,31.53846153846154,0.05
314,2025-03-20T20:00:00,NOx,40.546734202378445,1018.9596824012976,97.50615613463108,0.2792313812932497,0,37.99954040835388,70.73381581717123,122.1774044512066,40.38461538461539,0.05
314,2025-03-20T20:00:00,NOx,40.546734202378445,1018.9596824012976,97.50615613463108,0.2792313812932497,0,37.99954040835388,,122.1774044512066,49.23076923076923,0.05
314,2025-03-20T20:00:00,NOx,40.546734202378445,1018.9596824012976,97.50615613463108,0.2792313812932497,0,37.99954040835388,70.73381581717123,122.1774044512066,58.07692307692308,0.05
314,2025-03-20T20:00:00,NOx,40.546734202378445,1018.9596824012976,97.50615613463108,0.2792313812932497,0,37.99954040835388,70.73381581717123,122.1774044512066,66.92307692307693,0.05
314,2025-03-20T20:00:00,NOx,40.546734202378445,1018.9596824012976,97.50615613463108,0.2792313812932497,0,37.99954040835388,70.73381581717123,122.1774044512066,75.76923076923077,0.05
314,2025-03-20T20:00:00,NOx,40.546734202378445,1018.9596824012976,97.50615613463108,0.2792313812932497,0,37.99954040835388,70.73381581717123,122.1774044512066,84.61538461538461,0.05
314,2025-03-20T20:00:00,NOx,40.546734202378445,1018.9596824012976,97.50615613463108,0.2792313812932497,0,37.99954040835388,70.73381581717123,122.1774044512066,93.46153846153847,0.05
314,2025-03-20T20:00:00,NOx,40.546734202378445,1018.9596824012976,97.50615613463108,0.2792313812932497,0,37.99954040835388,70.73381581717123,122.1774044512066,102.30769230769232,0.05
314,2025-03-20T20:00:00,NOx,40.546734202378445,1018.9596824012976,97.50615613463108,0.2792313812932497,0,37.99954040835388,70.73381581717123,122.1774044512066,111.15384615384616,0.05
314,2025-03-20T20:00:00,NOx,40.546734202378445,1018.9596824012976,97.50615613463108,0.2792313812932497,0,37.99954040835388,70.73381581717123,122.1774044512066,120.0,0.05
315,2025-03-21T02:00:00,NOx,77.14416285184844,6906.000797789467,54.9324097087479,1.192700132694077,4,32.32673600259206,55.74882173602165,701.4945801059326,5.0,19.573620496856655
315,2025-03-21T02:00:00,NOx,77.14416285184844,6906.000797789467,54.9324097087479,1.192700132694077,4,32.32673600259206,55.74882173602165,701.4945801059326,13.846153846153847,0.05
315,2025-03-21T02:00:00,NOx,77.14416285184844,6906.000797789467,54.9324097087479,1.192700132694077,4,32.32673600259206,55.74882173602165,701.4945801059326,22.692307692307693,0.05
315,2025-03-21T02:00:00,NOx,77.14416285184844,6906.000797789467,54.9324097087479,1.192700132694077,4,32.32673600259206,55.74882173602165,701.4945801059326,31.53846153846154,0.05
315,2025-03-21T02:00:00,NOx,77.14416285184844,6906.000797789467,54.9324097087479,1.192700132694077,4,32.32673600259206,55.74882173602165,701.4945801059326,40.38461538461539,0.05
315,2025-03-21T02:00:00,NOx,77.14416285184844,6906.000797789467,54.9324097087479,1.192700132694077,4,32.32673600259206,55.74882173602165,701.4945801059326,49.23076923076923,0.05
315,2025-03-21T02:00:00,NOx,77.14416285184844,6906.000797789467,54.9324097087479,1.192700132694077,4,32.32673600259206,55.74882173602165,701.4945801059326,58.07692307692308,0.05
315,2025-03-21T02:00:00,NOx,77.14416285184844,6906.000797789467,54.9324097087479,1.192700132694077,4,32.32673600259206,55.74882173602165,701.4945801059326,66.92307692307693,0.05
315,2025-03-21T02:00:00,NOx,77.14416285184844,6906.000797789467,54.9324097087479,1.192700132694077,4,32.32673600259206,55.74882173602165,701.4945801059326,75.76923076923077,0.05
315,2025-03-21T02:00:00,NOx,77.14416285184844,6906.000797789467,54.9324097087479,1.192700132694077,4,32.32673600259206,55.74882173602165,701.4945801059326,84.61538461538461,0.05
315,2025-03-21T02:00:00,NOx,77.14416285184844,6906.000797789467,54.9324097087479,1.192700132694077,4,32.32673600259206,,701.4945801059326,93.46153846153847,0.05
315,2025-03-21T02:00:00,NOx,77.14416285184844,6906.000797789467,54.9324097087479,1.192700132694077,4,32.32673600259206,55.74882173602165,701.4945801059326,102.30769230769232,0.05
315,2025-03-21T02:00:00,NOx,77.14416285184844,6906.000797789467,54.9324097087479,1.192700132694077,4,32.32673600259206,55.74882173602165,701.4945801059326,111.15384615384616,0.05
315,2025-03-21T02:00:00,NOx,77.14416285184844,6906.000797789467,54.9324097087479,1.192700132694077,4,32.32673600259206,55.74882173602165,701.4945801059326,120.0,0.05
316,2025-03-21T08:00:00,CO,16.918582798680895,4536.712415814953,433.8439618672777,0.9351312310735522,1,20.585318917907983,41.084726944582286,759.3752978534467,5.0,324.8349613765901
316,2025-03-21T08:00:00,CO,16.918582798680895,4536.712415814953,433.8439618672777,0.9351312310735522,1,20.585318917907983,41.084726944582286,759.3752978534467,13.846153846153847,70.63822750886769
316,2025-03-21T08:00:00,CO,16.918582798680895,4536.712415814953,433.8439618672777,0.9351312310735522,1,20.585318917907983,41.084726944582286,759.3752978534467,22.692307692307693,18.49346737838667
316,2025-03-21T08:00:00,CO,16.918582798680895,4536.712415814953,433.8439618672777,0.9351312310735522,1,20.585318917907983,41.084726944582286,759.3752978534467,31.53846153846154,3.9743507568477514
316,2025-03-21T08:00:00,CO,16.918582798680895,4536.712415814953,433.8439618672777,0.9351312310735522,1,20.585318917907983,41.084726944582286,759.3752978534467,40.38461538461539,0.9286127096550403
316,2025-03-21T08:00:00,CO,16.918582798680895,4536.712415814953,433.8439618672777,0.9351312310735522,1,20.585318917907983,41.084726944582286,759.3752978534467,49.23076923076923,0.21412945903166566
316,2025-03-21T08:00:00,CO,16.918582798680895,4536.712415814953,433.8439618672777,0.9351312310735522,1,20.585318917907983,41.084726944582286,759.3752978534467,58.07692307692308,0.054739690232680306
316,2025-03-21T08:00:00,CO,16.918582798680895,4536.712415814953,433.8439618672777,0.9351312310735522,1,,41.084726944582286,759.3752978534467,66.92307692307693,0.05
316,2025-03-21T08:00:00,CO,16.918582798680895,4536.712415814953,433.8439618672777,0.9351312310735522,1,20.585318917907983,41.084726944582286,759.3752978534467,75.76923076923077,0.05
316,2025-03-21T08:00:00,CO,16.918582798680895,4536.712415814953,433.8439618672777,0.9351312310735522,1,20.585318917907983,41.084726944582286,759.3752978534467,84.61538461538461,0.05
316,2025-03-21T08:00:00,CO,16.918582798680895,4536.712415814953,433.8439618672777,0.9351312310735522,1,20.585318917907983,41.084726944582286,759.3752978534467,93.46153846153847,0.05
316,2025-03-21T08:00:00,CO,16.918582798680895,4536.712415814953,433.8439618672777,0.9351312310735522,1,20.585318917907983,41.084726944582286,759.3752978534467,102.30769230769232,0.05
316,2025-03-21T08:00:00,CO,16.918582798680895,4536.712415814953,433.8439618672777,0.9351312310735522,1,20.585318917907983,41.084726944582286,759.3752978534467,111.15384615384616,0.05
316,2025-03-21T08:00:00,CO,16.918582798680895,4536.712415814953,433.8439618672777,0.9351312310735522,1,20.585318917907983,41.084726944582286,759.3752978534467,120.0,0.05
317,2025-03-21T14:00:00,CO,46.72838381377243,10367.496122170256,405.21784267117596,1.4839493652202012,4,23.863084160133894,32.218754055780934,374.398154718892,5.0,99.97734159796642
317,2025-03-21T14:00:00,CO,46.72838381377243,10367.496122170256,405.21784267117596,1.4839493652202012,4,23.863084160133894,32.218754055780934,374.398154718892,13.846153846153847,9.315692130636858
317,2025-03-21T14:00:00,CO,46.72838381377243,10367.496122170256,405.21784267117596,1.4839493652202012,4,23.863084160133894,32.218754055780934,374.398154718892,22.692307692307693,0.9574442259624689
317,2025-03-21T14:00:00,CO,46.72838381377243,10367.496122170256,405.21784267117596,1.4839493652202012,4,23.863084160133894,32.218754055780934,374.398154718892,31.53846153846154,0.09042342292573846
317,2025-03-21T14:00:00,CO,46.72838381377243,10367.496122170256,405.21784267117596,1.4839493652202012,4,23.863084160133894,32.218754055780934,374.398154718892,40.38461538461539,0.05
317,2025-03-21T14:00:00,CO,46.72838381377243,10367.496122170256,405.21784267117596,1.4839493652202012,4,23.863084160133894,32.218754055780934,374.398154718892,49.23076923076923,0.05
317,2025-03-21T14:00:00,CO,46.72838381377243,10367.496122170256,405.21784267117596,1.4839493652202012,4,23.863084160133894,32.218754055780934,374.398154718892,58.07692307692308,0.05
317,2025-03-21T14:00:00,CO,46.72838381377243,10367.496122170256,405.21784267117596,1.4839493652202012,4,23.863084160133894,32.218754055780934,374.398154718892,66.92307692307693,0.05
317,2025-03-21T14:00:00,CO,46.72838381377243,10367.496122170256,405.21784267117596,1.4839493652202012,4,23.863084160133894,32.218754055780934,374.398154718892,75.76923076923077,0.05
317,2025-03-21T14:00:00,CO,46.72838381377243,10367.496122170256,405.21784267117596,1.4839493652202012,4,23.863084160133894,32.218754055780934,374.398154718892,84.61538461538461,0.05
317,2025-03-21T14:00:00,CO,46.72838381377243,10367.496122170256,405.21784267117596,1.4839493652202012,4,23.863084160133894,32.218754055780934,374.398154718892,93.46153846153847,0.05
317,2025-03-21T14:00:00,CO,46.72838381377243,10367.496122170256,405.21784267117596,1.4839493652202012,4,23.863084160133894,32.218754055780934,374.398154718892,102.30769230769232,0.05
317,2025-03-21T14:00:00,CO,46.72838381377243,10367.496122170256,405.21784267117596,1.4839493652202012,4,23.863084160133894,32.218754055780934,374.398154718892,111.15384615384616,0.05
317,2025-03-21T14:00:00,CO,46.72838381377243,10367.496122170256,405.21784267117596,1.4839493652202012,4,23.863084160133894,32.218754055780934,374.398154718892,120.0,0.05
318,2025-03-21T20:00:00,CO,39.9221004134174,10285.641505116024,97.40344937418217,1.3173767746461575,2,25.547835428099756,33.74318570400273,798.2453925293499,5.0,262.9753621203023
318,2025-03-21T20:00:00,CO,39.9221004134174,10285.641505116024,97.40344937418217,1.3173767746461575,2,25.547835428099756,33.74318570400273,798.2453925293499,13.846153846153847,50.33925431557021
318,2025-03-21T20:00:00,CO,39.9221004134174,10285.641505116024,97.40344937418217,1.3173767746461575,2,25.547835428099756,33.74318570400273,798.2453925293499,22.692307692307693,6.564833253605844
318,2025-03-21T20:00:00,CO,39.9221004134174,10285.641505116024,97.40344937418217,1.3173767746461575,2,25.547835428099756,33.74318570400273,798.2453925293499,31.53846153846154,0.9164989662767075
318,2025-03-21T20:00:00,CO,39.9221004134174,10285.641505116024,97.40344937418217,1.3173767746461575,2,25.547835428099756,33.74318570400273,798.2453925293499,40.38461538461539,0.154531300413133
318,2025-03-21T20:00:00,CO,39.9221004134174,10285.641505116024,97.40344937418217,1.3173767746461575,2,25.547835428099756,33.74318570400273,798.2453925293499,49.23076923076923,0.05
318,2025-03-21T20:00:00,CO,39.9221004134174,10285.641505116024,97.40344937418217,1.3173767746461575,2,25.547835428099756,33.74318570400273,798.2453925293499,58.07692307692308,0.05
318,2025-03-21T20:00:00,CO,39.9221004134174,10285.641505116024,97.40344937418217,1.3173767746461575,2,25.547835428099756,33.74318570400273,798.2453925293499,66.92307692307693,0.05
318,2025-03-21T20:00:00,CO,39.9221004134174,10285.641505116024,97.40344937418217,1.3173767746461575,2,25.547835428099756,33.74318570400273,798.2453925293499,75.76923076923077,0.05
318,2025-03-21T20:00:00,CO,39.9221004134174,10285.641505116024,97.40344937418217,1.3173767746461575,2,25.547835428099756,33.74318570400273,798.2453925293499,84.61538461538461,0.05
318,2025-03-21T20:00:00,CO,39.9221004134174,10285.641505116024,97.40344937418217,1.3173767746461575,2,25.547835428099756,33.74318570400273,798.2453925293499,93.46153846153847,0.05
318,2025-03-21T20:00:00,CO,39.9221004134174,10285.641505116024,97.40344937418217,1.3173767746461575,2,25.547835428099756,33.74318570400273,798.2453925293499,102.30769230769232,0.05
318,2025-03-21T20:00:00,CO,39.9221004134174,10285.641505116024,97.40344937418217,1.3173767746461575,2,25.547835428099756,33.74318570400273,798.2453925293499,111.15384615384616,0.05
318,2025-03-21T20:00:00,CO,39.9221004134174,10285.641505116024,97.40344937418217,1.3173767746461575,2,25.547835428099756,33.74318570400273,798.2453925293499,120.0,0.05
319,2025-03-22T02:00:00,NOx,108.91075106682851,11839.119980155176,357.0152771029535,0.33799901824415146,2,24.45279468687728,78.79374039521846,623.9479044463652,5.0,113.21818552670032
319,2025-03-22T02:00:00,NOx,108.91075106682851,11839.119980155176,357.0152771029535,0.33799901824415146,2,24.45279468687728,78.79374039521846,623.9479044463652,13.846153846153847,4.834721354187257
319,2025-03-22T02:00:00,NOx,108.91075106682851,11839.119980155176,357.0152771029535,0.33799901824415146,2,24.45279468687728,78.79374039521846,623.9479044463652,22.692307692307693,0.2234014828680723
319,2025-03-22T02:00:00,NOx,108.91075106682851,11839.119980155176,357.0152771029535,0.33799901824415146,2,24.45279468687728,78.79374039521846,623.9479044463652,31.53846153846154,0.05
319,2025-03-22T02:00:00,NOx,108.91075106682851,11839.119980155176,357.0152771029535,0.33799901824415146,2,24.45279468687728,78.79374039521846,623.9479044463652,40.38461538461539,0.05
319,2025-03-22T02:00:00,NOx,108.91075106682851,11839.119980155176,357.0152771029535,0.33799901824415146,2,24.45279468687728,78.79374039521846,623.9479044463652,49.23076923076923,0.05
319,2025-03-22T02:00:00,NOx,108.91075106682851,11839.119980155176,357.0152771029535,0.33799901824415146,2,24.45279468687728,78.79374039521846,623.9479044463652,58.07692307692308,0.05
319,2025-03-22T02:00:00,NOx,108.91075106682851,11839.119980155176,357.0152771029535,0.33799901824415146,2,24.45279468687728,78.79374039521846,623.9479044463652,66.92307692307693,0.05
319,2025-03-22T02:00:00,NOx,108.91075106682851,11839.119980155176,357.0152771029535,0.33799901824415146,2,24.45279468687728,78.79374039521846,623.9479044463652,75.76923076923077,0.05
319,2025-03-22T02:00:00,NOx,108.91075106682851,11839.119980155176,357.0152771029535,0.33799901824415146,2,24.45279468687728,78.79374039521846,623.9479044463652,84.61538461538461,0.05
319,2025-03-22T02:00:00,NOx,108.91075106682851,11839.119980155176,357.0152771029535,0.33799901824415146,2,24.45279468687728,78.79374039521846,623.9479044463652,93.46153846153847,0.05
319,2025-03-22T02:00:00,NOx,108.91075106682851,11839.119980155176,357.0152771029535,0.33799901824415146,2,24.45279468687728,78.79374039521846,623.9479044463652,102.30769230769232,0.05
319,2025-03-22T02:00:00,NOx,108.91075106682851,11839.119980155176,357.0152771029535,0.33799901824415146,2,24.45279468687728,78.79374039521846,623.9479044463652,111.15384615384616,0.05
319,2025-03-22T02:00:00,NOx,108.91075106682851,11839.119980155176,357.0152771029535,0.33799901824415146,2,24.45279468687728,78.79374039521846,623.9479044463652,120.0,0.05
320,2025-03-22T08:00:00,SO2,109.40474753501094,1348.0573898894431,382.09092319475707,0.9369801350215342,2,35.73862338596375,59.618469224661915,128.4085962163184,5.0,0.05
320,2025-03-22T08:00:00,SO2,109.40474753501094,1348.0573898894431,382.09092319475707,0.9369801350215342,2,35.73862338596375,59.618469224661915,128.4085962163184,13.846153846153847,0.05
320,2025-03-22T08:00:00,SO2,109.40474753501094,1348.0573898894431,382.09092319475707,0.9369801350215342,2,35.73862338596375,59.618469224661915,128.4085962163184,22.692307692307693,0.05
320,2025-03-22T08:00:00,SO2,109.40474753501094,1348.0573898894431,382.09092319475707,0.9369801350215342,2,35.73862338596375,59.618469224661915,128.4085962163184,31.53846153846154,0.05
320,2025-03-22T08:00:00,SO2,109.40474753501094,1348.0573898894431,382.09092319475707,0.9369801350215342,2,35.73862338596375,59.618469224661915,128.4085962163184,40.38461538461539,0.05
320,2025-03-22T08:00:00,SO2,109.40474753501094,1348.0573898894431,382.09092319475707,0.9369801350215342,2,35.73862338596375,59.618469224661915,128.4085962163184,49.23076923076923,0.05
320,2025-03-22T08:00:00,SO2,109.40474753501094,1348.0573898894431,382.09092319475707,0.9369801350215342,2,35.73862338596375,59.618469224661915,128.4085962163184,58.07692307692308,0.05
320,2025-03-22T08:00:00,SO2,109.40474753501094,1348.0573898894431,382.09092319475707,0.9369801350215342,2,35.73862338596375,59.618469224661915,128.4085962163184,66.92307692307693,0.05
320,2025-03-22T08:00:00,SO2,109.40474753501094,1348.0573898894431,382.09092319475707,0.9369801350215342,2,35.73862338596375,59.618469224661915,128.4085962163184,75.76923076923077,0.05
320,2025-03-22T08:00:00,SO2,109.40474753501094,1348.0573898894431,382.09092319475707,0.9369801350215342,2,35.73862338596375,59.618469224661915,128.4085962163184,84.61538461538461,0.05
320,2025-03-22T08:00:00,SO2,109.40474753501094,1348.0573898894431,382.09092319475707,0.9369801350215342,2,35.73862338596375,59.618469224661915,128.4085962163184,93.46153846153847,0.05
320,2025-03-22T08:00:00,SO2,109.40474753501094,1348.0573898894431,382.09092319475707,0.9369801350215342,2,35.73862338596375,59.618469224661915,128.4085962163184,102.30769230769232,0.05
320,2025-03-22T08:00:00,SO2,109.40474753501094,1348.0573898894431,382.09092319475707,0.9369801350215342,2,35.73862338596375,59.618469224661915,128.4085962163184,111.15384615384616,0.05
320,2025-03-22T08:00:00,SO2,109.40474753501094,1348.0573898894431,382.09092319475707,0.9369801350215342,2,35.73862338596375,59.618469224661915,128.4085962163184,120.0,0.05
321,2025-03-22T14:00:00,SO2,36.02410507830086,6716.187981496154,47.05550590302789,0.5392453609601736,3,33.23523210644166,72.60389922934435,630.0673922233705,5.0,114.59855441601742
321,2025-03-22T14:00:00,SO2,36.02410507830086,6716.187981496154,47.05550590302789,0.5392453609601736,3,33.23523210644166,,630.0673922233705,13.846153846153847,6.123105705926306
321,2025-03-22T14:00:00,SO2,36.02410507830086,6716.187981496154,47.05550590302789,0.5392453609601736,3,33.23523210644166,72.60389922934435,630.0673922233705,22.692307692307693,0.37489644856350746
321,2025-03-22T14:00:00,SO2,36.02410507830086,6716.187981496154,47.05550590302789,0.5392453609601736,3,33.23523210644166,72.60389922934435,630.0673922233705,31.53846153846154,0.05
321,2025-03-22T14:00:00,SO2,36.02410507830086,6716.187981496154,47.05550590302789,0.5392453609601736,3,33.23523210644166,72.60389922934435,630.0673922233705,40.38461538461539,0.05
321,2025-03-22T14:00:00,SO2,36.02410507830086,6716.187981496154,47.05550590302789,0.5392453609601736,3,33.23523210644166,72.60389922934435,630.0673922233705,49.23076923076923,0.05
321,2025-03-22T14:00:00,SO2,36.02410507830086,6716.187981496154,47.05550590302789,0.5392453609601736,3,33.23523210644166,72.60389922934435,630.0673922233705,58.07692307692308,0.05
321,2025-03-22T14:00:00,SO2,36.02410507830086,6716.187981496154,47.05550590302789,0.5392453609601736,3,33.23523210644166,72.60389922934435,630.0673922233705,66.92307692307693,0.05
321,2025-03-22T14:00:00,SO2,36.02410507830086,6716.187981496154,47.05550590302789,0.5392453609601736,3,33.23523210644166,72.60389922934435,630.0673922233705,75.76923076923077,0.05
321,2025-03-22T14:00:00,SO2,36.02410507830086,6716.187981496154,47.05550590302789,0.5392453609601736,3,33.23523210644166,72.60389922934435,630.0673922233705,84.61538461538461,0.05
321,2025-03-22T14:00:00,SO2,36.02410507830086,6716.187981496154,47.05550590302789,0.5392453609601736,3,33.23523210644166,72.60389922934435,630.0673922233705,93.46153846153847,0.05
321,2025-03-22T14:00:00,SO2,36.02410507830086,6716.187981496154,47.05550590302789,0.5392453609601736,3,33.23523210644166,72.60389922934435,630.0673922233705,102.30769230769232,0.05
321,2025-03-22T14:00:00,SO2,36.02410507830086,6716.187981496154,47.05550590302789,0.5392453609601736,3,33.23523210644166,72.60389922934435,630.0673922233705,111.15384615384616,0.05
321,2025-03-22T14:00:00,SO2,36.02410507830086,6716.187981496154,47.05550590302789,0.5392453609601736,3,33.23523210644166,72.60389922934435,630.0673922233705,120.0,0.05
322,2025-03-22T20:00:00,CO,62.5432403687478,6720.341097327764,141.45395076210355,1.5509375475245706,1,37.45810200422726,84.81517433257139,549.0480723375388,5.0,27.628810006112563
322,2025-03-22T20:00:00,CO,62.5432403687478,6720.341097327764,141.45395076210355,1.5509375475245706,1,37.45810200422726,84.81517433257139,549.0480723375388,13.846153846153847,0.14785546518350723
322,2025-03-22T20:00:00,CO,62.5432403687478,6720.341097327764,141.45395076210355,1.5509375475245706,1,37.45810200422726,84.81517433257139,549.0480723375388,22.692307692307693,0.05
322,2025-03-22T20:00:00,CO,62.5432403687478,6720.341097327764,141.45395076210355,1.5509375475245706,1,37.45810200422726,84.81517433257139,549.0480723375388,31.53846153846154,0.05
322,2025-03-22T20:00:00,CO,62.5432403687478,6720.341097327764,141.45395076210355,1.5509375475245706,1,37.45810200422726,84.81517433257139,549.0480723375388,40.38461538461539,0.05
322,2025-03-22T20:00:00,CO,62.5432403687478,6720.341097327764,141.45395076210355,1.5509375475245706,1,37.45810200422726,84.81517433257139,549.0480723375388,49.23076923076923,0.05
322,2025-03-22T20:00:00,CO,62.5432403687478,6720.341097327764,141.45395076210355,1.5509375475245706,1,37.45810200422726,84.81517433257139,549.0480723375388,58.07692307692308,0.05
322,2025-03-22T20:00:00,CO,62.5432403687478,6720.341097327764,141.45395076210355,1.5509375475245706,1,37.45810200422726,84.81517433257139,549.0480723375388,66.92307692307693,0.05
322,2025-03-22T20:00:00,CO,62.5432403687478,6720.341097327764,141.45395076210355,1.5509375475245706,1,37.45810200422726,84.81517433257139,549.0480723375388,75.76923076923077,0.05
322,2025-03-22T20:00:00,CO,62.5432403687478,6720.341097327764,141.45395076210355,1.5509375475245706,1,37.45810200422726,84.81517433257139,549.0480723375388,84.61538461538461,0.05
322,2025-03-22T20:00:00,CO,62.5432403687478,6720.341097327764,141.45395076210355,1.5509375475245706,1,37.45810200422726,84.81517433257139,549.0480723375388,93.46153846153847,0.05
322,2025-03-22T20:00:00,CO,62.5432403687478,6720.341097327764,141.45395076210355,1.5509375475245706,1,37.45810200422726,84.81517433257139,549.0480723375388,102.30769230769232,0.05
322,2025-03-22T20:00:00,CO,62.5432403687478,6720.341097327764,141.45395076210355,1.5509375475245706,1,37.45810200422726,84.81517433257139,549.0480723375388,111.15384615384616,0.05
322,2025-03-22T20:00:00,CO,62.5432403687478,6720.341097327764,141.45395076210355,1.5509375475245706,1,37.45810200422726,84.81517433257139,549.0480723375388,120.0,0.05
323,2025-03-23T02:00:00,CO,74.3856542301047,2592.500943957946,251.86106330667667,0.9959369473829303,4,30.845953730514584,50.645496836373624,427.20076069823335,5.0,0.05
323,2025-03-23T02:00:00,CO,74.3856542301047,2592.500943957946,251.86106330667667,0.9959369473829303,4,30.845953730514584,50.645496836373624,427.20076069823335,13.846153846153847,0.05
323,2025-03-23T02:00:00,CO,74.3856542301047,2592.500943957946,251.86106330667667,0.9959369473829303,4,30.845953730514584,50.645496836373624,427.20076069823335,22.692307692307693,0.05
323,2025-03-23T02:00:00,CO,74.3856542301047,2592.500943957946,251.86106330667667,0.9959369473829303,4,30.845953730514584,50.645496836373624,427.20076069823335,31.53846153846154,0.05
323,2025-03-23T02:00:00,CO,74.3856542301047,2592.500943957946,251.86106330667667,0.9959369473829303,4,30.845953730514584,50.645496836373624,427.20076069823335,40.38461538461539,0.05
323,2025-03-23T02:00:00,CO,74.3856542301047,2592.500943957946,251.86106330667667,0.9959369473829303,4,30.845953730514584,50.645496836373624,427.20076069823335,49.23076923076923,0.05
323,2025-03-23T02:00:00,CO,74.3856542301047,2592.500943957946,251.86106330667667,0.9959369473829303,4,30.845953730514584,50.645496836373624,427.20076069823335,58.07692307692308,0.05
323,2025-03-23T02:00:00,CO,74.3856542301047,2592.500943957946,251.86106330667667,0.9959369473829303,4,30.845953730514584,50.645496836373624,427.20076069823335,66.92307692307693,0.05
323,2025-03-23T02:00:00,CO,74.3856542301047,2592.500943957946,251.86106330667667,0.9959369473829303,4,30.845953730514584,50.645496836373624,427.20076069823335,75.76923076923077,0.05
323,2025-03-23T02:00:00,CO,74.3856542301047,2592.500943957946,251.86106330667667,0.9959369473829303,4,30.845953730514584,50.645496836373624,427.20076069823335,84.61538461538461,0.05
323,2025-03-23T02:00:00,CO,74.3856542301047,2592.500943957946,251.86106330667667,0.9959369473829303,4,30.845953730514584,50.645496836373624,427.20076069823335,93.46153846153847,0.05
323,2025-03-23T02:00:00,CO,74.3856542301047,2592.500943957946,251.86106330667667,0.9959369473829303,4,30.845953730514584,50.645496836373624,427.20076069823335,102.30769230769232,0.05
323,2025-03-23T02:00:00,CO,74.3856542301047,2592.500943957946,251.86106330667667,0.9959369473829303,4,30.845953730514584,50.645496836373624,427.20076069823335,111.15384615384616,0.05
323,2025-03-23T02:00:00,CO,74.3856542301047,2592.500943957946,251.86106330667667,0.9959369473829303,4,30.845953730514584,50.645496836373624,427.20076069823335,120.0,0.05
324,2025-03-23T08:00:00,SO2,18.132351676867387,5271.294522267933,389.77835980125946,0.7807885279956652,4,23.31899000691592,61.0017665045769,155.54728984787386,5.0,60.175729976975624
324,2025-03-23T08:00:00,SO2,18.132351676867387,5271.294522267933,389.77835980125946,0.7807885279956652,4,23.31899000691592,61.0017665045769,155.54728984787386,13.846153846153847,11.374588989650631
324,2025-03-23T08:00:00,SO2,18.132351676867387,5271.294522267933,389.77835980125946,0.7807885279956652,4,23.31899000691592,61.0017665045769,155.54728984787386,22.692307692307693,2.8691997420763684
324,2025-03-23T08:00:00,SO2,18.132351676867387,5271.294522267933,389.77835980125946,0.7807885279956652,4,23.31899000691592,61.0017665045769,155.54728984787386,31.53846153846154,0.5287862017706013
324,2025-03-23T08:00:00,SO2,18.132351676867387,5271.294522267933,389.77835980125946,0.7807885279956652,4,23.31899000691592,61.0017665045769,155.54728984787386,40.38461538461539,0.10259807349973557
324,2025-03-23T08:00:00,SO2,18.132351676867387,5271.294522267933,389.77835980125946,0.7807885279956652,4,23.31899000691592,61.0017665045769,155.54728984787386,49.23076923076923,0.05
324,2025-03-23T08:00:00,SO2,18.132351676867387,5271.294522267933,389.77835980125946,0.7807885279956652,4,23.31899000691592,61.0017665045769,155.54728984787386,58.07692307692308,0.05
324,2025-03-23T08:00:00,SO2,18.132351676867387,5271.294522267933,389.77835980125946,0.7807885279956652,4,23.31899000691592,61.0017665045769,155.54728984787386,66.92307692307693,0.05
324,2025-03-23T08:00:00,SO2,18.132351676867387,5271.294522267933,389.77835980125946,0.7807885279956652,4,23.31899000691592,61.0017665045769,155.54728984787386,75.76923076923077,0.05
324,2025-03-23T08:00:00,SO2,18.132351676867387,5271.294522267933,389.77835980125946,0.7807885279956652,4,23.31899000691592,61.0017665045769,155.54728984787386,84.61538461538461,0.05
324,2025-03-23T08:00:00,SO2,18.132351676867387,5271.294522267933,389.77835980125946,0.7807885279956652,4,23.31899000691592,61.0017665045769,155.54728984787386,93.46153846153847,0.05
324,2025-03-23T08:00:00,SO2,18.132351676867387,5271.294522267933,389.77835980125946,0.7807885279956652,4,23.31899000691592,61.0017665045769,155.54728984787386,102.30769230769232,0.05
324,2025-03-23T08:00:00,SO2,18.132351676867387,5271.294522267933,389.77835980125946,0.7807885279956652,4,23.31899000691592,61.0017665045769,155.54728984787386,111.15384615384616,0.05
324,2025-03-23T08:00:00,SO2,18.132351676867387,5271.294522267933,389.77835980125946,0.7807885279956652,4,23.31899000691592,61.0017665045769,155.54728984787386,120.0,0.05
325,2025-03-23T14:00:00,NOx,70.4765957399282,8019.69953738498,150.8887245045373,1.3459932423007248,0,35.13696355207322,41.033029790909836,726.141838186459,5.0,95.57771283463896
325,2025-03-23T14:00:00,NOx,70.4765957399282,8019.69953738498,150.8887245045373,1.3459932423007248,0,35.13696355207322,41.033029790909836,726.141838186459,13.846153846153847,3.131731711733962
325,2025-03-23T14:00:00,NOx,70.4765957399282,8019.69953738498,150.8887245045373,1.3459932423007248,0,35.13696355207322,41.033029790909836,726.141838186459,22.692307692307693,0.10269685714887354
325,2025-03-23T14:00:00,NOx,70.4765957399282,8019.69953738498,150.8887245045373,1.3459932423007248,0,35.13696355207322,41.033029790909836,726.141838186459,31.53846153846154,0.05
325,2025-03-23T14:00:00,NOx,70.4765957399282,8019.69953738498,150.8887245045373,1.3459932423007248,0,35.13696355207322,41.033029790909836,726.141838186459,40.38461538461539,0.05
325,2025-03-23T14:00:00,NOx,70.4765957399282,8019.69953738498,150.8887245045373,1.3459932423007248,0,35.13696355207322,41.033029790909836,726.141838186459,49.23076923076923,0.05
325,2025-03-23T14:00:00,NOx,70.4765957399282,8019.69953738498,150.8887245045373,1.3459932423007248,0,35.13696355207322,41.033029790909836,726.141838186459,58.07692307692308,0.05
325,2025-03-23T14:00:00,NOx,70.4765957399282,8019.69953738498,150.8887245045373,1.3459932423007248,0,35.13696355207322,41.033029790909836,726.141838186459,66.92307692307693,0.05
325,2025-03-23T14:00:00,NOx,70.4765957399282,8019.69953738498,150.8887245045373,1.3459932423007248,0,35.13696355207322,41.033029790909836,726.141838186459,75.76923076923077,0.05
325,2025-03-23T14:00:00,NOx,70.4765957399282,8019.69953738498,150.8887245045373,1.3459932423007248,0,35.13696355207322,41.033029790909836,726.141838186459,84.61538461538461,0.05
325,2025-03-23T14:00:00,NOx,70.4765957399282,8019.69953738498,150.8887245045373,1.3459932423007248,0,35.13696355207322,41.033029790909836,726.141838186459,93.46153846153847,0.05
325,2025-03-23T14:00:00,NOx,70.4765957399282,8019.69953738498,150.8887245045373,1.3459932423007248,0,35.13696355207322,41.033029790909836,726.141838186459,102.30769230769232,0.05
325,2025-03-23T14:00:00,NOx,70.4765957399282,8019.69953738498,150.8887245045373,1.3459932423007248,0,35.13696355207322,41.033029790909836,726.141838186459,111.15384615384616,0.05
325,2025-03-23T14:00:00,NOx,70.4765957399282,8019.69953738498,150.8887245045373,1.3459932423007248,0,35.13696355207322,41.033029790909836,726.141838186459,120.0,0.05
326,2025-03-23T20:00:00,SO2,86.67310004721284,1384.8074969222425,68.90367967162892,0.36902694434761407,3,31.681030824351755,50.65636043733615,192.3668443088236,5.0,0.05
326,2025-03-23T20:00:00,SO2,86.67310004721284,1384.8074969222425,68.90367967162892,0.36902694434761407,3,31.681030824351755,50.65636043733615,192.3668443088236,13.846153846153847,0.05
326,2025-03-23T20:00:00,SO2,86.67310004721284,1384.8074969222425,68.90367967162892,0.36902694434761407,3,31.681030824351755,50.65636043733615,192.3668443088236,22.692307692307693,0.05
326,2025-03-23T20:00:00,SO2,86.67310004721284,1384.8074969222425,68.90367967162892,0.36902694434761407,3,31.681030824351755,50.65636043733615,192.3668443088236,31.53846153846154,0.05
326,2025-03-23T20:00:00,SO2,86.67310004721284,1384.8074969222425,68.90367967162892,0.36902694434761407,3,31.681030824351755,50.65636043733615,192.3668443088236,40.38461538461539,0.05
326,2025-03-23T20:00:00,SO2,86.67310004721284,1384.8074969222425,68.90367967162892,0.36902694434761407,3,31.681030824351755,50.65636043733615,192.3668443088236,49.23076923076923,0.05
326,2025-03-23T20:00:00,SO2,86.67310004721284,1384.8074969222425,68.90367967162892,0.36902694434761407,3,31.681030824351755,50.65636043733615,192.3668443088236,58.07692307692308,0.05
326,2025-03-23T20:00:00,SO2,86.67310004721284,1384.8074969222425,68.90367967162892,0.36902694434761407,3,31.681030824351755,50.65636043733615,192.3668443088236,66.92307692307693,0.05
326,2025-03-23T20:00:00,SO2,86.67310004721284,1384.8074969222425,68.90367967162892,0.36902694434761407,3,31.681030824351755,50.65636043733615,192.3668443088236,75.76923076923077,0.05
326,2025-03-23T20:00:00,SO2,86.67310004721284,1384.8074969222425,68.90367967162892,0.36902694434761407,3,31.681030824351755,50.65636043733615,192.3668443088236,84.61538461538461,0.05
326,2025-03-23T20:00:00,SO2,86.67310004721284,1384.8074969222425,68.90367967162892,0.36902694434761407,3,31.681030824351755,50.65636043733615,192.3668443088236,93.46153846153847,0.05
326,2025-03-23T20:00:00,SO2,86.67310004721284,1384.8074969222425,68.90367967162892,0.36902694434761407,3,31.681030824351755,50.65636043733615,192.3668443088236,102.30769230769232,0.05
326,2025-03-23T20:00:00,SO2,86.67310004721284,1384.8074969222425,68.90367967162892,0.36902694434761407,3,31.681030824351755,50.65636043733615,192.3668443088236,111.15384615384616,0.05
326,2025-03-23T20:00:00,SO2,86.67310004721284,1384.8074969222425,68.90367967162892,0.36902694434761407,3,31.681030824351755,50.65636043733615,192.3668443088236,120.0,0.05
327,2025-03-24T02:00:00,CO,56.542428078766704,7910.2104529826265,338.83937980654,0.5783480744519749,4,35.51994678698662,47.773066424480675,246.0639055984888,5.0,28.058828563680958
327,2025-03-24T02:00:00,CO,56.542428078766704,7910.2104529826265,338.83937980654,0.5783480744519749,4,35.51994678698662,47.773066424480675,246.0639055984888,13.846153846153847,0.5969788691714585
327,2025-03-24T02:00:00,CO,56.542428078766704,7910.2104529826265,338.83937980654,0.5783480744519749,4,35.51994678698662,47.773066424480675,246.0639055984888,22.692307692307693,0.05
327,2025-03-24T02:00:00,CO,56.542428078766704,7910.2104529826265,338.83937980654,0.5783480744519749,4,35.51994678698662,47.773066424480675,246.0639055984888,31.53846153846154,0.05
327,2025-03-24T02:00:00,CO,56.542428078766704,7910.2104529826265,338.83937980654,0.5783480744519749,4,35.51994678698662,47.773066424480675,246.0639055984888,40.38461538461539,0.05
327,2025-03-24T02:00:00,CO,56.542428078766704,7910.2104529826265,338.83937980654,0.5783480744519749,4,35.51994678698662,47.773066424480675,246.0639055984888,49.23076923076923,0.05
327,2025-03-24T02:00:00,CO,56.542428078766704,7910.2104529826265,338.83937980654,0.5783480744519749,4,35.51994678698662,47.773066424480675,246.0639055984888,58.07692307692308,0.05
327,2025-03-24T02:00:00,CO,56.542428078766704,7910.2104529826265,338.83937980654,0.5783480744519749,4,35.51994678698662,47.773066424480675,246.0639055984888,66.92307692307693,0.05
327,2025-03-24T02:00:00,CO,56.542428078766704,7910.2104529826265,338.83937980654,0.5783480744519749,4,35.51994678698662,47.773066424480675,246.0639055984888,75.76923076923077,0.05
327,2025-03-24T02:00:00,CO,56.542428078766704,7910.2104529826265,338.83937980654,0.5783480744519749,4,35.51994678698662,47.773066424480675,246.0639055984888,84.61538461538461,0.05
327,2025-03-24T02:00:00,CO,56.542428078766704,7910.2104529826265,338.83937980654,0.5783480744519749,4,35.51994678698662,47.773066424480675,246.0639055984888,93.46153846153847,0.05
327,2025-03-24T02:00:00,CO,56.542428078766704,7910.2104529826265,338.83937980654,0.5783480744519749,4,35.51994678698662,47.773066424480675,246.0639055984888,102.30769230769232,0.05
327,2025-03-24T02:00:00,CO,56.542428078766704,7910.2104529826265,338.83937980654,,4,35.51994678698662,47.773066424480675,246.0639055984888,111.15384615384616,0.05
327,2025-03-24T02:00:00,CO,56.542428078766704,7910.2104529826265,338.83937980654,0.5783480744519749,4,35.51994678698662,47.773066424480675,246.0639055984888,120.0,0.05
328,2025-03-24T08:00:00,CO,71.84163852713175,8184.469990959628,438.5793824990041,0.865190761028598,3,29.56078495839864,44.05329363325438,232.32874009026747,5.0,18.43528834638439
328,2025-03-24T08:00:00,CO,71.84163852713175,8184.469990959628,438.5793824990041,0.865190761028598,3,29.56078495839864,44.05329363325438,232.32874009026747,13.846153846153847,0.18239427277772485
328,2025-03-24T08:00:00,CO,71.84163852713175,8184.469990959628,438.5793824990041,0.865190761028598,3,29.56078495839864,44.05329363325438,232.32874009026747,22.692307692307693,0.05
328,2025-03-24T08:00:00,CO,71.84163852713175,8184.469990959628,438.5793824990041,0.865190761028598,3,29.56078495839864,44.05329363325438,232.32874009026747,31.53846153846154,0.05
328,2025-03-24T08:00:00,CO,71.84163852713175,8184.469990959628,438.5793824990041,0.865190761028598,3,29.56078495839864,44.05329363325438,232.32874009026747,40.38461538461539,0.05
328,2025-03-24T08:00:00,CO,71.84163852713175,8184.469990959628,438.5793824990041,0.865190761028598,3,29.56078495839864,44.05329363325438,232.32874009026747,49.23076923076923,0.05
328,2025-03-24T08:00:00,CO,71.84163852713175,8184.469990959628,438.5793824990041,0.865190761028598,3,29.56078495839864,44.05329363325438,232.32874009026747,58.07692307692308,0.05
328,2025-03-24T08:00:00,CO,71.84163852713175,8184.469990959628,438.5793824990041,0.865190761028598,3,29.56078495839864,44.05329363325438,232.32874009026747,66.92307692307693,0.05
328,2025-03-24T08:00:00,CO,71.84163852713175,8184.469990959628,438.5793824990041,0.865190761028598,3,29.56078495839864,44.05329363325438,232.32874009026747,75.76923076923077,0.05
328,2025-03-24T08:00:00,CO,71.84163852713175,8184.469990959628,438.5793824990041,0.865190761028598,3,29.56078495839864,44.05329363325438,232.32874009026747,84.61538461538461,0.05
328,2025-03-24T08:00:00,CO,71.84163852713175,8184.469990959628,438.5793824990041,0.865190761028598,3,29.56078495839864,44.05329363325438,232.32874009026747,93.46153846153847,0.05
328,2025-03-24T08:00:00,CO,71.84163852713175,8184.469990959628,438.5793824990041,0.865190761028598,3,29.56078495839864,44.05329363325438,232.32874009026747,102.30769230769232,0.05
328,2025-03-24T08:00:00,CO,71.84163852713175,8184.469990959628,438.5793824990041,0.865190761028598,3,29.56078495839864,44.05329363325438,232.32874009026747,111.15384615384616,0.05
328,2025-03-24T08:00:00,CO,71.84163852713175,8184.469990959628,438.5793824990041,0.865190761028598,3,29.56078495839864,44.05329363325438,232.32874009026747,120.0,0.05
329,2025-03-24T14:00:00,CO,106.6325279706664,3810.864851551102,59.34305890942063,1.059821590517231,3,20.141411456632323,41.599843855989114,425.46165871681285,5.0,0.05
329,2025-03-24T14:00:00,CO,106.6325279706664,3810.864851551102,59.34305890942063,1.059821590517231,3,20.141411456632323,41.599843855989114,425.46165871681285,13.846153846153847,0.05
329,2025-03-24T14:00:00,CO,106.6325279706664,3810.864851551102,59.34305890942063,1.059821590517231,3,20.141411456632323,41.599843855989114,425.46165871681285,22.692307692307693,0.05
329,2025-03-24T14:00:00,CO,106.6325279706664,3810.864851551102,59.34305890942063,1.059821590517231,3,20.141411456632323,41.599843855989114,425.46165871681285,31.53846153846154,0.05
329,2025-03-24T14:00:00,CO,106.6325279706664,3810.864851551102,59.34305890942063,1.059821590517231,3,20.141411456632323,41.599843855989114,425.46165871681285,40.38461538461539,0.05
329,2025-03-24T14:00:00,CO,106.6325279706664,3810.864851551102,59.34305890942063,1.059821590517231,3,20.141411456632323,41.599843855989114,425.46165871681285,49.23076923076923,0.05
329,2025-03-24T14:00:00,CO,106.6325279706664,3810.864851551102,59.34305890942063,1.059821590517231,3,20.141411456632323,41.599843855989114,425.46165871681285,58.07692307692308,0.05
329,2025-03-24T14:00:00,CO,106.6325279706664,3810.864851551102,59.34305890942063,1.059821590517231,3,20.141411456632323,41.599843855989114,425.46165871681285,66.92307692307693,0.05
329,2025-03-24T14:00:00,CO,106.6325279706664,3810.864851551102,59.34305890942063,1.059821590517231,3,20.141411456632323,41.599843855989114,425.46165871681285,75.76923076923077,0.05
329,2025-03-24T14:00:00,CO,106.6325279706664,3810.864851551102,59.34305890942063,1.059821590517231,3,,41.599843855989114,425.46165871681285,84.61538461538461,0.05
329,2025-03-24T14:00:00,CO,106.6325279706664,3810.864851551102,59.34305890942063,1.059821590517231,3,20.141411456632323,41.599843855989114,425.46165871681285,93.46153846153847,0.05
329,2025-03-24T14:00:00,CO,106.6325279706664,3810.864851551102,59.34305890942063,1.059821590517231,3,20.141411456632323,41.599843855989114,425.46165871681285,102.30769230769232,0.05
329,2025-03-24T14:00:00,CO,106.6325279706664,3810.864851551102,59.34305890942063,1.059821590517231,3,20.141411456632323,41.599843855989114,425.46165871681285,111.15384615384616,0.05
329,2025-03-24T14:00:00,CO,106.6325279706664,3810.864851551102,59.34305890942063,1.059821590517231,3,20.141411456632323,41.599843855989114,425.46165871681285,120.0,0.05
330,2025-03-24T20:00:00,CO,65.99540570026184,9158.99594300838,224.92236296056578,0.27334558295995715,4,29.775333992404363,66.65302358127948,65.40551766104733,5.0,7.877990070248299
330,2025-03-24T20:00:00,CO,65.99540570026184,9158.99594300838,224.92236296056578,0.27334558295995715,4,29.775333992404363,66.65302358127948,65.40551766104733,13.846153846153847,0.16876180746733058
330,2025-03-24T20:00:00,CO,65.99540570026184,9158.99594300838,224.92236296056578,0.27334558295995715,4,29.775333992404363,66.65302358127948,65.40551766104733,22.692307692307693,0.05
330,2025-03-24T20:00:00,CO,65.99540570026184,9158.99594300838,224.92236296056578,0.27334558295995715,4,29.775333992404363,66.65302358127948,65.40551766104733,31.53846153846154,0.05
330,2025-03-24T20:00:00,CO,65.99540570026184,9158.99594300838,224.92236296056578,0.27334558295995715,4,29.775333992404363,66.65302358127948,65.40551766104733,40.38461538461539,0.05
330,2025-03-24T20:00:00,CO,65.99540570026184,9158.99594300838,224.92236296056578,0.27334558295995715,4,29.775333992404363,66.65302358127948,65.40551766104733,49.23076923076923,0.05
330,2025-03-24T20:00:00,CO,65.99540570026184,9158.99594300838,224.92236296056578,0.27334558295995715,4,29.775333992404363,66.65302358127948,65.40551766104733,58.07692307692308,0.05
330,2025-03-24T20:00:00,CO,65.99540570026184,9158.99594300838,224.92236296056578,0.27334558295995715,4,29.775333992404363,66.65302358127948,65.40551766104733,66.92307692307693,0.05
330,2025-03-24T20:00:00,CO,65.99540570026184,9158.99594300838,224.92236296056578,0.27334558295995715,4,29.775333992404363,66.65302358127948,65.40551766104733,75.76923076923077,0.05
330,2025-03-24T20:00:00,CO,65.99540570026184,9158.99594300838,224.92236296056578,0.27334558295995715,4,29.775333992404363,66.65302358127948,65.40551766104733,84.61538461538461,0.05
330,2025-03-24T20:00:00,CO,65.99540570026184,9158.99594300838,224.92236296056578,0.27334558295995715,4,29.775333992404363,66.65302358127948,65.40551766104733,93.46153846153847,0.05
330,2025-03-24T20:00:00,CO,65.99540570026184,9158.99594300838,224.92236296056578,0.27334558295995715,4,29.775333992404363,66.65302358127948,65.40551766104733,102.30769230769232,0.05
330,2025-03-24T20:00:00,CO,65.99540570026184,9158.99594300838,224.92236296056578,0.27334558295995715,4,29.775333992404363,66.65302358127948,65.40551766104733,111.15384615384616,0.05
330,2025-03-24T20:00:00,CO,65.99540570026184,9158.99594300838,224.92236296056578,,4,29.775333992404363,66.65302358127948,65.40551766104733,120.0,0.05
331,2025-03-25T02:00:00,CO,35.689328668449484,8708.66445297953,306.8207421102371,0.9729170269463635,0,36.21549279363195,31.188331163816347,153.76381060337943,5.0,60.39228347609249
331,2025-03-25T02:00:00,CO,35.689328668449484,8708.66445297953,306.8207421102371,0.9729170269463635,0,36.21549279363195,,153.76381060337943,13.846153846153847,13.688829675164268
331,2025-03-25T02:00:00,CO,35.689328668449484,8708.66445297953,306.8207421102371,0.9729170269463635,0,36.21549279363195,31.188331163816347,153.76381060337943,22.692307692307693,2.30418256918898
331,2025-03-25T02:00:00,CO,35.689328668449484,8708.66445297953,306.8207421102371,0.9729170269463635,0,36.21549279363195,31.188331163816347,153.76381060337943,31.53846153846154,0.4786683605970056
331,2025-03-25T02:00:00,CO,35.689328668449484,8708.66445297953,306.8207421102371,0.9729170269463635,0,36.21549279363195,31.188331163816347,153.76381060337943,40.38461538461539,0.09371074497097119
331,2025-03-25T02:00:00,CO,35.689328668449484,8708.66445297953,306.8207421102371,0.9729170269463635,0,36.21549279363195,31.188331163816347,153.76381060337943,49.23076923076923,0.05
331,2025-03-25T02:00:00,CO,35.689328668449484,8708.66445297953,306.8207421102371,0.9729170269463635,0,36.21549279363195,31.188331163816347,153.76381060337943,58.07692307692308,0.05
331,2025-03-25T02:00:00,CO,35.689328668449484,8708.66445297953,306.8207421102371,0.9729170269463635,0,36.21549279363195,31.188331163816347,153.76381060337943,66.92307692307693,0.05
331,2025-03-25T02:00:00,CO,35.689328668449484,8708.66445297953,306.8207421102371,0.9729170269463635,0,36.21549279363195,31.188331163816347,153.76381060337943,75.76923076923077,0.05
331,2025-03-25T02:00:00,CO,35.689328668449484,8708.66445297953,306.8207421102371,0.9729170269463635,0,36.21549279363195,31.188331163816347,153.76381060337943,84.61538461538461,0.05
331,2025-03-25T02:00:00,CO,35.689328668449484,8708.66445297953,306.8207421102371,0.9729170269463635,0,36.21549279363195,31.188331163816347,153.76381060337943,93.46153846153847,0.05
331,2025-03-25T02:00:00,CO,35.689328668449484,8708.66445297953,306.8207421102371,0.9729170269463635,0,36.21549279363195,31.188331163816347,153.76381060337943,102.30769230769232,0.05
331,2025-03-25T02:00:00,CO,35.689328668449484,8708.66445297953,306.8207421102371,0.9729170269463635,0,36.21549279363195,31.188331163816347,153.76381060337943,111.15384615384616,0.05
331,2025-03-25T02:00:00,CO,35.689328668449484,8708.66445297953,306.8207421102371,0.9729170269463635,0,36.21549279363195,31.188331163816347,153.76381060337943,120.0,0.05
332,2025-03-25T08:00:00,CO,118.35392124344274,2379.0582124425973,202.5904015620358,1.4290545659568914,4,37.60764203119548,78.09085553586289,78.72733929443353,5.0,0.05
332,2025-03-25T08:00:00,CO,118.35392124344274,2379.0582124425973,202.5904015620358,1.4290545659568914,4,37.60764203119548,78.09085553586289,78.72733929443353,13.846153846153847,0.05
332,2025-03-25T08:00:00,CO,118.35392124344274,2379.0582124425973,202.5904015620358,1.4290545659568914,4,37.60764203119548,78.09085553586289,78.72733929443353,22.692307692307693,0.05
332,2025-03-25T08:00:00,CO,118.35392124344274,2379.0582124425973,202.5904015620358,1.4290545659568914,4,,78.09085553586289,78.72733929443353,31.53846153846154,0.05
332,2025-03-25T08:00:00,CO,118.35392124344274,2379.0582124425973,202.5904015620358,1.4290545659568914,4,37.60764203119548,78.09085553586289,78.72733929443353,40.38461538461539,0.05
332,2025-03-25T08:00:00,CO,118.35392124344274,2379.0582124425973,202.5904015620358,1.4290545659568914,4,37.60764203119548,78.09085553586289,78.72733929443353,49.23076923076923,0.05
332,2025-03-25T08:00:00,CO,118.35392124344274,2379.0582124425973,202.5904015620358,1.4290545659568914,4,37.60764203119548,78.09085553586289,78.72733929443353,58.07692307692308,0.05
332,2025-03-25T08:00:00,CO,118.35392124344274,2379.0582124425973,202.5904015620358,1.4290545659568914,4,37.60764203119548,78.09085553586289,78.72733929443353,66.92307692307693,0.05
332,2025-03-25T08:00:00,CO,118.35392124344274,2379.0582124425973,202.5904015620358,1.4290545659568914,4,37.60764203119548,78.09085553586289,78.72733929443353,75.76923076923077,0.05
332,2025-03-25T08:00:00,CO,118.35392124344274,2379.0582124425973,202.5904015620358,1.4290545659568914,4,37.60764203119548,78.09085553586289,78.72733929443353,84.61538461538461,0.05
332,2025-03-25T08:00:00,CO,118.35392124344274,2379.0582124425973,202.5904015620358,1.4290545659568914,4,37.60764203119548,78.09085553586289,78.72733929443353,93.46153846153847,0.05
332,2025-03-25T08:00:00,CO,118.35392124344274,2379.0582124425973,202.5904015620358,1.4290545659568914,4,37.60764203119548,78.09085553586289,78.72733929443353,102.30769230769232,0.05
332,2025-03-25T08:00:00,CO,118.35392124344274,2379.0582124425973,202.5904015620358,1.4290545659568914,4,37.60764203119548,78.09085553586289,78.72733929443353,111.15384615384616,0.05
332,2025-03-25T08:00:00,CO,118.35392124344274,2379.0582124425973,202.5904015620358,1.4290545659568914,4,37.60764203119548,78.09085553586289,78.72733929443353,120.0,0.05
333,2025-03-25T14:00:00,CO,79.26879036236875,4223.421423643682,120.18321588596616,0.5589427760904867,4,22.29638729450991,62.37105696583289,167.4453229967874,5.0,0.4080627258884045
333,2025-03-25T14:00:00,CO,79.26879036236875,4223.421423643682,120.18321588596616,0.5589427760904867,4,22.29638729450991,62.37105696583289,167.4453229967874,13.846153846153847,0.05
333,2025-03-25T14:00:00,CO,79.26879036236875,4223.421423643682,120.18321588596616,0.5589427760904867,4,22.29638729450991,62.37105696583289,167.4453229967874,22.692307692307693,0.05
333,2025-03-25T14:00:00,CO,79.26879036236875,4223.421423643682,120.18321588596616,0.5589427760904867,4,22.29638729450991,62.37105696583289,167.4453229967874,31.53846153846154,0.05
333,2025-03-25T14:00:00,CO,79.26879036236875,4223.421423643682,120.18321588596616,0.5589427760904867,4,22.29638729450991,62.37105696583289,167.4453229967874,40.38461538461539,
333,2025-03-25T14:00:00,CO,79.26879036236875,4223.421423643682,120.18321588596616,0.5589427760904867,4,22.29638729450991,62.37105696583289,167.4453229967874,49.23076923076923,0.05
333,2025-03-25T14:00:00,CO,79.26879036236875,4223.421423643682,120.18321588596616,0.5589427760904867,4,22.29638729450991,62.37105696583289,167.4453229967874,58.07692307692308,0.05
333,2025-03-25T14:00:00,CO,79.26879036236875,4223.421423643682,120.18321588596616,0.5589427760904867,4,22.29638729450991,62.37105696583289,167.4453229967874,66.92307692307693,0.05
333,2025-03-25T14:00:00,CO,79.26879036236875,4223.421423643682,120.18321588596616,0.5589427760904867,4,22.29638729450991,62.37105696583289,167.4453229967874,75.76923076923077,0.05
333,2025-03-25T14:00:00,CO,79.26879036236875,4223.421423643682,120.18321588596616,0.5589427760904867,4,22.29638729450991,62.37105696583289,167.4453229967874,84.61538461538461,0.05
333,2025-03-25T14:00:00,CO,79.26879036236875,4223.421423643682,120.18321588596616,0.5589427760904867,4,22.29638729450991,62.37105696583289,167.4453229967874,93.46153846153847,0.05
333,2025-03-25T14:00:00,CO,79.26879036236875,4223.421423643682,120.18321588596616,0.5589427760904867,4,22.29638729450991,62.37105696583289,167.4453229967874,102.30769230769232,0.05
333,2025-03-25T14:00:00,CO,79.26879036236875,4223.421423643682,120.18321588596616,0.5589427760904867,4,22.29638729450991,62.37105696583289,167.4453229967874,111.15384615384616,0.05
333,2025-03-25T14:00:00,CO,79.26879036236875,4223.421423643682,120.18321588596616,0.5589427760904867,4,22.29638729450991,62.37105696583289,167.4453229967874,120.0,0.05
334,2025-03-25T20:00:00,CO,113.63601038664252,2389.4155572908053,138.96418500697138,1.1829946924187844,4,21.215374092051878,73.84786964593766,427.8183245740355,5.0,0.05
334,2025-03-25T20:00:00,CO,113.63601038664252,2389.4155572908053,138.96418500697138,1.1829946924187844,4,21.215374092051878,73.84786964593766,427.8183245740355,13.846153846153847,0.05
334,2025-03-25T20:00:00,CO,113.63601038664252,2389.4155572908053,138.96418500697138,1.1829946924187844,4,21.215374092051878,73.84786964593766,427.8183245740355,22.692307692307693,0.05
334,2025-03-25T20:00:00,CO,113.63601038664252,2389.4155572908053,138.96418500697138,1.1829946924187844,4,21.215374092051878,73.84786964593766,427.8183245740355,31.53846153846154,0.05
334,2025-03-25T20:00:00,CO,113.63601038664252,2389.4155572908053,138.96418500697138,1.1829946924187844,4,21.215374092051878,73.84786964593766,427.8183245740355,40.38461538461539,0.05
334,2025-03-25T20:00:00,CO,113.63601038664252,2389.4155572908053,138.96418500697138,1.1829946924187844,4,21.215374092051878,73.84786964593766,427.8183245740355,49.23076923076923,0.05
334,2025-03-25T20:00:00,CO,113.63601038664252,2389.4155572908053,138.96418500697138,1.1829946924187844,4,21.215374092051878,73.84786964593766,427.8183245740355,58.07692307692308,0.05
334,2025-03-25T20:00:00,CO,113.63601038664252,2389.4155572908053,138.96418500697138,1.1829946924187844,4,21.215374092051878,73.84786964593766,427.8183245740355,66.92307692307693,0.05
334,2025-03-25T20:00:00,CO,113.63601038664252,2389.4155572908053,138.96418500697138,1.1829946924187844,4,21.215374092051878,73.84786964593766,427.8183245740355,75.76923076923077,0.05
334,2025-03-25T20:00:00,CO,113.63601038664252,2389.4155572908053,138.96418500697138,1.1829946924187844,4,21.215374092051878,73.84786964593766,427.8183245740355,84.61538461538461,0.05
334,2025-03-25T20:00:00,CO,113.63601038664252,2389.4155572908053,138.96418500697138,1.1829946924187844,4,21.215374092051878,73.84786964593766,427.8183245740355,93.46153846153847,0.05
334,2025-03-25T20:00:00,CO,113.63601038664252,2389.4155572908053,138.96418500697138,1.1829946924187844,4,21.215374092051878,73.84786964593766,427.8183245740355,102.30769230769232,0.05
334,2025-03-25T20:00:00,CO,113.63601038664252,2389.4155572908053,138.96418500697138,1.1829946924187844,4,21.215374092051878,73.84786964593766,427.8183245740355,111.15384615384616,0.05
334,2025-03-25T20:00:00,CO,113.63601038664252,2389.4155572908053,138.96418500697138,1.1829946924187844,4,21.215374092051878,73.84786964593766,427.8183245740355,120.0,0.05
335,2025-03-26T02:00:00,SO2,117.066282418348,9405.153030239166,114.83530857537974,1.5256880837494753,3,36.942829336324394,64.9678818347783,691.5330024256084,5.0,9.471434044931765
335,2025-03-26T02:00:00,SO2,117.066282418348,9405.153030239166,114.83530857537974,1.5256880837494753,3,36.942829336324394,64.9678818347783,691.5330024256084,13.846153846153847,0.05
335,2025-03-26T02:00:00,SO2,117.066282418348,9405.153030239166,114.83530857537974,1.5256880837494753,3,36.942829336324394,64.9678818347783,691.5330024256084,22.692307692307693,0.05
335,2025-03-26T02:00:00,SO2,117.066282418348,9405.153030239166,114.83530857537974,1.5256880837494753,3,36.942829336324394,64.9678818347783,691.5330024256084,31.53846153846154,0.05
335,2025-03-26T02:00:00,SO2,117.066282418348,9405.153030239166,114.83530857537974,1.5256880837494753,3,36.942829336324394,,691.5330024256084,40.38461538461539,0.05
335,2025-03-26T02:00:00,SO2,117.066282418348,9405.153030239166,114.83530857537974,1.5256880837494753,3,36.942829336324394,64.9678818347783,691.5330024256084,49.23076923076923,0.05
335,2025-03-26T02:00:00,SO2,117.066282418348,9405.153030239166,114.83530857537974,1.5256880837494753,3,36.942829336324394,64.9678818347783,691.5330024256084,58.07692307692308,0.05
335,2025-03-26T02:00:00,SO2,117.066282418348,9405.153030239166,114.83530857537974,1.5256880837494753,3,36.942829336324394,64.9678818347783,691.5330024256084,66.92307692307693,0.05
335,2025-03-26T02:00:00,SO2,117.066282418348,9405.153030239166,114.83530857537974,1.5256880837494753,3,36.942829336324394,64.9678818347783,691.5330024256084,75.76923076923077,0.05
335,2025-03-26T02:00:00,SO2,117.066282418348,9405.153030239166,114.83530857537974,1.5256880837494753,3,36.942829336324394,64.9678818347783,691.5330024256084,84.61538461538461,0.05
335,2025-03-26T02:00:00,SO2,117.066282418348,9405.153030239166,114.83530857537974,1.5256880837494753,3,36.942829336324394,64.9678818347783,691.5330024256084,93.46153846153847,0.05
335,2025-03-26T02:00:00,SO2,117.066282418348,9405.153030239166,114.83530857537974,1.5256880837494753,3,36.942829336324394,64.9678818347783,691.5330024256084,102.30769230769232,0.05
335,2025-03-26T02:00:00,SO2,117.066282418348,9405.153030239166,114.83530857537974,1.5256880837494753,3,36.942829336324394,64.9678818347783,691.5330024256084,111.15384615384616,0.05
335,2025-03-26T02:00:00,SO2,117.066282418348,9405.153030239166,114.83530857537974,1.5256880837494753,3,36.942829336324394,64.9678818347783,691.5330024256084,120.0,0.05
336,2025-03-26T08:00:00,NOx,70.9130977328129,9931.83857296718,382.83543651221567,1.0436694658245347,1,32.39423895234654,65.61252256975772,314.6805623445705,5.0,66.79157865076893
336,2025-03-26T08:00:00,NOx,70.9130977328129,9931.83857296718,382.83543651221567,1.0436694658245347,1,32.39423895234654,65.61252256975772,314.6805623445705,13.846153846153847,3.522874970038161
336,2025-03-26T08:00:00,NOx,70.9130977328129,9931.83857296718,382.83543651221567,1.0436694658245347,1,32.39423895234654,65.61252256975772,314.6805623445705,22.692307692307693,0.22062781471452353
336,2025-03-26T08:00:00,NOx,70.9130977328129,9931.83857296718,382.83543651221567,1.0436694658245347,1,32.39423895234654,65.61252256975772,314.6805623445705,31.53846153846154,0.05
336,2025-03-26T08:00:00,NOx,70.9130977328129,9931.83857296718,382.83543651221567,1.0436694658245347,1,32.39423895234654,65.61252256975772,314.6805623445705,40.38461538461539,0.05
336,2025-03-26T08:00:00,NOx,70.9130977328129,9931.83857296718,382.83543651221567,1.0436694658245347,1,32.39423895234654,65.61252256975772,314.6805623445705,49.23076923076923,0.05
336,2025-03-26T08:00:00,NOx,70.9130977328129,9931.83857296718,382.83543651221567,1.0436694658245347,1,32.39423895234654,65.61252256975772,314.6805623445705,58.07692307692308,0.05
336,2025-03-26T08:00:00,NOx,70.9130977328129,9931.83857296718,382.83543651221567,1.0436694658245347,1,32.39423895234654,65.61252256975772,314.6805623445705,66.92307692307693,0.05
336,2025-03-26T08:00:00,NOx,70.9130977328129,9931.83857296718,382.83543651221567,1.0436694658245347,1,32.39423895234654,65.61252256975772,314.6805623445705,75.76923076923077,0.05
336,2025-03-26T08:00:00,NOx,70.9130977328129,9931.83857296718,382.83543651221567,1.0436694658245347,1,32.39423895234654,65.61252256975772,314.6805623445705,84.61538461538461,0.05
336,2025-03-26T08:00:00,NOx,70.9130977328129,9931.83857296718,382.83543651221567,1.0436694658245347,1,32.39423895234654,65.61252256975772,314.6805623445705,93.46153846153847,0.05
336,2025-03-26T08:00:00,NOx,70.9130977328129,9931.83857296718,382.83543651221567,1.0436694658245347,1,32.39423895234654,65.61252256975772,314.6805623445705,102.30769230769232,0.05
336,2025-03-26T08:00:00,NOx,70.9130977328129,9931.83857296718,382.83543651221567,1.0436694658245347,1,32.39423895234654,65.61252256975772,314.6805623445705,111.15384615384616,0.05
336,2025-03-26T08:00:00,NOx,70.9130977328129,9931.83857296718,382.83543651221567,1.0436694658245347,1,32.39423895234654,65.61252256975772,314.6805623445705,120.0,0.05
337,2025-03-26T14:00:00,NOx,75.84389618918682,4886.13921770301,267.14499142962404,0.6810939696226366,4,18.02184148624684,76.9657703727091,366.377504996496,5.0,5.920804376792266
337,2025-03-26T14:00:00,NOx,75.84389618918682,4886.13921770301,267.14499142962404,0.6810939696226366,4,18.02184148624684,76.9657703727091,366.377504996496,13.846153846153847,0.05
337,2025-03-26T14:00:00,NOx,75.84389618918682,4886.13921770301,267.14499142962404,0.6810939696226366,4,18.02184148624684,76.9657703727091,366.377504996496,22.692307692307693,0.05
337,2025-03-26T14:00:00,NOx,75.84389618918682,4886.13921770301,267.14499142962404,0.6810939696226366,4,18.02184148624684,76.9657703727091,366.377504996496,31.53846153846154,0.05
337,2025-03-26T14:00:00,NOx,75.84389618918682,4886.13921770301,267.14499142962404,0.6810939696226366,4,18.02184148624684,76.9657703727091,366.377504996496,40.38461538461539,0.05
337,2025-03-26T14:00:00,NOx,75.84389618918682,4886.13921770301,267.14499142962404,0.6810939696226366,4,18.02184148624684,76.9657703727091,366.377504996496,49.23076923076923,0.05
337,2025-03-26T14:00:00,NOx,75.84389618918682,4886.13921770301,267.14499142962404,0.6810939696226366,4,18.02184148624684,76.9657703727091,366.377504996496,58.07692307692308,0.05
337,2025-03-26T14:00:00,NOx,75.84389618918682,4886.13921770301,267.14499142962404,0.6810939696226366,4,18.02184148624684,76.9657703727091,366.377504996496,66.92307692307693,0.05
337,2025-03-26T14:00:00,NOx,75.84389618918682,4886.13921770301,267.14499142962404,0.6810939696226366,4,18.02184148624684,76.9657703727091,366.377504996496,75.76923076923077,0.05
337,2025-03-26T14:00:00,NOx,75.84389618918682,4886.13921770301,267.14499142962404,0.6810939696226366,4,18.02184148624684,,366.377504996496,84.61538461538461,0.05
337,2025-03-26T14:00:00,NOx,75.84389618918682,4886.13921770301,267.14499142962404,0.6810939696226366,4,18.02184148624684,,366.377504996496,93.46153846153847,0.05
337,2025-03-26T14:00:00,NOx,75.84389618918682,4886.13921770301,267.14499142962404,0.6810939696226366,4,18.02184148624684,76.9657703727091,366.377504996496,102.30769230769232,0.05
337,2025-03-26T14:00:00,NOx,75.84389618918682,4886.13921770301,267.14499142962404,0.6810939696226366,4,18.02184148624684,76.9657703727091,366.377504996496,111.15384615384616,0.05
337,2025-03-26T14:00:00,NOx,75.84389618918682,4886.13921770301,267.14499142962404,0.6810939696226366,4,18.02184148624684,76.9657703727091,366.377504996496,120.0,0.05
338,2025-03-26T20:00:00,SO2,87.93000124145715,11282.401567466968,277.23411383677006,1.0291355446088,1,32.19254982327572,77.91715130536932,531.2003318579877,5.0,98.04856212414019
338,2025-03-26T20:00:00,SO2,87.93000124145715,11282.401567466968,277.23411383677006,1.0291355446088,1,32.19254982327572,77.91715130536932,531.2003318579877,13.846153846153847,4.119727658334454
338,2025-03-26T20:00:00,SO2,87.93000124145715,11282.401567466968,277.23411383677006,1.0291355446088,1,32.19254982327572,77.91715130536932,531.2003318579877,22.692307692307693,0.2009323111457788
338,2025-03-26T20:00:00,SO2,87.93000124145715,11282.401567466968,277.23411383677006,1.0291355446088,1,32.19254982327572,77.91715130536932,531.2003318579877,31.53846153846154,0.05
338,2025-03-26T20:00:00,SO2,87.93000124145715,11282.401567466968,277.23411383677006,1.0291355446088,1,32.19254982327572,77.91715130536932,531.2003318579877,40.38461538461539,0.05
338,2025-03-26T20:00:00,SO2,87.93000124145715,11282.401567466968,277.23411383677006,1.0291355446088,1,32.19254982327572,77.91715130536932,531.2003318579877,49.23076923076923,0.05
338,2025-03-26T20:00:00,SO2,87.93000124145715,11282.401567466968,277.23411383677006,1.0291355446088,1,32.19254982327572,77.91715130536932,531.2003318579877,58.07692307692308,0.05
338,2025-03-26T20:00:00,SO2,87.93000124145715,11282.401567466968,277.23411383677006,1.0291355446088,1,32.19254982327572,77.91715130536932,531.2003318579877,66.92307692307693,
338,2025-03-26T20:00:00,SO2,87.93000124145715,11282.401567466968,277.23411383677006,1.0291355446088,1,,77.91715130536932,531.2003318579877,75.76923076923077,0.05
338,2025-03-26T20:00:00,SO2,87.93000124145715,11282.401567466968,277.23411383677006,1.0291355446088,1,32.19254982327572,77.91715130536932,531.2003318579877,84.61538461538461,0.05
338,2025-03-26T20:00:00,SO2,87.93000124145715,11282.401567466968,277.23411383677006,1.0291355446088,1,32.19254982327572,77.91715130536932,531.2003318579877,93.46153846153847,
338,2025-03-26T20:00:00,SO2,87.93000124145715,11282.401567466968,277.23411383677006,1.0291355446088,1,32.19254982327572,77.91715130536932,531.2003318579877,102.30769230769232,0.05
338,2025-03-26T20:00:00,SO2,87.93000124145715,11282.401567466968,277.23411383677006,1.0291355446088,1,32.19254982327572,77.91715130536932,531.2003318579877,111.15384615384616,0.05
338,2025-03-26T20:00:00,SO2,87.93000124145715,11282.401567466968,277.23411383677006,1.0291355446088,1,32.19254982327572,77.91715130536932,531.2003318579877,120.0,0.05
339,2025-03-27T02:00:00,CO,38.1929732670681,11758.694101359246,445.40835563250766,0.5341656711918027,1,30.30528175687707,29.614499830324867,478.8556482579182,5.0,242.1891222655584
339,2025-03-27T02:00:00,CO,38.1929732670681,11758.694101359246,445.40835563250766,0.5341656711918027,1,30.30528175687707,29.614499830324867,478.8556482579182,13.846153846153847,76.78796564706337
339,2025-03-27T02:00:00,CO,38.1929732670681,11758.694101359246,445.40835563250766,0.5341656711918027,1,30.30528175687707,29.614499830324867,478.8556482579182,22.692307692307693,23.894893897368807
339,2025-03-27T02:00:00,CO,38.1929732670681,11758.694101359246,445.40835563250766,0.5341656711918027,1,30.30528175687707,29.614499830324867,478.8556482579182,31.53846153846154,8.58653336234445
339,2025-03-27T02:00:00,CO,38.1929732670681,11758.694101359246,445.40835563250766,0.5341656711918027,1,30.30528175687707,29.614499830324867,478.8556482579182,40.38461538461539,2.3543341247522607
339,2025-03-27T02:00:00,CO,38.1929732670681,11758.694101359246,445.40835563250766,0.5341656711918027,1,30.30528175687707,29.614499830324867,478.8556482579182,49.23076923076923,0.7148786819623748
339,2025-03-27T02:00:00,CO,38.1929732670681,11758.694101359246,445.40835563250766,0.5341656711918027,1,30.30528175687707,29.614499830324867,478.8556482579182,58.07692307692308,0.25647704762914136
339,2025-03-27T02:00:00,CO,38.1929732670681,11758.694101359246,445.40835563250766,,1,30.30528175687707,29.614499830324867,478.8556482579182,66.92307692307693,0.07617012041368884
339,2025-03-27T02:00:00,CO,38.1929732670681,11758.694101359246,445.40835563250766,0.5341656711918027,1,30.30528175687707,29.614499830324867,478.8556482579182,75.76923076923077,0.05
339,2025-03-27T02:00:00,CO,38.1929732670681,11758.694101359246,445.40835563250766,0.5341656711918027,1,30.30528175687707,29.614499830324867,478.8556482579182,84.61538461538461,0.05
339,2025-03-27T02:00:00,CO,38.1929732670681,11758.694101359246,445.40835563250766,0.5341656711918027,1,30.30528175687707,29.614499830324867,478.8556482579182,93.46153846153847,0.05
339,2025-03-27T02:00:00,CO,38.1929732670681,11758.694101359246,445.40835563250766,0.5341656711918027,1,30.30528175687707,29.614499830324867,478.8556482579182,102.30769230769232,0.05
339,2025-03-27T02:00:00,CO,38.1929732670681,11758.694101359246,445.40835563250766,0.5341656711918027,1,30.30528175687707,,478.8556482579182,111.15384615384616,0.05
339,2025-03-27T02:00:00,CO,38.1929732670681,11758.694101359246,445.40835563250766,0.5341656711918027,1,30.30528175687707,29.614499830324867,478.8556482579182,120.0,0.05
340,2025-03-27T08:00:00,SO2,33.49738512678967,2812.4385722519137,344.45991719848956,1.2297212886854778,1,18.522542323447613,40.59758120349452,678.3203351692675,5.0,48.7965449150541
340,2025-03-27T08:00:00,SO2,33.49738512678967,2812.4385722519137,344.45991719848956,1.2297212886854778,1,18.522542323447613,40.59758120349452,678.3203351692675,13.846153846153847,0.4869790466262107
340,2025-03-27T08:00:00,SO2,33.49738512678967,2812.4385722519137,344.45991719848956,1.2297212886854778,1,18.522542323447613,40.59758120349452,678.3203351692675,22.692307692307693,0.05
340,2025-03-27T08:00:00,SO2,33.49738512678967,2812.4385722519137,344.45991719848956,1.2297212886854778,1,18.522542323447613,40.59758120349452,678.3203351692675,31.53846153846154,0.05
340,2025-03-27T08:00:00,SO2,33.49738512678967,2812.4385722519137,344.45991719848956,1.2297212886854778,1,18.522542323447613,40.59758120349452,678.3203351692675,40.38461538461539,0.05
340,2025-03-27T08:00:00,SO2,33.49738512678967,2812.4385722519137,344.45991719848956,1.2297212886854778,1,18.522542323447613,40.59758120349452,678.3203351692675,49.23076923076923,0.05
340,2025-03-27T08:00:00,SO2,33.49738512678967,2812.4385722519137,344.45991719848956,1.2297212886854778,1,18.522542323447613,40.59758120349452,678.3203351692675,58.07692307692308,0.05
340,2025-03-27T08:00:00,SO2,33.49738512678967,2812.4385722519137,344.45991719848956,1.2297212886854778,1,18.522542323447613,40.59758120349452,678.3203351692675,66.92307692307693,0.05
340,2025-03-27T08:00:00,SO2,33.49738512678967,2812.4385722519137,344.45991719848956,1.2297212886854778,1,18.522542323447613,40.59758120349452,678.3203351692675,75.76923076923077,0.05
340,2025-03-27T08:00:00,SO2,33.49738512678967,2812.4385722519137,344.45991719848956,1.2297212886854778,1,18.522542323447613,40.59758120349452,678.3203351692675,84.61538461538461,0.05
340,2025-03-27T08:00:00,SO2,33.49738512678967,2812.4385722519137,344.45991719848956,1.2297212886854778,1,18.522542323447613,40.59758120349452,678.3203351692675,93.46153846153847,0.05
340,2025-03-27T08:00:00,SO2,33.49738512678967,2812.4385722519137,344.45991719848956,1.2297212886854778,1,18.522542323447613,40.59758120349452,678.3203351692675,102.30769230769232,0.05
340,2025-03-27T08:00:00,SO2,33.49738512678967,2812.4385722519137,344.45991719848956,1.2297212886854778,1,18.522542323447613,40.59758120349452,678.3203351692675,111.15384615384616,0.05
340,2025-03-27T08:00:00,SO2,33.49738512678967,2812.4385722519137,344.45991719848956,1.2297212886854778,1,18.522542323447613,40.59758120349452,678.3203351692675,120.0,0.05
341,2025-03-27T14:00:00,CO,113.97808051419533,4789.13504007659,206.137397972304,1.192994396621558,3,30.17570178775528,51.407190216350756,533.8039506286015,5.0,0.3572540971559936
341,2025-03-27T14:00:00,CO,113.97808051419533,4789.13504007659,206.137397972304,1.192994396621558,3,30.17570178775528,51.407190216350756,533.8039506286015,13.846153846153847,0.05
341,2025-03-27T14:00:00,CO,113.97808051419533,4789.13504007659,206.137397972304,1.192994396621558,3,30.17570178775528,51.407190216350756,533.8039506286015,22.692307692307693,0.05
341,2025-03-27T14:00:00,CO,113.97808051419533,4789.13504007659,206.137397972304,1.192994396621558,3,30.17570178775528,51.407190216350756,533.8039506286015,31.53846153846154,0.05
341,2025-03-27T14:00:00,CO,113.97808051419533,4789.13504007659,206.137397972304,1.192994396621558,3,30.17570178775528,,533.8039506286015,40.38461538461539,0.05
341,2025-03-27T14:00:00,CO,113.97808051419533,4789.13504007659,206.137397972304,1.192994396621558,3,30.17570178775528,51.407190216350756,533.8039506286015,49.23076923076923,0.05
341,2025-03-27T14:00:00,CO,113.97808051419533,4789.13504007659,206.137397972304,1.192994396621558,3,30.17570178775528,51.407190216350756,533.8039506286015,58.07692307692308,0.05
341,2025-03-27T14:00:00,CO,113.97808051419533,4789.13504007659,206.137397972304,,3,30.17570178775528,51.407190216350756,533.8039506286015,66.92307692307693,0.05
341,2025-03-27T14:00:00,CO,113.97808051419533,4789.13504007659,206.137397972304,1.192994396621558,3,30.17570178775528,51.407190216350756,533.8039506286015,75.76923076923077,0.05
341,2025-03-27T14:00:00,CO,113.97808051419533,4789.13504007659,206.137397972304,1.192994396621558,3,30.17570178775528,51.407190216350756,533.8039506286015,84.61538461538461,0.05
341,2025-03-27T14:00:00,CO,113.97808051419533,4789.13504007659,206.137397972304,1.192994396621558,3,30.17570178775528,51.407190216350756,533.8039506286015,93.46153846153847,0.05
341,2025-03-27T14:00:00,CO,113.97808051419533,4789.13504007659,206.137397972304,1.192994396621558,3,30.17570178775528,51.407190216350756,533.8039506286015,102.30769230769232,0.05
341,2025-03-27T14:00:00,CO,113.97808051419533,4789.13504007659,206.137397972304,1.192994396621558,3,30.17570178775528,51.407190216350756,533.8039506286015,111.15384615384616,0.05
341,2025-03-27T14:00:00,CO,113.97808051419533,4789.13504007659,206.137397972304,1.192994396621558,3,30.17570178775528,51.407190216350756,533.8039506286015,120.0,0.05
342,2025-03-27T20:00:00,CO,34.29382186990641,10055.211728799197,68.94380182407394,0.9423108356212522,1,29.482736136232433,78.13900695442814,514.1745944720234,5.0,255.15709206122455
342,2025-03-27T20:00:00,CO,34.29382186990641,10055.211728799197,68.94380182407394,0.9423108356212522,1,29.482736136232433,78.13900695442814,514.1745944720234,13.846153846153847,50.04233816561341
342,2025-03-27T20:00:00,CO,34.29382186990641,10055.211728799197,68.94380182407394,0.9423108356212522,1,29.482736136232433,78.13900695442814,514.1745944720234,22.692307692307693,13.704495477311298
342,2025-03-27T20:00:00,CO,34.29382186990641,10055.211728799197,68.94380182407394,0.9423108356212522,1,29.482736136232433,78.13900695442814,514.1745944720234,31.53846153846154,2.8089029044042517
342,2025-03-27T20:00:00,CO,34.29382186990641,10055.211728799197,68.94380182407394,0.9423108356212522,1,29.482736136232433,78.13900695442814,514.1745944720234,40.38461538461539,0.6937555006336679
342,2025-03-27T20:00:00,CO,34.29382186990641,10055.211728799197,68.94380182407394,0.9423108356212522,1,29.482736136232433,78.13900695442814,514.1745944720234,49.23076923076923,0.17154650223495094
342,2025-03-27T20:00:00,CO,34.29382186990641,10055.211728799197,68.94380182407394,0.9423108356212522,1,29.482736136232433,78.13900695442814,514.1745944720234,58.07692307692308,0.05
342,2025-03-27T20:00:00,CO,34.29382186990641,10055.211728799197,68.94380182407394,0.9423108356212522,1,29.482736136232433,78.13900695442814,514.1745944720234,66.92307692307693,0.05
342,2025-03-27T20:00:00,CO,34.29382186990641,10055.211728799197,68.94380182407394,0.9423108356212522,1,29.482736136232433,78.13900695442814,514.1745944720234,75.76923076923077,0.05
342,2025-03-27T20:00:00,CO,34.29382186990641,10055.211728799197,68.94380182407394,0.9423108356212522,1,29.482736136232433,,514.1745944720234,84.61538461538461,
342,2025-03-27T20:00:00,CO,34.29382186990641,10055.211728799197,68.94380182407394,0.9423108356212522,1,29.482736136232433,78.13900695442814,514.1745944720234,93.46153846153847,0.05
342,2025-03-27T20:00:00,CO,34.29382186990641,10055.211728799197,68.94380182407394,0.9423108356212522,1,29.482736136232433,78.13900695442814,514.1745944720234,102.30769230769232,0.05
342,2025-03-27T20:00:00,CO,34.29382186990641,10055.211728799197,68.94380182407394,0.9423108356212522,1,29.482736136232433,78.13900695442814,514.1745944720234,111.15384615384616,0.05
342,2025-03-27T20:00:00,CO,34.29382186990641,10055.211728799197,68.94380182407394,0.9423108356212522,1,29.482736136232433,,514.1745944720234,120.0,0.05
343,2025-03-28T02:00:00,SO2,86.52094420787962,7433.519478006614,256.65134158856574,0.3519390131839464,2,35.867476176318206,62.530312924906454,474.46723002530587,5.0,26.837233462982574
343,2025-03-28T02:00:00,SO2,86.52094420787962,7433.519478006614,256.65134158856574,0.3519390131839464,2,35.867476176318206,62.530312924906454,474.46723002530587,13.846153846153847,0.1607622077540862
343,2025-03-28T02:00:00,SO2,86.52094420787962,7433.519478006614,256.65134158856574,0.3519390131839464,2,35.867476176318206,62.530312924906454,474.46723002530587,22.692307692307693,0.05
343,2025-03-28T02:00:00,SO2,86.52094420787962,7433.519478006614,256.65134158856574,0.3519390131839464,2,35.867476176318206,,474.46723002530587,31.53846153846154,0.05
343,2025-03-28T02:00:00,SO2,86.52094420787962,7433.519478006614,256.65134158856574,0.3519390131839464,2,35.867476176318206,62.530312924906454,474.46723002530587,40.38461538461539,0.05
343,2025-03-28T02:00:00,SO2,86.52094420787962,7433.519478006614,256.65134158856574,0.3519390131839464,2,35.867476176318206,62.530312924906454,474.46723002530587,49.23076923076923,0.05
343,2025-03-28T02:00:00,SO2,86.52094420787962,7433.519478006614,256.65134158856574,0.3519390131839464,2,35.867476176318206,62.530312924906454,474.46723002530587,58.07692307692308,0.05
343,2025-03-28T02:00:00,SO2,86.52094420787962,7433.519478006614,256.65134158856574,0.3519390131839464,2,35.867476176318206,62.530312924906454,474.46723002530587,66.92307692307693,0.05
343,2025-03-28T02:00:00,SO2,86.52094420787962,7433.519478006614,256.65134158856574,0.3519390131839464,2,35.867476176318206,62.530312924906454,474.46723002530587,75.76923076923077,0.05
343,2025-03-28T02:00:00,SO2,86.52094420787962,7433.519478006614,256.65134158856574,0.3519390131839464,2,35.867476176318206,62.530312924906454,474.46723002530587,84.61538461538461,0.05
343,2025-03-28T02:00:00,SO2,86.52094420787962,7433.519478006614,256.65134158856574,0.3519390131839464,2,35.867476176318206,62.530312924906454,474.46723002530587,93.46153846153847,0.05
343,2025-03-28T02:00:00,SO2,86.52094420787962,7433.519478006614,256.65134158856574,0.3519390131839464,2,35.867476176318206,62.530312924906454,474.46723002530587,102.30769230769232,0.05
343,2025-03-28T02:00:00,SO2,86.52094420787962,7433.519478006614,256.65134158856574,0.3519390131839464,2,35.867476176318206,62.530312924906454,474.46723002530587,111.15384615384616,0.05
343,2025-03-28T02:00:00,SO2,86.52094420787962,7433.519478006614,256.65134158856574,0.3519390131839464,2,35.867476176318206,62.530312924906454,474.46723002530587,120.0,0.05
344,2025-03-28T08:00:00,SO2,68.06804735124348,7797.113063216651,119.38148108458873,0.854729041274875,4,,83.85418408762315,236.95135193975585,5.0,17.01693497603898
344,2025-03-28T08:00:00,SO2,68.06804735124348,7797.113063216651,119.38148108458873,0.854729041274875,4,18.43953357882039,83.85418408762315,236.95135193975585,13.846153846153847,0.1463914772473588
344,2025-03-28T08:00:00,SO2,68.06804735124348,7797.113063216651,119.38148108458873,0.854729041274875,4,18.43953357882039,83.85418408762315,236.95135193975585,22.692307692307693,0.05
344,2025-03-28T08:00:00,SO2,68.06804735124348,7797.113063216651,119.38148108458873,0.854729041274875,4,18.43953357882039,83.85418408762315,236.95135193975585,31.53846153846154,0.05
344,2025-03-28T08:00:00,SO2,68.06804735124348,7797.113063216651,119.38148108458873,0.854729041274875,4,18.43953357882039,83.85418408762315,236.95135193975585,40.38461538461539,0.05
344,2025-03-28T08:00:00,SO2,68.06804735124348,7797.113063216651,119.38148108458873,0.854729041274875,4,,83.85418408762315,236.95135193975585,49.23076923076923,
344,2025-03-28T08:00:00,SO2,68.06804735124348,7797.113063216651,119.38148108458873,0.854729041274875,4,18.43953357882039,83.85418408762315,236.95135193975585,58.07692307692308,0.05
344,2025-03-28T08:00:00,SO2,68.06804735124348,7797.113063216651,119.38148108458873,0.854729041274875,4,18.43953357882039,83.85418408762315,236.95135193975585,66.92307692307693,0.05
344,2025-03-28T08:00:00,SO2,68.06804735124348,7797.113063216651,119.38148108458873,0.854729041274875,4,18.43953357882039,83.85418408762315,236.95135193975585,75.76923076923077,0.05
344,2025-03-28T08:00:00,SO2,68.06804735124348,7797.113063216651,119.38148108458873,0.854729041274875,4,18.43953357882039,83.85418408762315,236.95135193975585,84.61538461538461,0.05
344,2025-03-28T08:00:00,SO2,68.06804735124348,7797.113063216651,119.38148108458873,0.854729041274875,4,18.43953357882039,83.85418408762315,236.95135193975585,93.46153846153847,0.05
344,2025-03-28T08:00:00,SO2,68.06804735124348,7797.113063216651,119.38148108458873,0.854729041274875,4,18.43953357882039,83.85418408762315,236.95135193975585,102.30769230769232,0.05
344,2025-03-28T08:00:00,SO2,68.06804735124348,7797.113063216651,119.38148108458873,0.854729041274875,4,18.43953357882039,83.85418408762315,236.95135193975585,111.15384615384616,0.05
344,2025-03-28T08:00:00,SO2,68.06804735124348,7797.113063216651,119.38148108458873,0.854729041274875,4,18.43953357882039,83.85418408762315,236.95135193975585,120.0,0.05
345,2025-03-28T14:00:00,CO,99.69247078555621,4278.500284865971,359.1192475050847,0.6927511777978259,1,36.41762372808327,41.07801246740816,144.54112935667408,5.0,0.6841297754404583
345,2025-03-28T14:00:00,CO,99.69247078555621,4278.500284865971,359.1192475050847,0.6927511777978259,1,36.41762372808327,41.07801246740816,144.54112935667408,13.846153846153847,0.05
345,2025-03-28T14:00:00,CO,99.69247078555621,4278.500284865971,359.1192475050847,0.6927511777978259,1,36.41762372808327,41.07801246740816,144.54112935667408,22.692307692307693,0.05
345,2025-03-28T14:00:00,CO,99.69247078555621,4278.500284865971,359.1192475050847,0.6927511777978259,1,36.41762372808327,41.07801246740816,144.54112935667408,31.53846153846154,0.05
345,2025-03-28T14:00:00,CO,99.69247078555621,4278.500284865971,359.1192475050847,0.6927511777978259,1,36.41762372808327,41.07801246740816,144.54112935667408,40.38461538461539,0.05
345,2025-03-28T14:00:00,CO,99.69247078555621,4278.500284865971,359.1192475050847,0.6927511777978259,1,36.41762372808327,,144.54112935667408,49.23076923076923,0.05
345,2025-03-28T14:00:00,CO,99.69247078555621,4278.500284865971,359.1192475050847,0.6927511777978259,1,36.41762372808327,41.07801246740816,144.54112935667408,58.07692307692308,0.05
345,2025-03-28T14:00:00,CO,99.69247078555621,4278.500284865971,359.1192475050847,0.6927511777978259,1,,41.07801246740816,144.54112935667408,66.92307692307693,0.05
345,2025-03-28T14:00:00,CO,99.69247078555621,4278.500284865971,359.1192475050847,0.6927511777978259,1,36.41762372808327,41.07801246740816,144.54112935667408,75.76923076923077,0.05
345,2025-03-28T14:00:00,CO,99.69247078555621,4278.500284865971,359.1192475050847,0.6927511777978259,1,36.41762372808327,41.07801246740816,144.54112935667408,84.61538461538461,0.05
345,2025-03-28T14:00:00,CO,99.69247078555621,4278.500284865971,359.1192475050847,0.6927511777978259,1,36.41762372808327,41.07801246740816,144.54112935667408,93.46153846153847,0.05
345,2025-03-28T14:00:00,CO,99.69247078555621,4278.500284865971,359.1192475050847,0.6927511777978259,1,36.41762372808327,41.07801246740816,144.54112935667408,102.30769230769232,0.05
345,2025-03-28T14:00:00,CO,99.69247078555621,4278.500284865971,359.1192475050847,0.6927511777978259,1,36.41762372808327,41.07801246740816,144.54112935667408,111.15384615384616,0.05
345,2025-03-28T14:00:00,CO,99.69247078555621,4278.500284865971,359.1192475050847,0.6927511777978259,1,36.41762372808327,41.07801246740816,144.54112935667408,120.0,0.05
346,2025-03-28T20:00:00,SO2,119.41661954371605,4882.924706116961,426.42453049583145,0.47643049279811167,2,19.46223680018343,48.476164455049044,79.74971013801537,5.0,0.44720807644834276
346,2025-03-28T20:00:00,SO2,119.41661954371605,4882.924706116961,426.42453049583145,0.47643049279811167,2,19.46223680018343,48.476164455049044,79.74971013801537,13.846153846153847,0.05
346,2025-03-28T20:00:00,SO2,119.41661954371605,4882.924706116961,426.42453049583145,,2,19.46223680018343,48.476164455049044,79.74971013801537,22.692307692307693,0.05
346,2025-03-28T20:00:00,SO2,119.41661954371605,4882.924706116961,426.42453049583145,0.47643049279811167,2,19.46223680018343,48.476164455049044,79.74971013801537,31.53846153846154,0.05
346,2025-03-28T20:00:00,SO2,119.41661954371605,4882.924706116961,426.42453049583145,0.47643049279811167,2,19.46223680018343,48.476164455049044,79.74971013801537,40.38461538461539,0.05
346,2025-03-28T20:00:00,SO2,119.41661954371605,4882.924706116961,426.42453049583145,0.47643049279811167,2,19.46223680018343,48.476164455049044,79.74971013801537,49.23076923076923,0.05
346,2025-03-28T20:00:00,SO2,119.41661954371605,4882.924706116961,426.42453049583145,0.47643049279811167,2,19.46223680018343,48.476164455049044,79.74971013801537,58.07692307692308,0.05
346,2025-03-28T20:00:00,SO2,119.41661954371605,4882.924706116961,426.42453049583145,0.47643049279811167,2,19.46223680018343,48.476164455049044,79.74971013801537,66.92307692307693,0.05
346,2025-03-28T20:00:00,SO2,119.41661954371605,4882.924706116961,426.42453049583145,0.47643049279811167,2,19.46223680018343,48.476164455049044,79.74971013801537,75.76923076923077,0.05
346,2025-03-28T20:00:00,SO2,119.41661954371605,4882.924706116961,426.42453049583145,0.47643049279811167,2,19.46223680018343,48.476164455049044,79.74971013801537,84.61538461538461,0.05
346,2025-03-28T20:00:00,SO2,119.41661954371605,4882.924706116961,426.42453049583145,0.47643049279811167,2,19.46223680018343,48.476164455049044,79.74971013801537,93.46153846153847,0.05
346,2025-03-28T20:00:00,SO2,119.41661954371605,4882.924706116961,426.42453049583145,0.47643049279811167,2,19.46223680018343,48.476164455049044,79.74971013801537,102.30769230769232,0.05
346,2025-03-28T20:00:00,SO2,119.41661954371605,4882.924706116961,426.42453049583145,0.47643049279811167,2,19.46223680018343,48.476164455049044,79.74971013801537,111.15384615384616,0.05
346,2025-03-28T20:00:00,SO2,119.41661954371605,4882.924706116961,426.42453049583145,0.47643049279811167,2,19.46223680018343,48.476164455049044,79.74971013801537,120.0,0.05
347,2025-03-29T02:00:00,CO,90.97093364860706,4712.213977702178,234.7572914375629,0.4619033320509418,0,37.49558856115305,68.56824298458451,242.85031531953578,5.0,2.278371072583427
347,2025-03-29T02:00:00,CO,90.97093364860706,4712.213977702178,234.7572914375629,0.4619033320509418,0,37.49558856115305,68.56824298458451,242.85031531953578,13.846153846153847,0.05
347,2025-03-29T02:00:00,CO,90.97093364860706,4712.213977702178,234.7572914375629,0.4619033320509418,0,37.49558856115305,68.56824298458451,242.85031531953578,22.692307692307693,0.05
347,2025-03-29T02:00:00,CO,90.97093364860706,4712.213977702178,234.7572914375629,0.4619033320509418,0,37.49558856115305,68.56824298458451,242.85031531953578,31.53846153846154,0.05
347,2025-03-29T02:00:00,CO,90.97093364860706,4712.213977702178,234.7572914375629,0.4619033320509418,0,37.49558856115305,68.56824298458451,242.85031531953578,40.38461538461539,0.05
347,2025-03-29T02:00:00,CO,90.97093364860706,4712.213977702178,234.7572914375629,0.4619033320509418,0,37.49558856115305,68.56824298458451,242.85031531953578,49.23076923076923,0.05
347,2025-03-29T02:00:00,CO,90.97093364860706,4712.213977702178,234.7572914375629,0.4619033320509418,0,37.49558856115305,68.56824298458451,242.85031531953578,58.07692307692308,0.05
347,2025-03-29T02:00:00,CO,90.97093364860706,4712.213977702178,234.7572914375629,0.4619033320509418,0,37.49558856115305,68.56824298458451,242.85031531953578,66.92307692307693,0.05
347,2025-03-29T02:00:00,CO,90.97093364860706,4712.213977702178,234.7572914375629,0.4619033320509418,0,37.49558856115305,68.56824298458451,242.85031531953578,75.76923076923077,0.05
347,2025-03-29T02:00:00,CO,90.97093364860706,4712.213977702178,234.7572914375629,0.4619033320509418,0,37.49558856115305,68.56824298458451,242.85031531953578,84.61538461538461,0.05
347,2025-03-29T02:00:00,CO,90.97093364860706,4712.213977702178,234.7572914375629,0.4619033320509418,0,37.49558856115305,68.56824298458451,242.85031531953578,93.46153846153847,0.05
347,2025-03-29T02:00:00,CO,90.97093364860706,4712.213977702178,234.7572914375629,0.4619033320509418,0,37.49558856115305,68.56824298458451,242.85031531953578,102.30769230769232,0.05
347,2025-03-29T02:00:00,CO,90.97093364860706,4712.213977702178,234.7572914375629,0.4619033320509418,0,37.49558856115305,68.56824298458451,242.85031531953578,111.15384615384616,0.05
347,2025-03-29T02:00:00,CO,90.97093364860706,4712.213977702178,234.7572914375629,0.4619033320509418,0,37.49558856115305,68.56824298458451,242.85031531953578,120.0,0.05
348,2025-03-29T08:00:00,NOx,12.929335201255775,8507.27251252692,204.32553667878085,1.1594214744318907,0,18.048162876339248,45.669773124736224,575.6421803858356,5.0,359.4989114691662
348,2025-03-29T08:00:00,NOx,12.929335201255775,8507.27251252692,204.32553667878085,,0,18.048162876339248,45.669773124736224,575.6421803858356,13.846153846153847,229.28424162110224
348,2025-03-29T08:00:00,NOx,12.929335201255775,8507.27251252692,204.32553667878085,1.1594214744318907,0,,45.669773124736224,575.6421803858356,22.692307692307693,107.37577660707028
348,2025-03-29T08:00:00,NOx,12.929335201255775,8507.27251252692,204.32553667878085,1.1594214744318907,0,18.048162876339248,45.669773124736224,575.6421803858356,31.53846153846154,48.35529388376136
348,2025-03-29T08:00:00,NOx,12.929335201255775,8507.27251252692,204.32553667878085,1.1594214744318907,0,18.048162876339248,45.669773124736224,575.6421803858356,40.38461538461539,30.86406905132565
348,2025-03-29T08:00:00,NOx,12.929335201255775,8507.27251252692,204.32553667878085,1.1594214744318907,0,18.048162876339248,45.669773124736224,575.6421803858356,49.23076923076923,16.44421142786991
348,2025-03-29T08:00:00,NOx,12.929335201255775,8507.27251252692,204.32553667878085,1.1594214744318907,0,18.048162876339248,45.669773124736224,575.6421803858356,58.07692307692308,6.374452284293979
348,2025-03-29T08:00:00,NOx,12.929335201255775,8507.27251252692,204.32553667878085,1.1594214744318907,0,18.048162876339248,45.669773124736224,575.6421803858356,66.92307692307693,3.8449764609462704
348,2025-03-29T08:00:00,NOx,12.929335201255775,8507.27251252692,204.32553667878085,1.1594214744318907,0,18.048162876339248,45.669773124736224,575.6421803858356,75.76923076923077,2.1235323047277688
348,2025-03-29T08:00:00,NOx,12.929335201255775,8507.27251252692,204.32553667878085,1.1594214744318907,0,18.048162876339248,45.669773124736224,575.6421803858356,84.61538461538461,1.180577839374239
348,2025-03-29T08:00:00,NOx,12.929335201255775,8507.27251252692,204.32553667878085,1.1594214744318907,0,18.048162876339248,45.669773124736224,575.6421803858356,93.46153846153847,0.5563921125293728
348,2025-03-29T08:00:00,NOx,12.929335201255775,8507.27251252692,204.32553667878085,1.1594214744318907,0,18.048162876339248,45.669773124736224,575.6421803858356,102.30769230769232,0.2819319985113963
348,2025-03-29T08:00:00,NOx,12.929335201255775,8507.27251252692,204.32553667878085,1.1594214744318907,0,,45.669773124736224,575.6421803858356,111.15384615384616,0.16634256431821456
348,2025-03-29T08:00:00,NOx,12.929335201255775,8507.27251252692,204.32553667878085,1.1594214744318907,0,18.048162876339248,45.669773124736224,575.6421803858356,120.0,0.07874915801256221
349,2025-03-29T14:00:00,SO2,105.99645108405232,4225.286543446059,210.01096409336753,0.29933196875741475,1,28.883270152982988,28.80207880304373,753.3406863341157,5.0,0.8706921338588575
349,2025-03-29T14:00:00,SO2,105.99645108405232,4225.286543446059,210.01096409336753,0.29933196875741475,1,28.883270152982988,28.80207880304373,753.3406863341157,13.846153846153847,0.05
349,2025-03-29T14:00:00,SO2,105.99645108405232,4225.286543446059,210.01096409336753,0.29933196875741475,1,28.883270152982988,28.80207880304373,753.3406863341157,22.692307692307693,0.05
349,2025-03-29T14:00:00,SO2,105.99645108405232,4225.286543446059,210.01096409336753,0.29933196875741475,1,28.883270152982988,28.80207880304373,753.3406863341157,31.53846153846154,0.05
349,2025-03-29T14:00:00,SO2,105.99645108405232,4225.286543446059,210.01096409336753,0.29933196875741475,1,28.883270152982988,28.80207880304373,753.3406863341157,40.38461538461539,0.05
349,2025-03-29T14:00:00,SO2,105.99645108405232,4225.286543446059,210.01096409336753,0.29933196875741475,1,28.883270152982988,28.80207880304373,753.3406863341157,49.23076923076923,0.05
349,2025-03-29T14:00:00,SO2,105.99645108405232,4225.286543446059,210.01096409336753,0.29933196875741475,1,28.883270152982988,28.80207880304373,753.3406863341157,58.07692307692308,0.05
349,2025-03-29T14:00:00,SO2,105.99645108405232,4225.286543446059,210.01096409336753,0.29933196875741475,1,28.883270152982988,28.80207880304373,753.3406863341157,66.92307692307693,0.05
349,2025-03-29T14:00:00,SO2,105.99645108405232,4225.286543446059,210.01096409336753,0.29933196875741475,1,28.883270152982988,28.80207880304373,753.3406863341157,75.76923076923077,0.05
349,2025-03-29T14:00:00,SO2,105.99645108405232,4225.286543446059,210.01096409336753,0.29933196875741475,1,28.883270152982988,28.80207880304373,753.3406863341157,84.61538461538461,0.05
349,2025-03-29T14:00:00,SO2,105.99645108405232,4225.286543446059,210.01096409336753,0.29933196875741475,1,28.883270152982988,28.80207880304373,753.3406863341157,93.46153846153847,0.05
349,2025-03-29T14:00:00,SO2,105.99645108405232,4225.286543446059,210.01096409336753,0.29933196875741475,1,28.883270152982988,28.80207880304373,753.3406863341157,102.30769230769232,
349,2025-03-29T14:00:00,SO2,105.99645108405232,4225.286543446059,210.01096409336753,0.29933196875741475,1,28.883270152982988,28.80207880304373,753.3406863341157,111.15384615384616,0.05
349,2025-03-29T14:00:00,SO2,105.99645108405232,4225.286543446059,210.01096409336753,0.29933196875741475,1,28.883270152982988,,753.3406863341157,120.0,0.05
350,2025-03-29T20:00:00,NOx,29.679930644036716,7145.065104399987,312.1723723878037,0.7289713697731661,2,28.213163700934274,62.6196903964306,147.06332549563183,5.0,52.88987522042256
350,2025-03-29T20:00:00,NOx,29.679930644036716,7145.065104399987,312.1723723878037,0.7289713697731661,2,28.213163700934274,62.6196903964306,147.06332549563183,13.846153846153847,7.789015123630366
350,2025-03-29T20:00:00,NOx,29.679930644036716,7145.065104399987,312.1723723878037,0.7289713697731661,2,28.213163700934274,62.6196903964306,147.06332549563183,22.692307692307693,1.1170243225323624
350,2025-03-29T20:00:00,NOx,29.679930644036716,7145.065104399987,312.1723723878037,0.7289713697731661,2,28.213163700934274,62.6196903964306,147.06332549563183,31.53846153846154,0.15999256358422803
350,2025-03-29T20:00:00,NOx,29.679930644036716,7145.065104399987,312.1723723878037,0.7289713697731661,2,28.213163700934274,62.6196903964306,147.06332549563183,40.38461538461539,0.05
350,2025-03-29T20:00:00,NOx,29.679930644036716,7145.065104399987,312.1723723878037,0.7289713697731661,2,28.213163700934274,62.6196903964306,147.06332549563183,49.23076923076923,0.05
350,2025-03-29T20:00:00,NOx,29.679930644036716,7145.065104399987,312.1723723878037,0.7289713697731661,2,28.213163700934274,62.6196903964306,147.06332549563183,58.07692307692308,0.05
350,2025-03-29T20:00:00,NOx,29.679930644036716,7145.065104399987,312.1723723878037,0.7289713697731661,2,28.213163700934274,62.6196903964306,147.06332549563183,66.92307692307693,0.05
350,2025-03-29T20:00:00,NOx,29.679930644036716,7145.065104399987,312.1723723878037,0.7289713697731661,2,28.213163700934274,62.6196903964306,147.06332549563183,75.76923076923077,0.05
350,2025-03-29T20:00:00,NOx,29.679930644036716,7145.065104399987,312.1723723878037,0.7289713697731661,2,28.213163700934274,62.6196903964306,147.06332549563183,84.61538461538461,0.05
350,2025-03-29T20:00:00,NOx,29.679930644036716,7145.065104399987,312.1723723878037,0.7289713697731661,2,28.213163700934274,62.6196903964306,147.06332549563183,93.46153846153847,0.05
350,2025-03-29T20:00:00,NOx,29.679930644036716,7145.065104399987,312.1723723878037,0.7289713697731661,2,28.213163700934274,62.6196903964306,147.06332549563183,102.30769230769232,0.05
350,2025-03-29T20:00:00,NOx,29.679930644036716,7145.065104399987,312.1723723878037,0.7289713697731661,2,28.213163700934274,62.6196903964306,147.06332549563183,111.15384615384616,0.05
350,2025-03-29T20:00:00,NOx,29.679930644036716,7145.065104399987,312.1723723878037,0.7289713697731661,2,28.213163700934274,62.6196903964306,147.06332549563183,120.0,0.05
351,2025-03-30T02:00:00,NOx,117.99091194586804,2139.86109869968,347.9185164926674,0.7013399140295722,4,20.340985416952474,50.316001321176316,457.0521870712059,5.0,0.05
351,2025-03-30T02:00:00,NOx,117.99091194586804,2139.86109869968,347.9185164926674,0.7013399140295722,4,20.340985416952474,50.316001321176316,457.0521870712059,13.846153846153847,0.05
351,2025-03-30T02:00:00,NOx,117.99091194586804,2139.86109869968,347.9185164926674,0.7013399140295722,4,20.340985416952474,50.316001321176316,457.0521870712059,22.692307692307693,0.05
351,2025-03-30T02:00:00,NOx,117.99091194586804,2139.86109869968,347.9185164926674,0.7013399140295722,4,20.340985416952474,50.316001321176316,457.0521870712059,31.53846153846154,0.05
351,2025-03-30T02:00:00,NOx,117.99091194586804,2139.86109869968,347.9185164926674,0.7013399140295722,4,,50.316001321176316,457.0521870712059,40.38461538461539,0.05
351,2025-03-30T02:00:00,NOx,117.99091194586804,2139.86109869968,347.9185164926674,0.7013399140295722,4,20.340985416952474,50.316001321176316,457.0521870712059,49.23076923076923,0.05
351,2025-03-30T02:00:00,NOx,117.99091194586804,2139.86109869968,347.9185164926674,0.7013399140295722,4,20.340985416952474,50.316001321176316,457.0521870712059,58.07692307692308,0.05
351,2025-03-30T02:00:00,NOx,117.99091194586804,2139.86109869968,347.9185164926674,0.7013399140295722,4,20.340985416952474,50.316001321176316,457.0521870712059,66.92307692307693,0.05
351,2025-03-30T02:00:00,NOx,117.99091194586804,2139.86109869968,347.9185164926674,0.7013399140295722,4,20.340985416952474,50.316001321176316,457.0521870712059,75.76923076923077,0.05
351,2025-03-30T02:00:00,NOx,117.99091194586804,2139.86109869968,347.9185164926674,0.7013399140295722,4,20.340985416952474,50.316001321176316,457.0521870712059,84.61538461538461,0.05
351,2025-03-30T02:00:00,NOx,117.99091194586804,2139.86109869968,347.9185164926674,0.7013399140295722,4,20.340985416952474,50.316001321176316,457.0521870712059,93.46153846153847,0.05
351,2025-03-30T02:00:00,NOx,117.99091194586804,2139.86109869968,347.9185164926674,0.7013399140295722,4,20.340985416952474,50.316001321176316,457.0521870712059,102.30769230769232,0.05
351,2025-03-30T02:00:00,NOx,117.99091194586804,2139.86109869968,347.9185164926674,0.7013399140295722,4,20.340985416952474,50.316001321176316,457.0521870712059,111.15384615384616,0.05
351,2025-03-30T02:00:00,NOx,117.99091194586804,2139.86109869968,347.9185164926674,,4,20.340985416952474,50.316001321176316,457.0521870712059,120.0,0.05
352,2025-03-30T08:00:00,NOx,58.373204151419,7138.493226505539,311.01215327941526,0.8371871754420414,1,32.02802258763417,28.651754992342077,450.4612318991416,5.0,76.20506092848349
352,2025-03-30T08:00:00,NOx,58.373204151419,7138.493226505539,311.01215327941526,0.8371871754420414,1,32.02802258763417,28.651754992342077,450.4612318991416,13.846153846153847,2.8422149162618644
352,2025-03-30T08:00:00,NOx,58.373204151419,7138.493226505539,311.01215327941526,0.8371871754420414,1,32.02802258763417,28.651754992342077,450.4612318991416,22.692307692307693,0.12256110156535617
352,2025-03-30T08:00:00,NOx,58.373204151419,7138.493226505539,311.01215327941526,0.8371871754420414,1,32.02802258763417,28.651754992342077,450.4612318991416,31.53846153846154,0.05
352,2025-03-30T08:00:00,NOx,58.373204151419,7138.493226505539,311.01215327941526,0.8371871754420414,1,32.02802258763417,28.651754992342077,450.4612318991416,40.38461538461539,0.05
352,2025-03-30T08:00:00,NOx,58.373204151419,7138.493226505539,311.01215327941526,0.8371871754420414,1,32.02802258763417,28.651754992342077,450.4612318991416,49.23076923076923,0.05
352,2025-03-30T08:00:00,NOx,58.373204151419,7138.493226505539,311.01215327941526,0.8371871754420414,1,32.02802258763417,28.651754992342077,450.4612318991416,58.07692307692308,0.05
352,2025-03-30T08:00:00,NOx,58.373204151419,7138.493226505539,311.01215327941526,0.8371871754420414,1,32.02802258763417,28.651754992342077,450.4612318991416,66.92307692307693,0.05
352,2025-03-30T08:00:00,NOx,58.373204151419,7138.493226505539,311.01215327941526,0.8371871754420414,1,32.02802258763417,28.651754992342077,450.4612318991416,75.76923076923077,0.05
352,2025-03-30T08:00:00,NOx,58.373204151419,7138.493226505539,311.01215327941526,0.8371871754420414,1,32.02802258763417,28.651754992342077,450.4612318991416,84.61538461538461,0.05
352,2025-03-30T08:00:00,NOx,58.373204151419,7138.493226505539,311.01215327941526,0.8371871754420414,1,32.02802258763417,28.651754992342077,450.4612318991416,93.46153846153847,0.05
352,2025-03-30T08:00:00,NOx,58.373204151419,7138.493226505539,311.01215327941526,0.8371871754420414,1,32.02802258763417,28.651754992342077,450.4612318991416,102.30769230769232,0.05
352,2025-03-30T08:00:00,NOx,58.373204151419,7138.493226505539,311.01215327941526,0.8371871754420414,1,32.02802258763417,28.651754992342077,450.4612318991416,111.15384615384616,0.05
352,2025-03-30T08:00:00,NOx,58.373204151419,7138.493226505539,311.01215327941526,0.8371871754420414,1,32.02802258763417,28.651754992342077,450.4612318991416,120.0,0.05
353,2025-03-30T14:00:00,NOx,80.79343198955455,4097.064055297837,67.30023645001299,1.3674151214062906,2,36.86288614783031,76.40934012261665,293.7743008734103,5.0,0.47917910665114777
353,2025-03-30T14:00:00,NOx,80.79343198955455,4097.064055297837,67.30023645001299,1.3674151214062906,2,36.86288614783031,76.40934012261665,293.7743008734103,13.846153846153847,0.05
353,2025-03-30T14:00:00,NOx,80.79343198955455,4097.064055297837,67.30023645001299,1.3674151214062906,2,36.86288614783031,76.40934012261665,293.7743008734103,22.692307692307693,0.05
353,2025-03-30T14:00:00,NOx,80.79343198955455,4097.064055297837,67.30023645001299,1.3674151214062906,2,36.86288614783031,76.40934012261665,293.7743008734103,31.53846153846154,0.05
353,2025-03-30T14:00:00,NOx,80.79343198955455,4097.064055297837,67.30023645001299,1.3674151214062906,2,36.86288614783031,,293.7743008734103,40.38461538461539,0.05
353,2025-03-30T14:00:00,NOx,80.79343198955455,4097.064055297837,67.30023645001299,1.3674151214062906,2,36.86288614783031,76.40934012261665,293.7743008734103,49.23076923076923,0.05
353,2025-03-30T14:00:00,NOx,80.79343198955455,4097.064055297837,67.30023645001299,1.3674151214062906,2,36.86288614783031,76.40934012261665,293.7743008734103,58.07692307692308,0.05
353,2025-03-30T14:00:00,NOx,80.79343198955455,4097.064055297837,67.30023645001299,1.3674151214062906,2,36.86288614783031,76.40934012261665,293.7743008734103,66.92307692307693,0.05
353,2025-03-30T14:00:00,NOx,80.79343198955455,4097.064055297837,67.30023645001299,1.3674151214062906,2,36.86288614783031,76.40934012261665,293.7743008734103,75.76923076923077,0.05
353,2025-03-30T14:00:00,NOx,80.79343198955455,4097.064055297837,67.30023645001299,1.3674151214062906,2,36.86288614783031,76.40934012261665,293.7743008734103,84.61538461538461,0.05
353,2025-03-30T14:00:00,NOx,80.79343198955455,4097.064055297837,67.30023645001299,1.3674151214062906,2,36.86288614783031,76.40934012261665,293.7743008734103,93.46153846153847,0.05
353,2025-03-30T14:00:00,NOx,80.79343198955455,4097.064055297837,67.30023645001299,1.3674151214062906,2,36.86288614783031,76.40934012261665,293.7743008734103,102.30769230769232,0.05
353,2025-03-30T14:00:00,NOx,80.79343198955455,4097.064055297837,67.30023645001299,1.3674151214062906,2,36.86288614783031,76.40934012261665,293.7743008734103,111.15384615384616,0.05
353,2025-03-30T14:00:00,NOx,80.79343198955455,4097.064055297837,67.30023645001299,1.3674151214062906,2,36.86288614783031,76.40934012261665,293.7743008734103,120.0,0.05
354,2025-03-30T20:00:00,NOx,96.67372810334606,5509.149494008697,365.4167233797668,1.5156688004969265,0,33.282727990840414,43.4675204569339,284.33468232092895,5.0,4.668320994861232
354,2025-03-30T20:00:00,NOx,96.67372810334606,5509.149494008697,365.4167233797668,1.5156688004969265,0,33.282727990840414,43.4675204569339,284.33468232092895,13.846153846153847,0.05
354,2025-03-30T20:00:00,NOx,96.67372810334606,5509.149494008697,365.4167233797668,1.5156688004969265,0,33.282727990840414,43.4675204569339,284.33468232092895,22.692307692307693,0.05
354,2025-03-30T20:00:00,NOx,96.67372810334606,5509.149494008697,365.4167233797668,1.5156688004969265,0,33.282727990840414,43.4675204569339,284.33468232092895,31.53846153846154,0.05
354,2025-03-30T20:00:00,NOx,96.67372810334606,5509.149494008697,365.4167233797668,1.5156688004969265,0,33.282727990840414,43.4675204569339,284.33468232092895,40.38461538461539,0.05
354,2025-03-30T20:00:00,NOx,96.67372810334606,5509.149494008697,365.4167233797668,1.5156688004969265,0,33.282727990840414,43.4675204569339,284.33468232092895,49.23076923076923,0.05
354,2025-03-30T20:00:00,NOx,96.67372810334606,5509.149494008697,365.4167233797668,1.5156688004969265,0,33.282727990840414,43.4675204569339,284.33468232092895,58.07692307692308,0.05
354,2025-03-30T20:00:00,NOx,96.67372810334606,5509.149494008697,365.4167233797668,1.5156688004969265,0,33.282727990840414,43.4675204569339,284.33468232092895,66.92307692307693,0.05
354,2025-03-30T20:00:00,NOx,96.67372810334606,5509.149494008697,365.4167233797668,1.5156688004969265,0,33.282727990840414,43.4675204569339,284.33468232092895,75.76923076923077,0.05
354,2025-03-30T20:00:00,NOx,96.67372810334606,5509.149494008697,365.4167233797668,1.5156688004969265,0,33.282727990840414,43.4675204569339,284.33468232092895,84.61538461538461,
354,2025-03-30T20:00:00,NOx,96.67372810334606,5509.149494008697,365.4167233797668,1.5156688004969265,0,33.282727990840414,43.4675204569339,284.33468232092895,93.46153846153847,0.05
354,2025-03-30T20:00:00,NOx,96.67372810334606,5509.149494008697,365.4167233797668,1.5156688004969265,0,33.282727990840414,43.4675204569339,284.33468232092895,102.30769230769232,0.05
354,2025-03-30T20:00:00,NOx,96.67372810334606,5509.149494008697,365.4167233797668,1.5156688004969265,0,33.282727990840414,43.4675204569339,284.33468232092895,111.15384615384616,0.05
354,2025-03-30T20:00:00,NOx,96.67372810334606,5509.149494008697,365.4167233797668,1.5156688004969265,0,33.282727990840414,43.4675204569339,284.33468232092895,120.0,0.05
355,2025-03-31T02:00:00,SO2,82.79616811203366,8174.042584328784,384.34793696482024,1.1318816643447682,0,28.07353774075355,48.383289873906875,422.381758521343,5.0,49.212460301608594
355,2025-03-31T02:00:00,SO2,82.79616811203366,8174.042584328784,384.34793696482024,1.1318816643447682,0,28.07353774075355,48.383289873906875,422.381758521343,13.846153846153847,0.767516343059242
355,2025-03-31T02:00:00,SO2,82.79616811203366,8174.042584328784,384.34793696482024,1.1318816643447682,0,28.07353774075355,48.383289873906875,422.381758521343,22.692307692307693,0.05
355,2025-03-31T02:00:00,SO2,82.79616811203366,8174.042584328784,384.34793696482024,1.1318816643447682,0,28.07353774075355,48.383289873906875,422.381758521343,31.53846153846154,0.05
355,2025-03-31T02:00:00,SO2,82.79616811203366,8174.042584328784,384.34793696482024,1.1318816643447682,0,28.07353774075355,48.383289873906875,422.381758521343,40.38461538461539,0.05
355,2025-03-31T02:00:00,SO2,82.79616811203366,8174.042584328784,384.34793696482024,1.1318816643447682,0,28.07353774075355,48.383289873906875,422.381758521343,49.23076923076923,0.05
355,2025-03-31T02:00:00,SO2,82.79616811203366,8174.042584328784,384.34793696482024,1.1318816643447682,0,28.07353774075355,48.383289873906875,422.381758521343,58.07692307692308,0.05
355,2025-03-31T02:00:00,SO2,82.79616811203366,8174.042584328784,384.34793696482024,1.1318816643447682,0,28.07353774075355,48.383289873906875,422.381758521343,66.92307692307693,0.05
355,2025-03-31T02:00:00,SO2,82.79616811203366,8174.042584328784,384.34793696482024,1.1318816643447682,0,28.07353774075355,48.383289873906875,422.381758521343,75.76923076923077,0.05
355,2025-03-31T02:00:00,SO2,82.79616811203366,8174.042584328784,384.34793696482024,1.1318816643447682,0,28.07353774075355,48.383289873906875,422.381758521343,84.61538461538461,0.05
355,2025-03-31T02:00:00,SO2,82.79616811203366,8174.042584328784,384.34793696482024,1.1318816643447682,0,28.07353774075355,48.383289873906875,422.381758521343,93.46153846153847,0.05
355,2025-03-31T02:00:00,SO2,82.79616811203366,8174.042584328784,384.34793696482024,1.1318816643447682,0,28.07353774075355,48.383289873906875,422.381758521343,102.30769230769232,0.05
355,2025-03-31T02:00:00,SO2,82.79616811203366,8174.042584328784,384.34793696482024,1.1318816643447682,0,28.07353774075355,48.383289873906875,422.381758521343,111.15384615384616,0.05
355,2025-03-31T02:00:00,SO2,82.79616811203366,8174.042584328784,384.34793696482024,1.1318816643447682,0,28.07353774075355,48.383289873906875,422.381758521343,120.0,0.05
356,2025-03-31T08:00:00,NOx,95.55417565458387,10187.571365335269,425.62466520718664,0.33562320905950627,1,32.1753229643967,37.42153604059355,748.0937224184936,5.0,105.90868878586781
356,2025-03-31T08:00:00,NOx,95.55417565458387,10187.571365335269,425.62466520718664,0.33562320905950627,1,32.1753229643967,37.42153604059355,748.0937224184936,13.846153846153847,3.9145190711865454
356,2025-03-31T08:00:00,NOx,95.55417565458387,10187.571365335269,425.62466520718664,0.33562320905950627,1,32.1753229643967,37.42153604059355,748.0937224184936,22.692307692307693,0.10874815853783722
356,2025-03-31T08:00:00,NOx,95.55417565458387,10187.571365335269,425.62466520718664,0.33562320905950627,1,,37.42153604059355,748.0937224184936,31.53846153846154,0.05
356,2025-03-31T08:00:00,NOx,95.55417565458387,10187.571365335269,425.62466520718664,0.33562320905950627,1,32.1753229643967,37.42153604059355,748.0937224184936,40.38461538461539,0.05
356,2025-03-31T08:00:00,NOx,95.55417565458387,10187.571365335269,425.62466520718664,0.33562320905950627,1,32.1753229643967,37.42153604059355,748.0937224184936,49.23076923076923,0.05
356,2025-03-31T08:00:00,NOx,95.55417565458387,10187.571365335269,425.62466520718664,0.33562320905950627,1,32.1753229643967,37.42153604059355,748.0937224184936,58.07692307692308,0.05
356,2025-03-31T08:00:00,NOx,95.55417565458387,10187.571365335269,425.62466520718664,0.33562320905950627,1,32.1753229643967,37.42153604059355,748.0937224184936,66.92307692307693,0.05
356,2025-03-31T08:00:00,NOx,95.55417565458387,10187.571365335269,425.62466520718664,0.33562320905950627,1,32.1753229643967,37.42153604059355,748.0937224184936,75.76923076923077,0.05
356,2025-03-31T08:00:00,NOx,95.55417565458387,10187.571365335269,425.62466520718664,0.33562320905950627,1,32.1753229643967,37.42153604059355,748.0937224184936,84.61538461538461,0.05
356,2025-03-31T08:00:00,NOx,95.55417565458387,10187.571365335269,425.62466520718664,0.33562320905950627,1,32.1753229643967,37.42153604059355,748.0937224184936,93.46153846153847,0.05
356,2025-03-31T08:00:00,NOx,95.55417565458387,10187.571365335269,425.62466520718664,0.33562320905950627,1,32.1753229643967,37.42153604059355,748.0937224184936,102.30769230769232,
356,2025-03-31T08:00:00,NOx,95.55417565458387,10187.571365335269,425.62466520718664,0.33562320905950627,1,32.1753229643967,37.42153604059355,748.0937224184936,111.15384615384616,0.05
356,2025-03-31T08:00:00,NOx,95.55417565458387,10187.571365335269,425.62466520718664,0.33562320905950627,1,32.1753229643967,37.42153604059355,748.0937224184936,120.0,0.05
357,2025-03-31T14:00:00,CO,114.20206615573865,10433.905751110671,150.97797242893705,0.9638995627829586,3,28.012657143078115,82.60139547700444,339.46187293972906,5.0,9.491668696532141
357,2025-03-31T14:00:00,CO,114.20206615573865,10433.905751110671,150.97797242893705,0.9638995627829586,3,28.012657143078115,82.60139547700444,339.46187293972906,13.846153846153847,0.05
357,2025-03-31T14:00:00,CO,114.20206615573865,10433.905751110671,150.97797242893705,0.9638995627829586,3,28.012657143078115,82.60139547700444,339.46187293972906,22.692307692307693,0.05
357,2025-03-31T14:00:00,CO,114.20206615573865,10433.905751110671,150.97797242893705,0.9638995627829586,3,28.012657143078115,,339.46187293972906,31.53846153846154,0.05
357,2025-03-31T14:00:00,CO,114.20206615573865,10433.905751110671,150.97797242893705,0.9638995627829586,3,28.012657143078115,82.60139547700444,339.46187293972906,40.38461538461539,0.05
357,2025-03-31T14:00:00,CO,114.20206615573865,10433.905751110671,150.97797242893705,0.9638995627829586,3,28.012657143078115,82.60139547700444,339.46187293972906,49.23076923076923,0.05
357,2025-03-31T14:00:00,CO,114.20206615573865,10433.905751110671,150.97797242893705,0.9638995627829586,3,28.012657143078115,82.60139547700444,339.46187293972906,58.07692307692308,0.05
357,2025-03-31T14:00:00,CO,114.20206615573865,10433.905751110671,150.97797242893705,0.9638995627829586,3,28.012657143078115,82.60139547700444,339.46187293972906,66.92307692307693,0.05
357,2025-03-31T14:00:00,CO,114.20206615573865,10433.905751110671,150.97797242893705,0.9638995627829586,3,28.012657143078115,82.60139547700444,339.46187293972906,75.76923076923077,0.05
357,2025-03-31T14:00:00,CO,114.20206615573865,10433.905751110671,150.97797242893705,0.9638995627829586,3,28.012657143078115,82.60139547700444,339.46187293972906,84.61538461538461,0.05
357,2025-03-31T14:00:00,CO,114.20206615573865,10433.905751110671,150.97797242893705,0.9638995627829586,3,28.012657143078115,82.60139547700444,339.46187293972906,93.46153846153847,0.05
357,2025-03-31T14:00:00,CO,114.20206615573865,10433.905751110671,150.97797242893705,0.9638995627829586,3,28.012657143078115,82.60139547700444,339.46187293972906,102.30769230769232,0.05
357,2025-03-31T14:00:00,CO,114.20206615573865,10433.905751110671,150.97797242893705,0.9638995627829586,3,28.012657143078115,82.60139547700444,339.46187293972906,111.15384615384616,0.05
357,2025-03-31T14:00:00,CO,114.20206615573865,10433.905751110671,150.97797242893705,0.9638995627829586,3,28.012657143078115,82.60139547700444,339.46187293972906,120.0,0.05
358,2025-03-31T20:00:00,CO,33.26413554012373,11241.52981259457,340.47882477471666,0.5614079303354981,4,36.97838889737003,31.731259963607965,235.37323651590864,5.0,96.7884935426057
358,2025-03-31T20:00:00,CO,33.26413554012373,11241.52981259457,340.47882477471666,0.5614079303354981,4,36.97838889737003,31.731259963607965,235.37323651590864,13.846153846153847,18.513347858437644
358,2025-03-31T20:00:00,CO,33.26413554012373,11241.52981259457,340.47882477471666,0.5614079303354981,4,36.97838889737003,31.731259963607965,235.37323651590864,22.692307692307693,4.667919810996213
358,2025-03-31T20:00:00,CO,33.26413554012373,11241.52981259457,340.47882477471666,0.5614079303354981,4,36.97838889737003,31.731259963607965,235.37323651590864,31.53846153846154,0.9587893686986055
358,2025-03-31T20:00:00,CO,33.26413554012373,11241.52981259457,340.47882477471666,0.5614079303354981,4,36.97838889737003,31.731259963607965,235.37323651590864,40.38461538461539,0.18796898963732117
358,2025-03-31T20:00:00,CO,33.26413554012373,11241.52981259457,340.47882477471666,0.5614079303354981,4,36.97838889737003,31.731259963607965,235.37323651590864,49.23076923076923,0.05
358,2025-03-31T20:00:00,CO,33.26413554012373,11241.52981259457,340.47882477471666,0.5614079303354981,4,36.97838889737003,31.731259963607965,235.37323651590864,58.07692307692308,0.05
358,2025-03-31T20:00:00,CO,33.26413554012373,11241.52981259457,340.47882477471666,0.5614079303354981,4,36.97838889737003,31.731259963607965,235.37323651590864,66.92307692307693,0.05
358,2025-03-31T20:00:00,CO,33.26413554012373,11241.52981259457,340.47882477471666,0.5614079303354981,4,36.97838889737003,31.731259963607965,235.37323651590864,75.76923076923077,0.05
358,2025-03-31T20:00:00,CO,33.26413554012373,11241.52981259457,340.47882477471666,0.5614079303354981,4,36.97838889737003,31.731259963607965,235.37323651590864,84.61538461538461,0.05
358,2025-03-31T20:00:00,CO,33.26413554012373,11241.52981259457,340.47882477471666,0.5614079303354981,4,36.97838889737003,31.731259963607965,235.37323651590864,93.46153846153847,0.05
358,2025-03-31T20:00:00,CO,33.26413554012373,11241.52981259457,340.47882477471666,0.5614079303354981,4,36.97838889737003,31.731259963607965,235.37323651590864,102.30769230769232,0.05
358,2025-03-31T20:00:00,CO,33.26413554012373,11241.52981259457,340.47882477471666,0.5614079303354981,4,36.97838889737003,31.731259963607965,235.37323651590864,111.15384615384616,0.05
358,2025-03-31T20:00:00,CO,33.26413554012373,11241.52981259457,340.47882477471666,0.5614079303354981,4,36.97838889737003,31.731259963607965,235.37323651590864,120.0,0.05
359,2025-04-01T02:00:00,CO,85.18876313273836,9054.645418045971,155.9859016486705,1.4306793925884314,0,24.09423206605401,39.62992716258984,698.9935797651885,5.0,36.19531944546819
359,2025-04-01T02:00:00,CO,85.18876313273836,9054.645418045971,155.9859016486705,1.4306793925884314,0,24.09423206605401,39.62992716258984,698.9935797651885,13.846153846153847,0.17990797581838525
359,2025-04-01T02:00:00,CO,85.18876313273836,9054.645418045971,155.9859016486705,1.4306793925884314,0,24.09423206605401,39.62992716258984,698.9935797651885,22.692307692307693,0.05
359,2025-04-01T02:00:00,CO,85.18876313273836,9054.645418045971,155.9859016486705,1.4306793925884314,0,24.09423206605401,39.62992716258984,698.9935797651885,31.53846153846154,0.05
359,2025-04-01T02:00:00,CO,85.18876313273836,9054.645418045971,155.9859016486705,1.4306793925884314,0,24.09423206605401,39.62992716258984,698.9935797651885,40.38461538461539,0.05
359,2025-04-01T02:00:00,CO,85.18876313273836,9054.645418045971,155.9859016486705,1.4306793925884314,0,24.09423206605401,39.62992716258984,698.9935797651885,49.23076923076923,0.05
359,2025-04-01T02:00:00,CO,85.18876313273836,9054.645418045971,155.9859016486705,1.4306793925884314,0,24.09423206605401,39.62992716258984,698.9935797651885,58.07692307692308,0.05
359,2025-04-01T02:00:00,CO,85.18876313273836,9054.645418045971,155.9859016486705,1.4306793925884314,0,24.09423206605401,39.62992716258984,698.9935797651885,66.92307692307693,0.05
359,2025-04-01T02:00:00,CO,85.18876313273836,9054.645418045971,155.9859016486705,1.4306793925884314,0,24.09423206605401,39.62992716258984,698.9935797651885,75.76923076923077,0.05
359,2025-04-01T02:00:00,CO,85.18876313273836,9054.645418045971,155.9859016486705,1.4306793925884314,0,24.09423206605401,39.62992716258984,698.9935797651885,84.61538461538461,0.05
359,2025-04-01T02:00:00,CO,85.18876313273836,9054.645418045971,155.9859016486705,1.4306793925884314,0,24.09423206605401,39.62992716258984,698.9935797651885,93.46153846153847,0.05
359,2025-04-01T02:00:00,CO,85.18876313273836,9054.645418045971,155.9859016486705,1.4306793925884314,0,24.09423206605401,39.62992716258984,698.9935797651885,102.30769230769232,0.05
359,2025-04-01T02:00:00,CO,85.18876313273836,9054.645418045971,155.9859016486705,1.4306793925884314,0,24.09423206605401,39.62992716258984,698.9935797651885,111.15384615384616,0.05
359,2025-04-01T02:00:00,CO,85.18876313273836,9054.645418045971,155.9859016486705,1.4306793925884314,0,24.09423206605401,39.62992716258984,698.9935797651885,120.0,0.05
360,2025-04-01T08:00:00,NOx,28.93600945103917,7341.56210280388,181.87116936916252,0.97142039807867,1,34.96842709337397,46.7155292665317,146.5204100512443,5.0,43.24710995823054
360,2025-04-01T08:00:00,NOx,28.93600945103917,7341.56210280388,181.87116936916252,0.97142039807867,1,34.96842709337397,46.7155292665317,146.5204100512443,13.846153846153847,5.873752734549956
360,2025-04-01T08:00:00,NOx,28.93600945103917,7341.56210280388,181.87116936916252,0.97142039807867,1,34.96842709337397,46.7155292665317,146.5204100512443,22.692307692307693,0.7943248914194734
360,2025-04-01T08:00:00,NOx,28.93600945103917,7341.56210280388,181.87116936916252,0.97142039807867,1,34.96842709337397,46.7155292665317,146.5204100512443,31.53846153846154,0.1016798393550088
360,2025-04-01T08:00:00,NOx,28.93600945103917,7341.56210280388,181.87116936916252,0.97142039807867,1,34.96842709337397,46.7155292665317,146.5204100512443,40.38461538461539,0.05
360,2025-04-01T08:00:00,NOx,28.93600945103917,7341.56210280388,181.87116936916252,0.97142039807867,1,34.96842709337397,46.7155292665317,146.5204100512443,49.23076923076923,0.05
360,2025-04-01T08:00:00,NOx,28.93600945103917,7341.56210280388,181.87116936916252,0.97142039807867,1,34.96842709337397,46.7155292665317,146.5204100512443,58.07692307692308,0.05
360,2025-04-01T08:00:00,NOx,28.93600945103917,7341.56210280388,181.87116936916252,0.97142039807867,1,34.96842709337397,46.7155292665317,146.5204100512443,66.92307692307693,0.05
360,2025-04-01T08:00:00,NOx,28.93600945103917,7341.56210280388,181.87116936916252,0.97142039807867,1,34.96842709337397,,146.5204100512443,75.76923076923077,0.05
360,2025-04-01T08:00:00,NOx,28.93600945103917,7341.56210280388,181.87116936916252,0.97142039807867,1,34.96842709337397,46.7155292665317,146.5204100512443,84.61538461538461,0.05
360,2025-04-01T08:00:00,NOx,28.93600945103917,7341.56210280388,181.87116936916252,0.97142039807867,1,34.96842709337397,46.7155292665317,146.5204100512443,93.46153846153847,0.05
360,2025-04-01T08:00:00,NOx,28.93600945103917,7341.56210280388,181.87116936916252,0.97142039807867,1,34.96842709337397,46.7155292665317,146.5204100512443,102.30769230769232,0.05
360,2025-04-01T08:00:00,NOx,28.93600945103917,7341.56210280388,181.87116936916252,0.97142039807867,1,34.96842709337397,46.7155292665317,146.5204100512443,111.15384615384616,0.05
360,2025-04-01T08:00:00,NOx,28.93600945103917,7341.56210280388,181.87116936916252,0.97142039807867,1,34.96842709337397,46.7155292665317,146.5204100512443,120.0,0.05
361,2025-04-01T14:00:00,CO,118.69257074473634,8216.555878234449,205.95234947527527,0.5501901889696116,0,32.90418723800467,40.617418582371485,163.40127892318446,5.0,6.524629188538657
361,2025-04-01T14:00:00,CO,118.69257074473634,8216.555878234449,205.95234947527527,0.5501901889696116,0,32.90418723800467,40.617418582371485,163.40127892318446,13.846153846153847,0.05
361,2025-04-01T14:00:00,CO,118.69257074473634,8216.555878234449,205.95234947527527,0.5501901889696116,0,32.90418723800467,40.617418582371485,163.40127892318446,22.692307692307693,0.05
361,2025-04-01T14:00:00,CO,118.69257074473634,8216.555878234449,205.95234947527527,0.5501901889696116,0,32.90418723800467,40.617418582371485,163.40127892318446,31.53846153846154,0.05
361,2025-04-01T14:00:00,CO,118.69257074473634,8216.555878234449,205.95234947527527,0.5501901889696116,0,32.90418723800467,40.617418582371485,163.40127892318446,40.38461538461539,0.05
361,2025-04-01T14:00:00,CO,118.69257074473634,8216.555878234449,205.95234947527527,0.5501901889696116,0,32.90418723800467,40.617418582371485,163.40127892318446,49.23076923076923,0.05
361,2025-04-01T14:00:00,CO,118.69257074473634,8216.555878234449,205.95234947527527,0.5501901889696116,0,32.90418723800467,40.617418582371485,163.40127892318446,58.07692307692308,0.05
361,2025-04-01T14:00:00,CO,118.69257074473634,8216.555878234449,205.95234947527527,0.5501901889696116,0,32.90418723800467,40.617418582371485,163.40127892318446,66.92307692307693,0.05
361,2025-04-01T14:00:00,CO,118.69257074473634,8216.555878234449,205.95234947527527,0.5501901889696116,0,32.90418723800467,40.617418582371485,163.40127892318446,75.76923076923077,0.05
361,2025-04-01T14:00:00,CO,118.69257074473634,8216.555878234449,205.95234947527527,0.5501901889696116,0,32.90418723800467,40.617418582371485,163.40127892318446,84.61538461538461,0.05
361,2025-04-01T14:00:00,CO,118.69257074473634,8216.555878234449,205.95234947527527,0.5501901889696116,0,32.90418723800467,40.617418582371485,163.40127892318446,93.46153846153847,0.05
361,2025-04-01T14:00:00,CO,118.69257074473634,8216.555878234449,205.95234947527527,0.5501901889696116,0,32.90418723800467,40.617418582371485,163.40127892318446,102.30769230769232,0.05
361,2025-04-01T14:00:00,CO,118.69257074473634,8216.555878234449,205.95234947527527,0.5501901889696116,0,32.90418723800467,40.617418582371485,163.40127892318446,111.15384615384616,0.05
361,2025-04-01T14:00:00,CO,118.69257074473634,8216.555878234449,205.95234947527527,0.5501901889696116,0,32.90418723800467,40.617418582371485,163.40127892318446,120.0,0.05
362,2025-04-01T20:00:00,CO,44.652579098069836,10942.553141841478,202.6785144739096,1.4172982063419748,1,28.339559779192,25.31297926389366,524.1990956996187,5.0,154.1137790524694
362,2025-04-01T20:00:00,CO,44.652579098069836,10942.553141841478,202.6785144739096,1.4172982063419748,1,28.339559779192,25.31297926389366,524.1990956996187,13.846153846153847,14.640396275716018
362,2025-04-01T20:00:00,CO,44.652579098069836,10942.553141841478,202.6785144739096,1.4172982063419748,1,28.339559779192,25.31297926389366,524.1990956996187,22.692307692307693,1.4959780689033801
362,2025-04-01T20:00:00,CO,44.652579098069836,10942.553141841478,202.6785144739096,1.4172982063419748,1,28.339559779192,25.31297926389366,524.1990956996187,31.53846153846154,0.1434073336810751
362,2025-04-01T20:00:00,CO,44.652579098069836,10942.553141841478,202.6785144739096,1.4172982063419748,1,28.339559779192,25.31297926389366,524.1990956996187,40.38461538461539,0.05
362,2025-04-01T20:00:00,CO,44.652579098069836,10942.553141841478,202.6785144739096,1.4172982063419748,1,28.339559779192,25.31297926389366,524.1990956996187,49.23076923076923,0.05
362,2025-04-01T20:00:00,CO,44.652579098069836,10942.553141841478,202.6785144739096,1.4172982063419748,1,28.339559779192,25.31297926389366,524.1990956996187,58.07692307692308,0.05
362,2025-04-01T20:00:00,CO,44.652579098069836,10942.553141841478,202.6785144739096,1.4172982063419748,1,28.339559779192,25.31297926389366,524.1990956996187,66.92307692307693,0.05
362,2025-04-01T20:00:00,CO,44.652579098069836,10942.553141841478,202.6785144739096,1.4172982063419748,1,28.339559779192,25.31297926389366,524.1990956996187,75.76923076923077,0.05
362,2025-04-01T20:00:00,CO,44.652579098069836,10942.553141841478,202.6785144739096,1.4172982063419748,1,28.339559779192,25.31297926389366,524.1990956996187,84.61538461538461,0.05
362,2025-04-01T20:00:00,CO,44.652579098069836,10942.553141841478,202.6785144739096,1.4172982063419748,1,28.339559779192,25.31297926389366,524.1990956996187,93.46153846153847,0.05
362,2025-04-01T20:00:00,CO,44.652579098069836,10942.553141841478,202.6785144739096,1.4172982063419748,1,28.339559779192,25.31297926389366,524.1990956996187,102.30769230769232,0.05
362,2025-04-01T20:00:00,CO,44.652579098069836,10942.553141841478,202.6785144739096,1.4172982063419748,1,28.339559779192,25.31297926389366,524.1990956996187,111.15384615384616,0.05
362,2025-04-01T20:00:00,CO,44.652579098069836,10942.553141841478,202.6785144739096,1.4172982063419748,1,28.339559779192,25.31297926389366,524.1990956996187,120.0,0.05
363,2025-04-02T02:00:00,NOx,46.81078229948757,11426.252901636451,441.46250667592614,0.41155931637814,2,24.876397688016205,37.47832418838852,181.96009262340752,5.0,72.57554374042715
363,2025-04-02T02:00:00,NOx,46.81078229948757,11426.252901636451,441.46250667592614,0.41155931637814,2,24.876397688016205,37.47832418838852,181.96009262340752,13.846153846153847,18.841459882100825
363,2025-04-02T02:00:00,NOx,46.81078229948757,11426.252901636451,441.46250667592614,0.41155931637814,2,24.876397688016205,37.47832418838852,181.96009262340752,22.692307692307693,4.054536386941678
363,2025-04-02T02:00:00,NOx,46.81078229948757,11426.252901636451,441.46250667592614,0.41155931637814,2,24.876397688016205,37.47832418838852,181.96009262340752,31.53846153846154,0.9746134524603891
363,2025-04-02T02:00:00,NOx,46.81078229948757,11426.252901636451,441.46250667592614,0.41155931637814,2,24.876397688016205,37.47832418838852,181.96009262340752,40.38461538461539,0.23035803365236965
363,2025-04-02T02:00:00,NOx,46.81078229948757,11426.252901636451,441.46250667592614,0.41155931637814,2,24.876397688016205,37.47832418838852,181.96009262340752,49.23076923076923,0.05
363,2025-04-02T02:00:00,NOx,46.81078229948757,11426.252901636451,441.46250667592614,0.41155931637814,2,24.876397688016205,37.47832418838852,181.96009262340752,58.07692307692308,0.05
363,2025-04-02T02:00:00,NOx,46.81078229948757,11426.252901636451,441.46250667592614,0.41155931637814,2,24.876397688016205,37.47832418838852,181.96009262340752,66.92307692307693,0.05
363,2025-04-02T02:00:00,NOx,46.81078229948757,11426.252901636451,441.46250667592614,0.41155931637814,2,24.876397688016205,37.47832418838852,181.96009262340752,75.76923076923077,0.05
363,2025-04-02T02:00:00,NOx,46.81078229948757,11426.252901636451,441.46250667592614,0.41155931637814,2,24.876397688016205,37.47832418838852,181.96009262340752,84.61538461538461,0.05
363,2025-04-02T02:00:00,NOx,46.81078229948757,11426.252901636451,441.46250667592614,0.41155931637814,2,24.876397688016205,37.47832418838852,181.96009262340752,93.46153846153847,0.05
363,2025-04-02T02:00:00,NOx,46.81078229948757,11426.252901636451,441.46250667592614,0.41155931637814,2,24.876397688016205,37.47832418838852,181.96009262340752,102.30769230769232,0.05
363,2025-04-02T02:00:00,NOx,46.81078229948757,11426.252901636451,441.46250667592614,0.41155931637814,2,24.876397688016205,37.47832418838852,181.96009262340752,111.15384615384616,0.05
363,2025-04-02T02:00:00,NOx,46.81078229948757,11426.252901636451,441.46250667592614,0.41155931637814,2,24.876397688016205,37.47832418838852,181.96009262340752,120.0,0.05
364,2025-04-02T08:00:00,SO2,31.68681769098661,2226.134522474449,336.1682425202417,1.2995374660235757,1,33.523916575198506,66.62329432559034,143.18571853977434,5.0,7.8532473678207975
364,2025-04-02T08:00:00,SO2,31.68681769098661,2226.134522474449,336.1682425202417,1.2995374660235757,1,33.523916575198506,66.62329432559034,143.18571853977434,13.846153846153847,0.05105810036244485
364,2025-04-02T08:00:00,SO2,31.68681769098661,2226.134522474449,336.1682425202417,1.2995374660235757,1,33.523916575198506,66.62329432559034,143.18571853977434,22.692307692307693,0.05
364,2025-04-02T08:00:00,SO2,31.68681769098661,2226.134522474449,336.1682425202417,1.2995374660235757,1,33.523916575198506,66.62329432559034,143.18571853977434,31.53846153846154,0.05
364,2025-04-02T08:00:00,SO2,31.68681769098661,2226.134522474449,336.1682425202417,1.2995374660235757,1,33.523916575198506,66.62329432559034,143.18571853977434,40.38461538461539,0.05
364,2025-04-02T08:00:00,SO2,31.68681769098661,2226.134522474449,336.1682425202417,1.2995374660235757,1,33.523916575198506,66.62329432559034,143.18571853977434,49.23076923076923,0.05
364,2025-04-02T08:00:00,SO2,31.68681769098661,2226.134522474449,336.1682425202417,1.2995374660235757,1,33.523916575198506,66.62329432559034,143.18571853977434,58.07692307692308,0.05
364,2025-04-02T08:00:00,SO2,31.68681769098661,2226.134522474449,336.1682425202417,1.2995374660235757,1,33.523916575198506,66.62329432559034,143.18571853977434,66.92307692307693,0.05
364,2025-04-02T08:00:00,SO2,31.68681769098661,2226.134522474449,336.1682425202417,1.2995374660235757,1,33.523916575198506,66.62329432559034,143.18571853977434,75.76923076923077,0.05
364,2025-04-02T08:00:00,SO2,31.68681769098661,2226.134522474449,336.1682425202417,1.2995374660235757,1,33.523916575198506,66.62329432559034,143.18571853977434,84.61538461538461,0.05
364,2025-04-02T08:00:00,SO2,31.68681769098661,2226.134522474449,336.1682425202417,1.2995374660235757,1,33.523916575198506,66.62329432559034,143.18571853977434,93.46153846153847,0.05
364,2025-04-02T08:00:00,SO2,31.68681769098661,2226.134522474449,336.1682425202417,1.2995374660235757,1,33.523916575198506,66.62329432559034,143.18571853977434,102.30769230769232,0.05
364,2025-04-02T08:00:00,SO2,31.68681769098661,2226.134522474449,336.1682425202417,1.2995374660235757,1,33.523916575198506,66.62329432559034,143.18571853977434,111.15384615384616,0.05
364,2025-04-02T08:00:00,SO2,31.68681769098661,2226.134522474449,336.1682425202417,1.2995374660235757,1,33.523916575198506,66.62329432559034,143.18571853977434,120.0,0.05
365,2025-04-02T14:00:00,CO,50.71860774289396,2651.4176524202567,77.41025233576238,0.6230155579100939,3,28.990170949247947,37.600396468733614,301.190021776423,5.0,0.49633578222978414
365,2025-04-02T14:00:00,CO,50.71860774289396,2651.4176524202567,77.41025233576238,0.6230155579100939,3,28.990170949247947,37.600396468733614,301.190021776423,13.846153846153847,0.05
365,2025-04-02T14:00:00,CO,50.71860774289396,2651.4176524202567,77.41025233576238,0.6230155579100939,3,28.990170949247947,37.600396468733614,301.190021776423,22.692307692307693,0.05
365,2025-04-02T14:00:00,CO,50.71860774289396,2651.4176524202567,77.41025233576238,0.6230155579100939,3,28.990170949247947,37.600396468733614,301.190021776423,31.53846153846154,0.05
365,2025-04-02T14:00:00,CO,50.71860774289396,2651.4176524202567,77.41025233576238,0.6230155579100939,3,28.990170949247947,37.600396468733614,301.190021776423,40.38461538461539,0.05
365,2025-04-02T14:00:00,CO,50.71860774289396,2651.4176524202567,77.41025233576238,0.6230155579100939,3,28.990170949247947,37.600396468733614,301.190021776423,49.23076923076923,0.05
365,2025-04-02T14:00:00,CO,50.71860774289396,2651.4176524202567,77.41025233576238,0.6230155579100939,3,28.990170949247947,37.600396468733614,301.190021776423,58.07692307692308,0.05
365,2025-04-02T14:00:00,CO,50.71860774289396,2651.4176524202567,77.41025233576238,0.6230155579100939,3,28.990170949247947,37.600396468733614,301.190021776423,66.92307692307693,0.05
365,2025-04-02T14:00:00,CO,50.71860774289396,2651.4176524202567,77.41025233576238,0.6230155579100939,3,28.990170949247947,37.600396468733614,301.190021776423,75.76923076923077,0.05
365,2025-04-02T14:00:00,CO,50.71860774289396,2651.4176524202567,77.41025233576238,0.6230155579100939,3,28.990170949247947,37.600396468733614,301.190021776423,84.61538461538461,0.05
365,2025-04-02T14:00:00,CO,50.71860774289396,2651.4176524202567,77.41025233576238,0.6230155579100939,3,28.990170949247947,,301.190021776423,93.46153846153847,0.05
365,2025-04-02T14:00:00,CO,50.71860774289396,2651.4176524202567,77.41025233576238,0.6230155579100939,3,28.990170949247947,37.600396468733614,301.190021776423,102.30769230769232,0.05
365,2025-04-02T14:00:00,CO,50.71860774289396,2651.4176524202567,77.41025233576238,0.6230155579100939,3,28.990170949247947,37.600396468733614,301.190021776423,111.15384615384616,0.05
365,2025-04-02T14:00:00,CO,50.71860774289396,2651.4176524202567,77.41025233576238,0.6230155579100939,3,28.990170949247947,37.600396468733614,301.190021776423,120.0,0.05
366,2025-04-02T20:00:00,CO,98.68575050350294,6321.175172193078,335.7408340024406,1.2634484437633857,3,36.50725752506932,84.41444643131848,313.0031613710549,5.0,4.07530251156464
366,2025-04-02T20:00:00,CO,98.68575050350294,6321.175172193078,335.7408340024406,1.2634484437633857,3,36.50725752506932,84.41444643131848,313.0031613710549,13.846153846153847,0.05
366,2025-04-02T20:00:00,CO,98.68575050350294,6321.175172193078,335.7408340024406,1.2634484437633857,3,36.50725752506932,84.41444643131848,313.0031613710549,22.692307692307693,0.05
366,2025-04-02T20:00:00,CO,98.68575050350294,6321.175172193078,335.7408340024406,1.2634484437633857,3,36.50725752506932,84.41444643131848,313.0031613710549,31.53846153846154,0.05
366,2025-04-02T20:00:00,CO,98.68575050350294,6321.175172193078,335.7408340024406,1.2634484437633857,3,36.50725752506932,84.41444643131848,313.0031613710549,40.38461538461539,0.05
366,2025-04-02T20:00:00,CO,98.68575050350294,6321.175172193078,335.7408340024406,1.2634484437633857,3,36.50725752506932,84.41444643131848,313.0031613710549,49.23076923076923,0.05
366,2025-04-02T20:00:00,CO,98.68575050350294,6321.175172193078,335.7408340024406,1.2634484437633857,3,36.50725752506932,84.41444643131848,313.0031613710549,58.07692307692308,0.05
366,2025-04-02T20:00:00,CO,98.68575050350294,6321.175172193078,335.7408340024406,1.2634484437633857,3,,84.41444643131848,313.0031613710549,66.92307692307693,0.05
366,2025-04-02T20:00:00,CO,98.68575050350294,6321.175172193078,335.7408340024406,1.2634484437633857,3,36.50725752506932,84.41444643131848,313.0031613710549,75.76923076923077,0.05
366,2025-04-02T20:00:00,CO,98.68575050350294,6321.175172193078,335.7408340024406,1.2634484437633857,3,36.50725752506932,84.41444643131848,313.0031613710549,84.61538461538461,0.05
366,2025-04-02T20:00:00,CO,98.68575050350294,6321.175172193078,335.7408340024406,1.2634484437633857,3,36.50725752506932,84.41444643131848,313.0031613710549,93.46153846153847,0.05
366,2025-04-02T20:00:00,CO,98.68575050350294,6321.175172193078,335.7408340024406,1.2634484437633857,3,36.50725752506932,84.41444643131848,313.0031613710549,102.30769230769232,0.05
366,2025-04-02T20:00:00,CO,98.68575050350294,6321.175172193078,335.7408340024406,1.2634484437633857,3,36.50725752506932,84.41444643131848,313.0031613710549,111.15384615384616,0.05
366,2025-04-02T20:00:00,CO,98.68575050350294,6321.175172193078,335.7408340024406,1.2634484437633857,3,36.50725752506932,84.41444643131848,313.0031613710549,120.0,0.05
367,2025-04-03T02:00:00,NOx,73.27257601930947,5296.605990499556,321.50790026704857,1.4064009359228533,2,33.57487427724146,57.722756594314454,589.2476833972426,5.0,17.663155501527466
367,2025-04-03T02:00:00,NOx,73.27257601930947,5296.605990499556,321.50790026704857,1.4064009359228533,2,33.57487427724146,57.722756594314454,589.2476833972426,13.846153846153847,0.05
367,2025-04-03T02:00:00,NOx,73.27257601930947,5296.605990499556,321.50790026704857,1.4064009359228533,2,33.57487427724146,57.722756594314454,589.2476833972426,22.692307692307693,0.05
367,2025-04-03T02:00:00,NOx,73.27257601930947,5296.605990499556,321.50790026704857,1.4064009359228533,2,33.57487427724146,57.722756594314454,589.2476833972426,31.53846153846154,0.05
367,2025-04-03T02:00:00,NOx,73.27257601930947,5296.605990499556,321.50790026704857,1.4064009359228533,2,33.57487427724146,57.722756594314454,589.2476833972426,40.38461538461539,0.05
367,2025-04-03T02:00:00,NOx,73.27257601930947,5296.605990499556,321.50790026704857,1.4064009359228533,2,33.57487427724146,57.722756594314454,589.2476833972426,49.23076923076923,0.05
367,2025-04-03T02:00:00,NOx,73.27257601930947,5296.605990499556,321.50790026704857,1.4064009359228533,2,33.57487427724146,57.722756594314454,589.2476833972426,58.07692307692308,
367,2025-04-03T02:00:00,NOx,73.27257601930947,5296.605990499556,321.50790026704857,1.4064009359228533,2,33.57487427724146,57.722756594314454,589.2476833972426,66.92307692307693,0.05
367,2025-04-03T02:00:00,NOx,73.27257601930947,5296.605990499556,321.50790026704857,1.4064009359228533,2,33.57487427724146,57.722756594314454,589.2476833972426,75.76923076923077,0.05
367,2025-04-03T02:00:00,NOx,73.27257601930947,5296.605990499556,321.50790026704857,1.4064009359228533,2,33.57487427724146,57.722756594314454,589.2476833972426,84.61538461538461,0.05
367,2025-04-03T02:00:00,NOx,73.27257601930947,5296.605990499556,321.50790026704857,1.4064009359228533,2,33.57487427724146,57.722756594314454,589.2476833972426,93.46153846153847,0.05
367,2025-04-03T02:00:00,NOx,73.27257601930947,5296.605990499556,321.50790026704857,1.4064009359228533,2,33.57487427724146,57.722756594314454,589.2476833972426,102.30769230769232,0.05
367,2025-04-03T02:00:00,NOx,73.27257601930947,5296.605990499556,321.50790026704857,1.4064009359228533,2,33.57487427724146,57.722756594314454,589.2476833972426,111.15384615384616,0.05
367,2025-04-03T02:00:00,NOx,73.27257601930947,5296.605990499556,321.50790026704857,1.4064009359228533,2,33.57487427724146,57.722756594314454,589.2476833972426,120.0,0.05
368,2025-04-03T08:00:00,NOx,118.32724775542654,7128.759172447185,63.20821201471526,0.3889190152019085,1,31.58469825496943,70.14814710002916,553.5804558410115,5.0,9.578846103368038
368,2025-04-03T08:00:00,NOx,118.32724775542654,7128.759172447185,63.20821201471526,0.3889190152019085,1,31.58469825496943,70.14814710002916,553.5804558410115,13.846153846153847,0.05
368,2025-04-03T08:00:00,NOx,118.32724775542654,7128.759172447185,63.20821201471526,0.3889190152019085,1,31.58469825496943,70.14814710002916,553.5804558410115,22.692307692307693,0.05
368,2025-04-03T08:00:00,NOx,118.32724775542654,7128.759172447185,63.20821201471526,0.3889190152019085,1,31.58469825496943,70.14814710002916,553.5804558410115,31.53846153846154,0.05
368,2025-04-03T08:00:00,NOx,118.32724775542654,7128.759172447185,63.20821201471526,0.3889190152019085,1,31.58469825496943,70.14814710002916,553.5804558410115,40.38461538461539,0.05
368,2025-04-03T08:00:00,NOx,118.32724775542654,7128.759172447185,63.20821201471526,0.3889190152019085,1,31.58469825496943,70.14814710002916,553.5804558410115,49.23076923076923,0.05
368,2025-04-03T08:00:00,NOx,118.32724775542654,7128.759172447185,63.20821201471526,0.3889190152019085,1,31.58469825496943,70.14814710002916,553.5804558410115,58.07692307692308,0.05
368,2025-04-03T08:00:00,NOx,118.32724775542654,7128.759172447185,63.20821201471526,0.3889190152019085,1,31.58469825496943,70.14814710002916,553.5804558410115,66.92307692307693,0.05
368,2025-04-03T08:00:00,NOx,118.32724775542654,7128.759172447185,63.20821201471526,0.3889190152019085,1,31.58469825496943,70.14814710002916,553.5804558410115,75.76923076923077,0.05
368,2025-04-03T08:00:00,NOx,118.32724775542654,7128.759172447185,63.20821201471526,0.3889190152019085,1,31.58469825496943,70.14814710002916,553.5804558410115,84.61538461538461,0.05
368,2025-04-03T08:00:00,NOx,118.32724775542654,7128.759172447185,63.20821201471526,0.3889190152019085,1,31.58469825496943,70.14814710002916,553.5804558410115,93.46153846153847,0.05
368,2025-04-03T08:00:00,NOx,118.32724775542654,7128.759172447185,63.20821201471526,0.3889190152019085,1,31.58469825496943,70.14814710002916,553.5804558410115,102.30769230769232,0.05
368,2025-04-03T08:00:00,NOx,118.32724775542654,7128.759172447185,63.20821201471526,0.3889190152019085,1,31.58469825496943,70.14814710002916,553.5804558410115,111.15384615384616,0.05
368,2025-04-03T08:00:00,NOx,118.32724775542654,7128.759172447185,63.20821201471526,0.3889190152019085,1,31.58469825496943,70.14814710002916,553.5804558410115,120.0,0.05
369,2025-04-03T14:00:00,SO2,104.34755246743146,4504.940058004834,342.6229087853147,1.0053125190734526,4,29.852566489840232,53.64550511550771,496.1984724563425,5.0,0.5854408224925263
369,2025-04-03T14:00:00,SO2,104.34755246743146,4504.940058004834,342.6229087853147,1.0053125190734526,4,29.852566489840232,53.64550511550771,496.1984724563425,13.846153846153847,0.05
369,2025-04-03T14:00:00,SO2,104.34755246743146,4504.940058004834,342.6229087853147,1.0053125190734526,4,29.852566489840232,53.64550511550771,496.1984724563425,22.692307692307693,0.05
369,2025-04-03T14:00:00,SO2,104.34755246743146,4504.940058004834,342.6229087853147,1.0053125190734526,4,29.852566489840232,53.64550511550771,496.1984724563425,31.53846153846154,0.05
369,2025-04-03T14:00:00,SO2,104.34755246743146,4504.940058004834,342.6229087853147,1.0053125190734526,4,,53.64550511550771,496.1984724563425,40.38461538461539,0.05
369,2025-04-03T14:00:00,SO2,104.34755246743146,4504.940058004834,342.6229087853147,1.0053125190734526,4,29.852566489840232,53.64550511550771,496.1984724563425,49.23076923076923,0.05
369,2025-04-03T14:00:00,SO2,104.34755246743146,4504.940058004834,342.6229087853147,1.0053125190734526,4,29.852566489840232,53.64550511550771,496.1984724563425,58.07692307692308,0.05
369,2025-04-03T14:00:00,SO2,104.34755246743146,4504.940058004834,342.6229087853147,1.0053125190734526,4,29.852566489840232,53.64550511550771,496.1984724563425,66.92307692307693,0.05
369,2025-04-03T14:00:00,SO2,104.34755246743146,4504.940058004834,342.6229087853147,1.0053125190734526,4,29.852566489840232,53.64550511550771,496.1984724563425,75.76923076923077,0.05
369,2025-04-03T14:00:00,SO2,104.34755246743146,4504.940058004834,342.6229087853147,1.0053125190734526,4,29.852566489840232,53.64550511550771,496.1984724563425,84.61538461538461,0.05
369,2025-04-03T14:00:00,SO2,104.34755246743146,4504.940058004834,342.6229087853147,1.0053125190734526,4,29.852566489840232,53.64550511550771,496.1984724563425,93.46153846153847,0.05
369,2025-04-03T14:00:00,SO2,104.34755246743146,4504.940058004834,342.6229087853147,1.0053125190734526,4,29.852566489840232,53.64550511550771,496.1984724563425,102.30769230769232,0.05
369,2025-04-03T14:00:00,SO2,104.34755246743146,4504.940058004834,342.6229087853147,1.0053125190734526,4,29.852566489840232,53.64550511550771,496.1984724563425,111.15384615384616,0.05
369,2025-04-03T14:00:00,SO2,104.34755246743146,4504.940058004834,342.6229087853147,1.0053125190734526,4,29.852566489840232,53.64550511550771,496.1984724563425,120.0,0.05
370,2025-04-03T20:00:00,SO2,114.47517711015416,4308.27378163852,392.6421775434657,1.3198380985043492,1,35.925615425838444,48.05140059521847,344.0417740744102,5.0,0.5261372736699563
370,2025-04-03T20:00:00,SO2,114.47517711015416,4308.27378163852,392.6421775434657,1.3198380985043492,1,35.925615425838444,48.05140059521847,344.0417740744102,13.846153846153847,0.05
370,2025-04-03T20:00:00,SO2,114.47517711015416,4308.27378163852,392.6421775434657,1.3198380985043492,1,35.925615425838444,48.05140059521847,344.0417740744102,22.692307692307693,0.05
370,2025-04-03T20:00:00,SO2,114.47517711015416,4308.27378163852,392.6421775434657,1.3198380985043492,1,35.925615425838444,48.05140059521847,344.0417740744102,31.53846153846154,0.05
370,2025-04-03T20:00:00,SO2,114.47517711015416,4308.27378163852,392.6421775434657,1.3198380985043492,1,35.925615425838444,48.05140059521847,344.0417740744102,40.38461538461539,0.05
370,2025-04-03T20:00:00,SO2,114.47517711015416,4308.27378163852,392.6421775434657,1.3198380985043492,1,35.925615425838444,48.05140059521847,344.0417740744102,49.23076923076923,0.05
370,2025-04-03T20:00:00,SO2,114.47517711015416,4308.27378163852,392.6421775434657,1.3198380985043492,1,35.925615425838444,48.05140059521847,344.0417740744102,58.07692307692308,0.05
370,2025-04-03T20:00:00,SO2,114.47517711015416,4308.27378163852,392.6421775434657,1.3198380985043492,1,35.925615425838444,48.05140059521847,344.0417740744102,66.92307692307693,0.05
370,2025-04-03T20:00:00,SO2,114.47517711015416,4308.27378163852,392.6421775434657,1.3198380985043492,1,35.925615425838444,48.05140059521847,344.0417740744102,75.76923076923077,0.05
370,2025-04-03T20:00:00,SO2,114.47517711015416,4308.27378163852,392.6421775434657,1.3198380985043492,1,35.925615425838444,48.05140059521847,344.0417740744102,84.61538461538461,0.05
370,2025-04-03T20:00:00,SO2,114.47517711015416,4308.27378163852,392.6421775434657,1.3198380985043492,1,35.925615425838444,48.05140059521847,344.0417740744102,93.46153846153847,0.05
370,2025-04-03T20:00:00,SO2,114.47517711015416,4308.27378163852,392.6421775434657,1.3198380985043492,1,35.925615425838444,48.05140059521847,344.0417740744102,102.30769230769232,0.05
370,2025-04-03T20:00:00,SO2,114.47517711015416,4308.27378163852,392.6421775434657,1.3198380985043492,1,35.925615425838444,48.05140059521847,344.0417740744102,111.15384615384616,0.05
370,2025-04-03T20:00:00,SO2,114.47517711015416,4308.27378163852,392.6421775434657,1.3198380985043492,1,35.925615425838444,48.05140059521847,344.0417740744102,120.0,0.05
371,2025-04-04T02:00:00,NOx,30.81202467095798,8577.691256258211,105.19997064204782,0.4354852065756233,3,20.947265330494915,60.94470813726009,631.8810141762184,5.0,255.15123309945116
371,2025-04-04T02:00:00,NOx,30.81202467095798,8577.691256258211,105.19997064204782,0.4354852065756233,3,20.947265330494915,60.94470813726009,631.8810141762184,13.846153846153847,48.36218254253488
371,2025-04-04T02:00:00,NOx,30.81202467095798,8577.691256258211,105.19997064204782,0.4354852065756233,3,20.947265330494915,60.94470813726009,631.8810141762184,22.692307692307693,7.2161729983453995
371,2025-04-04T02:00:00,NOx,30.81202467095798,8577.691256258211,105.19997064204782,0.4354852065756233,3,20.947265330494915,60.94470813726009,631.8810141762184,31.53846153846154,1.1509051345691426
371,2025-04-04T02:00:00,NOx,30.81202467095798,8577.691256258211,105.19997064204782,0.4354852065756233,3,20.947265330494915,60.94470813726009,631.8810141762184,40.38461538461539,0.2499928455201282
371,2025-04-04T02:00:00,NOx,30.81202467095798,8577.691256258211,105.19997064204782,0.4354852065756233,3,20.947265330494915,60.94470813726009,631.8810141762184,49.23076923076923,0.05
371,2025-04-04T02:00:00,NOx,30.81202467095798,8577.691256258211,105.19997064204782,0.4354852065756233,3,20.947265330494915,60.94470813726009,631.8810141762184,58.07692307692308,0.05
371,2025-04-04T02:00:00,NOx,30.81202467095798,8577.691256258211,105.19997064204782,0.4354852065756233,3,20.947265330494915,60.94470813726009,631.8810141762184,66.92307692307693,0.05
371,2025-04-04T02:00:00,NOx,30.81202467095798,8577.691256258211,105.19997064204782,0.4354852065756233,3,,60.94470813726009,631.8810141762184,75.76923076923077,0.05
371,2025-04-04T02:00:00,NOx,30.81202467095798,8577.691256258211,105.19997064204782,0.4354852065756233,3,20.947265330494915,60.94470813726009,631.8810141762184,84.61538461538461,0.05
371,2025-04-04T02:00:00,NOx,30.81202467095798,8577.691256258211,105.19997064204782,0.4354852065756233,3,20.947265330494915,60.94470813726009,631.8810141762184,93.46153846153847,0.05
371,2025-04-04T02:00:00,NOx,30.81202467095798,8577.691256258211,105.19997064204782,0.4354852065756233,3,20.947265330494915,60.94470813726009,631.8810141762184,102.30769230769232,0.05
371,2025-04-04T02:00:00,NOx,30.81202467095798,8577.691256258211,105.19997064204782,0.4354852065756233,3,20.947265330494915,60.94470813726009,631.8810141762184,111.15384615384616,0.05
371,2025-04-04T02:00:00,NOx,30.81202467095798,8577.691256258211,105.19997064204782,0.4354852065756233,3,20.947265330494915,60.94470813726009,631.8810141762184,120.0,
372,2025-04-04T08:00:00,CO,53.84152520666682,10356.1443633482,280.3034561752695,0.3411971328391044,2,19.80663366056185,49.372846840506405,346.67530815052095,5.0,96.13031400727925
372,2025-04-04T08:00:00,CO,53.84152520666682,10356.1443633482,280.3034561752695,0.3411971328391044,2,19.80663366056185,49.372846840506405,346.67530815052095,13.846153846153847,7.596024346105501
372,2025-04-04T08:00:00,CO,53.84152520666682,10356.1443633482,280.3034561752695,0.3411971328391044,2,19.80663366056185,49.372846840506405,346.67530815052095,22.692307692307693,0.8612944758482705
372,2025-04-04T08:00:00,CO,53.84152520666682,10356.1443633482,280.3034561752695,0.3411971328391044,2,19.80663366056185,49.372846840506405,346.67530815052095,31.53846153846154,0.0874572070353447
372,2025-04-04T08:00:00,CO,53.84152520666682,10356.1443633482,280.3034561752695,0.3411971328391044,2,19.80663366056185,49.372846840506405,346.67530815052095,40.38461538461539,0.05
372,2025-04-04T08:00:00,CO,53.84152520666682,10356.1443633482,280.3034561752695,0.3411971328391044,2,19.80663366056185,49.372846840506405,346.67530815052095,49.23076923076923,0.05
372,2025-04-04T08:00:00,CO,53.84152520666682,10356.1443633482,280.3034561752695,0.3411971328391044,2,19.80663366056185,49.372846840506405,346.67530815052095,58.07692307692308,0.05
372,2025-04-04T08:00:00,CO,53.84152520666682,10356.1443633482,280.3034561752695,0.3411971328391044,2,19.80663366056185,49.372846840506405,346.67530815052095,66.92307692307693,0.05
372,2025-04-04T08:00:00,CO,53.84152520666682,10356.1443633482,280.3034561752695,0.3411971328391044,2,19.80663366056185,49.372846840506405,346.67530815052095,75.76923076923077,0.05
372,2025-04-04T08:00:00,CO,53.84152520666682,10356.1443633482,280.3034561752695,0.3411971328391044,2,19.80663366056185,49.372846840506405,346.67530815052095,84.61538461538461,0.05
372,2025-04-04T08:00:00,CO,53.84152520666682,10356.1443633482,280.3034561752695,0.3411971328391044,2,19.80663366056185,49.372846840506405,346.67530815052095,93.46153846153847,0.05
372,2025-04-04T08:00:00,CO,53.84152520666682,10356.1443633482,280.3034561752695,0.3411971328391044,2,19.80663366056185,49.372846840506405,346.67530815052095,102.30769230769232,0.05
372,2025-04-04T08:00:00,CO,53.84152520666682,10356.1443633482,280.3034561752695,0.3411971328391044,2,19.80663366056185,49.372846840506405,346.67530815052095,111.15384615384616,0.05
372,2025-04-04T08:00:00,CO,53.84152520666682,10356.1443633482,280.3034561752695,0.3411971328391044,2,19.80663366056185,49.372846840506405,346.67530815052095,120.0,0.05
373,2025-04-04T14:00:00,NOx,95.90756547112585,1203.8782215597282,359.1074938055182,1.2036236377455367,2,33.03973776336723,39.68370236294203,339.13254617500615,5.0,0.05
373,2025-04-04T14:00:00,NOx,95.90756547112585,1203.8782215597282,359.1074938055182,1.2036236377455367,2,33.03973776336723,39.68370236294203,339.13254617500615,13.846153846153847,0.05
373,2025-04-04T14:00:00,NOx,95.90756547112585,1203.8782215597282,359.1074938055182,1.2036236377455367,2,33.03973776336723,39.68370236294203,339.13254617500615,22.692307692307693,0.05
373,2025-04-04T14:00:00,NOx,95.90756547112585,1203.8782215597282,359.1074938055182,1.2036236377455367,2,33.03973776336723,39.68370236294203,339.13254617500615,31.53846153846154,0.05
373,2025-04-04T14:00:00,NOx,95.90756547112585,1203.8782215597282,359.1074938055182,1.2036236377455367,2,33.03973776336723,39.68370236294203,339.13254617500615,40.38461538461539,0.05
373,2025-04-04T14:00:00,NOx,95.90756547112585,1203.8782215597282,359.1074938055182,1.2036236377455367,2,33.03973776336723,39.68370236294203,339.13254617500615,49.23076923076923,0.05
373,2025-04-04T14:00:00,NOx,95.90756547112585,1203.8782215597282,359.1074938055182,1.2036236377455367,2,33.03973776336723,39.68370236294203,339.13254617500615,58.07692307692308,0.05
373,2025-04-04T14:00:00,NOx,95.90756547112585,1203.8782215597282,359.1074938055182,1.2036236377455367,2,33.03973776336723,39.68370236294203,339.13254617500615,66.92307692307693,0.05
373,2025-04-04T14:00:00,NOx,95.90756547112585,1203.8782215597282,359.1074938055182,1.2036236377455367,2,33.03973776336723,39.68370236294203,339.13254617500615,75.76923076923077,0.05
373,2025-04-04T14:00:00,NOx,95.90756547112585,1203.8782215597282,359.1074938055182,1.2036236377455367,2,,39.68370236294203,339.13254617500615,84.61538461538461,0.05
373,2025-04-04T14:00:00,NOx,95.90756547112585,1203.8782215597282,359.1074938055182,1.2036236377455367,2,33.03973776336723,39.68370236294203,339.13254617500615,93.46153846153847,0.05
373,2025-04-04T14:00:00,NOx,95.90756547112585,1203.8782215597282,359.1074938055182,1.2036236377455367,2,33.03973776336723,39.68370236294203,339.13254617500615,102.30769230769232,0.05
373,2025-04-04T14:00:00,NOx,95.90756547112585,1203.8782215597282,359.1074938055182,1.2036236377455367,2,33.03973776336723,39.68370236294203,339.13254617500615,111.15384615384616,0.05
373,2025-04-04T14:00:00,NOx,95.90756547112585,1203.8782215597282,359.1074938055182,1.2036236377455367,2,33.03973776336723,39.68370236294203,339.13254617500615,120.0,0.05
374,2025-04-04T20:00:00,CO,66.0778758164656,7751.217096995779,200.35472982423977,0.8322608470119652,4,28.706945968348233,38.16737402617278,699.3199257621376,5.0,64.81629380472489
374,2025-04-04T20:00:00,CO,66.0778758164656,7751.217096995779,200.35472982423977,0.8322608470119652,4,28.706945968348233,38.16737402617278,699.3199257621376,13.846153846153847,1.136866573971026
374,2025-04-04T20:00:00,CO,66.0778758164656,7751.217096995779,200.35472982423977,0.8322608470119652,4,28.706945968348233,38.16737402617278,699.3199257621376,22.692307692307693,0.05
374,2025-04-04T20:00:00,CO,66.0778758164656,7751.217096995779,200.35472982423977,0.8322608470119652,4,28.706945968348233,38.16737402617278,699.3199257621376,31.53846153846154,0.05
374,2025-04-04T20:00:00,CO,66.0778758164656,7751.217096995779,200.35472982423977,0.8322608470119652,4,28.706945968348233,38.16737402617278,699.3199257621376,40.38461538461539,0.05
374,2025-04-04T20:00:00,CO,66.0778758164656,7751.217096995779,200.35472982423977,0.8322608470119652,4,,38.16737402617278,699.3199257621376,49.23076923076923,0.05
374,2025-04-04T20:00:00,CO,66.0778758164656,7751.217096995779,200.35472982423977,0.8322608470119652,4,28.706945968348233,38.16737402617278,699.3199257621376,58.07692307692308,0.05
374,2025-04-04T20:00:00,CO,66.0778758164656,7751.217096995779,200.35472982423977,0.8322608470119652,4,28.706945968348233,38.16737402617278,699.3199257621376,66.92307692307693,0.05
374,2025-04-04T20:00:00,CO,66.0778758164656,7751.217096995779,200.35472982423977,0.8322608470119652,4,28.706945968348233,38.16737402617278,699.3199257621376,75.76923076923077,0.05
374,2025-04-04T20:00:00,CO,66.0778758164656,7751.217096995779,200.35472982423977,0.8322608470119652,4,28.706945968348233,38.16737402617278,699.3199257621376,84.61538461538461,0.05
374,2025-04-04T20:00:00,CO,66.0778758164656,7751.217096995779,200.35472982423977,0.8322608470119652,4,28.706945968348233,38.16737402617278,699.3199257621376,93.46153846153847,0.05
374,2025-04-04T20:00:00,CO,66.0778758164656,7751.217096995779,200.35472982423977,0.8322608470119652,4,28.706945968348233,38.16737402617278,699.3199257621376,102.30769230769232,0.05
374,2025-04-04T20:00:00,CO,66.0778758164656,7751.217096995779,200.35472982423977,0.8322608470119652,4,28.706945968348233,38.16737402617278,699.3199257621376,111.15384615384616,0.05
374,2025-04-04T20:00:00,CO,66.0778758164656,7751.217096995779,200.35472982423977,0.8322608470119652,4,28.706945968348233,38.16737402617278,699.3199257621376,120.0,0.05
375,2025-04-05T02:00:00,SO2,115.5179517266058,3239.7282412598665,37.47987028726165,0.8403031272464437,1,36.67217925983162,33.29952033230553,129.06099735429478,5.0,0.05
375,2025-04-05T02:00:00,SO2,115.5179517266058,3239.7282412598665,37.47987028726165,0.8403031272464437,1,36.67217925983162,33.29952033230553,129.06099735429478,13.846153846153847,0.05
375,2025-04-05T02:00:00,SO2,115.5179517266058,3239.7282412598665,37.47987028726165,0.8403031272464437,1,36.67217925983162,33.29952033230553,129.06099735429478,22.692307692307693,0.05
375,2025-04-05T02:00:00,SO2,115.5179517266058,3239.7282412598665,37.47987028726165,0.8403031272464437,1,36.67217925983162,33.29952033230553,129.06099735429478,31.53846153846154,0.05
375,2025-04-05T02:00:00,SO2,115.5179517266058,3239.7282412598665,37.47987028726165,0.8403031272464437,1,36.67217925983162,33.29952033230553,129.06099735429478,40.38461538461539,0.05
375,2025-04-05T02:00:00,SO2,115.5179517266058,3239.7282412598665,37.47987028726165,0.8403031272464437,1,36.67217925983162,33.29952033230553,129.06099735429478,49.23076923076923,0.05
375,2025-04-05T02:00:00,SO2,115.5179517266058,3239.7282412598665,37.47987028726165,0.8403031272464437,1,36.67217925983162,33.29952033230553,129.06099735429478,58.07692307692308,0.05
375,2025-04-05T02:00:00,SO2,115.5179517266058,3239.7282412598665,37.47987028726165,0.8403031272464437,1,36.67217925983162,33.29952033230553,129.06099735429478,66.92307692307693,0.05
375,2025-04-05T02:00:00,SO2,115.5179517266058,3239.7282412598665,37.47987028726165,0.8403031272464437,1,36.67217925983162,33.29952033230553,129.06099735429478,75.76923076923077,0.05
375,2025-04-05T02:00:00,SO2,115.5179517266058,3239.7282412598665,37.47987028726165,0.8403031272464437,1,36.67217925983162,33.29952033230553,129.06099735429478,84.61538461538461,0.05
375,2025-04-05T02:00:00,SO2,115.5179517266058,3239.7282412598665,37.47987028726165,0.8403031272464437,1,,33.29952033230553,129.06099735429478,93.46153846153847,0.05
375,2025-04-05T02:00:00,SO2,115.5179517266058,3239.7282412598665,37.47987028726165,0.8403031272464437,1,36.67217925983162,33.29952033230553,129.06099735429478,102.30769230769232,0.05
375,2025-04-05T02:00:00,SO2,115.5179517266058,3239.7282412598665,37.47987028726165,0.8403031272464437,1,36.67217925983162,33.29952033230553,129.06099735429478,111.15384615384616,0.05
375,2025-04-05T02:00:00,SO2,115.5179517266058,3239.7282412598665,37.47987028726165,0.8403031272464437,1,36.67217925983162,33.29952033230553,129.06099735429478,120.0,0.05
376,2025-04-05T08:00:00,NOx,12.263442283768882,7726.905420968321,132.38296940299415,0.7565654161436942,1,29.147724420213915,47.119308649305815,167.23186739621428,5.0,121.00570193412018
376,2025-04-05T08:00:00,NOx,12.263442283768882,7726.905420968321,132.38296940299415,0.7565654161436942,1,29.147724420213915,47.119308649305815,167.23186739621428,13.846153846153847,51.34327272405393
376,2025-04-05T08:00:00,NOx,12.263442283768882,7726.905420968321,132.38296940299415,0.7565654161436942,1,29.147724420213915,47.119308649305815,167.23186739621428,22.692307692307693,23.886426387088715
376,2025-04-05T08:00:00,NOx,12.263442283768882,7726.905420968321,132.38296940299415,0.7565654161436942,1,29.147724420213915,47.119308649305815,167.23186739621428,31.53846153846154,13.478039581666183
376,2025-04-05T08:00:00,NOx,12.263442283768882,7726.905420968321,132.38296940299415,0.7565654161436942,1,29.147724420213915,47.119308649305815,167.23186739621428,40.38461538461539,5.816747651739374
376,2025-04-05T08:00:00,NOx,12.263442283768882,7726.905420968321,132.38296940299415,0.7565654161436942,1,29.147724420213915,47.119308649305815,167.23186739621428,49.23076923076923,3.017107370940315
376,2025-04-05T08:00:00,NOx,12.263442283768882,7726.905420968321,132.38296940299415,0.7565654161436942,1,29.147724420213915,47.119308649305815,167.23186739621428,58.07692307692308,1.2557405829362374
376,2025-04-05T08:00:00,NOx,12.263442283768882,7726.905420968321,132.38296940299415,0.7565654161436942,1,29.147724420213915,47.119308649305815,167.23186739621428,66.92307692307693,0.7076869490151567
376,2025-04-05T08:00:00,NOx,12.263442283768882,7726.905420968321,132.38296940299415,0.7565654161436942,1,29.147724420213915,47.119308649305815,167.23186739621428,75.76923076923077,0.3112251598030601
376,2025-04-05T08:00:00,NOx,12.263442283768882,7726.905420968321,132.38296940299415,0.7565654161436942,1,29.147724420213915,47.119308649305815,167.23186739621428,84.61538461538461,0.15089064485710413
376,2025-04-05T08:00:00,NOx,12.263442283768882,7726.905420968321,132.38296940299415,0.7565654161436942,1,29.147724420213915,47.119308649305815,167.23186739621428,93.46153846153847,
376,2025-04-05T08:00:00,NOx,12.263442283768882,7726.905420968321,132.38296940299415,0.7565654161436942,1,29.147724420213915,,167.23186739621428,102.30769230769232,0.05
376,2025-04-05T08:00:00,NOx,12.263442283768882,7726.905420968321,132.38296940299415,0.7565654161436942,1,29.147724420213915,47.119308649305815,167.23186739621428,111.15384615384616,0.05
376,2025-04-05T08:00:00,NOx,12.263442283768882,7726.905420968321,132.38296940299415,0.7565654161436942,1,29.147724420213915,47.119308649305815,167.23186739621428,120.0,0.05
377,2025-04-05T14:00:00,NOx,80.97856118973698,10057.693701089156,280.6931934341219,1.2605840301996913,3,23.619561036594696,83.60570426898832,64.24187841214199,5.0,6.052111612297018
377,2025-04-05T14:00:00,NOx,80.97856118973698,10057.693701089156,280.6931934341219,1.2605840301996913,3,23.619561036594696,,64.24187841214199,13.846153846153847,0.09728498022614332
377,2025-04-05T14:00:00,NOx,80.97856118973698,10057.693701089156,280.6931934341219,1.2605840301996913,3,23.619561036594696,83.60570426898832,64.24187841214199,22.692307692307693,0.05
377,2025-04-05T14:00:00,NOx,80.97856118973698,10057.693701089156,280.6931934341219,1.2605840301996913,3,23.619561036594696,83.60570426898832,64.24187841214199,31.53846153846154,0.05
377,2025-04-05T14:00:00,NOx,80.97856118973698,10057.693701089156,280.6931934341219,1.2605840301996913,3,23.619561036594696,83.60570426898832,64.24187841214199,40.38461538461539,0.05
377,2025-04-05T14:00:00,NOx,80.97856118973698,10057.693701089156,280.6931934341219,1.2605840301996913,3,23.619561036594696,83.60570426898832,64.24187841214199,49.23076923076923,0.05
377,2025-04-05T14:00:00,NOx,80.97856118973698,10057.693701089156,280.6931934341219,1.2605840301996913,3,23.619561036594696,83.60570426898832,64.24187841214199,58.07692307692308,0.05
377,2025-04-05T14:00:00,NOx,80.97856118973698,10057.693701089156,280.6931934341219,1.2605840301996913,3,23.619561036594696,83.60570426898832,64.24187841214199,66.92307692307693,0.05
377,2025-04-05T14:00:00,NOx,80.97856118973698,10057.693701089156,280.6931934341219,1.2605840301996913,3,23.619561036594696,83.60570426898832,64.24187841214199,75.76923076923077,0.05
377,2025-04-05T14:00:00,NOx,80.97856118973698,10057.693701089156,280.6931934341219,1.2605840301996913,3,,83.60570426898832,64.24187841214199,84.61538461538461,0.05
377,2025-04-05T14:00:00,NOx,80.97856118973698,10057.693701089156,280.6931934341219,1.2605840301996913,3,23.619561036594696,83.60570426898832,64.24187841214199,93.46153846153847,0.05
377,2025-04-05T14:00:00,NOx,80.97856118973698,10057.693701089156,280.6931934341219,1.2605840301996913,3,23.619561036594696,83.60570426898832,64.24187841214199,102.30769230769232,0.05
377,2025-04-05T14:00:00,NOx,80.97856118973698,10057.693701089156,280.6931934341219,1.2605840301996913,3,23.619561036594696,83.60570426898832,64.24187841214199,111.15384615384616,0.05
377,2025-04-05T14:00:00,NOx,80.97856118973698,10057.693701089156,280.6931934341219,1.2605840301996913,3,23.619561036594696,83.60570426898832,64.24187841214199,120.0,0.05
378,2025-04-05T20:00:00,CO,88.18894786146217,2124.888571614728,260.0794595865434,1.189610100983527,3,26.974827982913638,66.04911621915039,716.1955507696861,5.0,0.05
378,2025-04-05T20:00:00,CO,88.18894786146217,2124.888571614728,260.0794595865434,1.189610100983527,3,26.974827982913638,66.04911621915039,716.1955507696861,13.846153846153847,
378,2025-04-05T20:00:00,CO,88.18894786146217,2124.888571614728,260.0794595865434,1.189610100983527,3,26.974827982913638,66.04911621915039,716.1955507696861,22.692307692307693,0.05
378,2025-04-05T20:00:00,CO,88.18894786146217,2124.888571614728,260.0794595865434,1.189610100983527,3,26.974827982913638,66.04911621915039,716.1955507696861,31.53846153846154,0.05
378,2025-04-05T20:00:00,CO,88.18894786146217,2124.888571614728,260.0794595865434,1.189610100983527,3,26.974827982913638,66.04911621915039,716.1955507696861,40.38461538461539,0.05
378,2025-04-05T20:00:00,CO,88.18894786146217,2124.888571614728,260.0794595865434,1.189610100983527,3,26.974827982913638,66.04911621915039,716.1955507696861,49.23076923076923,0.05
378,2025-04-05T20:00:00,CO,88.18894786146217,2124.888571614728,260.0794595865434,1.189610100983527,3,26.974827982913638,66.04911621915039,716.1955507696861,58.07692307692308,0.05
378,2025-04-05T20:00:00,CO,88.18894786146217,2124.888571614728,260.0794595865434,1.189610100983527,3,26.974827982913638,66.04911621915039,716.1955507696861,66.92307692307693,0.05
378,2025-04-05T20:00:00,CO,88.18894786146217,2124.888571614728,260.0794595865434,1.189610100983527,3,26.974827982913638,66.04911621915039,716.1955507696861,75.76923076923077,0.05
378,2025-04-05T20:00:00,CO,88.18894786146217,2124.888571614728,260.0794595865434,1.189610100983527,3,26.974827982913638,66.04911621915039,716.1955507696861,84.61538461538461,0.05
378,2025-04-05T20:00:00,CO,88.18894786146217,2124.888571614728,260.0794595865434,1.189610100983527,3,26.974827982913638,66.04911621915039,716.1955507696861,93.46153846153847,0.05
378,2025-04-05T20:00:00,CO,88.18894786146217,2124.888571614728,260.0794595865434,1.189610100983527,3,26.974827982913638,66.04911621915039,716.1955507696861,102.30769230769232,0.05
378,2025-04-05T20:00:00,CO,88.18894786146217,2124.888571614728,260.0794595865434,1.189610100983527,3,26.974827982913638,66.04911621915039,716.1955507696861,111.15384615384616,0.05
378,2025-04-05T20:00:00,CO,88.18894786146217,2124.888571614728,260.0794595865434,1.189610100983527,3,26.974827982913638,66.04911621915039,716.1955507696861,120.0,0.05
379,2025-04-06T02:00:00,CO,20.54625920767012,4568.435057819343,415.3977257055868,0.7876693372435761,0,35.75024430403849,52.74603475790518,259.5282194367958,5.0,110.71975032338706
379,2025-04-06T02:00:00,CO,20.54625920767012,4568.435057819343,415.3977257055868,0.7876693372435761,0,35.75024430403849,52.74603475790518,259.5282194367958,13.846153846153847,19.54869912343042
379,2025-04-06T02:00:00,CO,20.54625920767012,4568.435057819343,415.3977257055868,0.7876693372435761,0,35.75024430403849,52.74603475790518,259.5282194367958,22.692307692307693,4.694531403612579
379,2025-04-06T02:00:00,CO,20.54625920767012,4568.435057819343,415.3977257055868,0.7876693372435761,0,35.75024430403849,52.74603475790518,259.5282194367958,31.53846153846154,0.8355944337785988
379,2025-04-06T02:00:00,CO,20.54625920767012,4568.435057819343,415.3977257055868,0.7876693372435761,0,35.75024430403849,,259.5282194367958,40.38461538461539,0.19000191174385733
379,2025-04-06T02:00:00,CO,20.54625920767012,4568.435057819343,415.3977257055868,0.7876693372435761,0,35.75024430403849,52.74603475790518,259.5282194367958,49.23076923076923,0.05
379,2025-04-06T02:00:00,CO,20.54625920767012,4568.435057819343,415.3977257055868,0.7876693372435761,0,35.75024430403849,52.74603475790518,259.5282194367958,58.07692307692308,0.05
379,2025-04-06T02:00:00,CO,20.54625920767012,4568.435057819343,415.3977257055868,0.7876693372435761,0,35.75024430403849,52.74603475790518,259.5282194367958,66.92307692307693,0.05
379,2025-04-06T02:00:00,CO,20.54625920767012,4568.435057819343,415.3977257055868,0.7876693372435761,0,35.75024430403849,52.74603475790518,259.5282194367958,75.76923076923077,0.05
379,2025-04-06T02:00:00,CO,20.54625920767012,4568.435057819343,415.3977257055868,0.7876693372435761,0,35.75024430403849,52.74603475790518,259.5282194367958,84.61538461538461,0.05
379,2025-04-06T02:00:00,CO,20.54625920767012,4568.435057819343,415.3977257055868,0.7876693372435761,0,35.75024430403849,52.74603475790518,259.5282194367958,93.46153846153847,0.05
379,2025-04-06T02:00:00,CO,20.54625920767012,4568.435057819343,415.3977257055868,0.7876693372435761,0,35.75024430403849,52.74603475790518,259.5282194367958,102.30769230769232,0.05
379,2025-04-06T02:00:00,CO,20.54625920767012,4568.435057819343,415.3977257055868,0.7876693372435761,0,35.75024430403849,52.74603475790518,259.5282194367958,111.15384615384616,0.05
379,2025-04-06T02:00:00,CO,20.54625920767012,4568.435057819343,415.3977257055868,0.7876693372435761,0,35.75024430403849,52.74603475790518,259.5282194367958,120.0,0.05
